tree
version=v4
num_class=1
num_tree_per_iteration=1
label_index=0
max_feature_idx=6
objective=lambdarank
feature_names=similarity vote_average log_popularity decade is_recent user_like_ratio user_interaction_count
feature_infos=[0.15000000000000002:1] [3.6000000000000001:9.3000000000000007] [1.809599387356386:5.9883471932053922] [0:5] [0:1] [0.10000000000000001:0.68181818181818177] [17:74]
tree_sizes=3406 3390 3372 3391 3394 3387 3385 3385 3408 3381 3405 3404 3391 3404 3387 3424 3388 3390 3389 3390 3418 3398 3398 3406 3409 3403 3407 3412 3380 3410 3401 3405 3386 3416 3399 3399 3391 3406 3421 3421 3109 3434 3420 3422 3402 3407 3422 3418 3428 3422 3107 3432 2790 3407 3408 3417 3430 3429 3342 3429 3433 3426 3434 3427 3340 3429 3416 3411 3434 3230 3410 3425 3417 3422 3433 3430 3427 3439 3426 3427 3416 3416 2598 3443 3428 3431 3430 3423 3430 3435 3433 3432 3425 3246 3329 3415 3436 3434 3447 3440 3441 3432 2272 3427 3426 3443 3440 3438 3440 3427 3432 3425 3436 3423 3436 3418 2488 3436 3220 3444 3423 3435 3437 3440 3467 3434 3228 3432 2925 3429 3440 3420 3435 3437 3426 3444 3461 2067 1958 3240 3437 3434 3437 3425 3445 3443 3439 3452 3435 3133 3417 3440 3436 3462 3337 3435 3439 3216 3444 3461 3433 2497 3445 3442 2707 3456 2828 2599 3348 3443 3436 3432 2800 3415 3435 3446 3448 3426 3456 3465 3428 2492 3434 3449 3431 2169 3338 1745 2918 2061 3215 3333 3433 3439 3428 2803 2810 3444 3339 3455

Tree=0
num_leaves=31
num_cat=0
split_feature=1 5 3 5 1 6 1 1 1 3 5 5 1 3 5 5 6 5 6 6 2 1 6 2 6 5 3 2 1 5
split_gain=7.49443 4.65611 3.31353 3.78792 2.05877 2.18781 1.65287 1.13006 1.05769 2.74999 6.08276 5.6277 2.70503 1.98667 3.62234 2.47432 1.61929 1.46966 1.63726 1.22749 1.07576 1.07548 0.970239 1.27561 0.886997 0.863731 0.813235 0.741428 0.711368 0.550735
threshold=6.1500000000000012 0.29337431693989074 1.0000000180025095e-35 0.38956639566395673 5.3500000000000005 37.000000000000007 5.3500000000000005 7.7500000000000009 7.5500000000000007 3.5000000000000004 0.39415279556124633 0.34698996655518399 7.6500000000000012 3.5000000000000004 0.37354651162790703 0.31293706293706297 44.500000000000007 0.42264752791068588 65.500000000000014 23.500000000000004 2.5296351104100774 7.3500000000000005 41.500000000000007 3.5775695247251433 33.500000000000007 0.31293706293706297 4.5000000000000009 3.0534585791611808 5.7500000000000009 0.18263888888888893
decision_type=2 2 2 2 2 2 2 2 2 2 2 2 2 2 2 2 2 2 2 2 2 2 2 2 2 2 2 2 2 2
left_child=1 6 3 7 -3 -6 27 -2 13 10 16 26 -13 17 15 -15 -10 21 -19 -12 -16 -4 -7 -24 -5 -9 -11 -1 -8 -30
right_child=2 4 8 24 5 22 28 25 9 11 19 12 -14 14 20 -17 -18 18 -20 -21 -22 -23 23 -25 -26 -27 -28 -29 29 -31
leaf_value=0.0053141491653940272 -0.027501024292187787 -0.078561566862066889 0.026323035594464368 -0.010796761739629131 -0.068521483655126544 0.02251033734497828 -0.046510510488375761 -0.0029660598255326193 0.034273168164214711 -0.011509305322930465 0.022690499813176283 -0.010190708123212962 0.02789746983876927 0.0027746812754822401 -0.056130471819113154 -0.029339815113312486 -0.00022699412490395288 -0.0070301233905694415 0.052255380477177593 -0.03340128780886361 0.013105930338139208 0.063200574768299364 -0.0083424278509102081 -0.055756514012059659 -0.071047682460602724 0.07528380758245562 -0.042006979299041652 0.082260046961731045 0.064226038729184115 -0.0030432082154589323
leaf_weight=0.45768026425503439 0.8184134555049235 3.3587067765183738 7.3883677015546727 0.74556466564536084 3.1118347132578474 1.208949720021337 0.82558292779140208 0.56858591828495242 5.8130049696192172 4.7760970471426827 1.0365510033443595 5.8439498892985311 23.039890530519187 14.266483646119015 0.56693183956667681 10.34845508285798 8.1972556000109744 5.2704516840167335 1.4948600044008342 16.519447386614047 53.90042951592477 2.6993660782463849 3.6851700579281896 2.3063289802521467 3.3806867855601013 0.92861141311004758 4.0304760835133493 0.99081870308145881 0.362059113569558 1.9060528692789374
leaf_count=11 34 79 227 22 55 34 24 22 138 137 27 165 742 475 22 307 267 158 53 476 1658 71 116 78 95 24 99 18 10 47
internal_value=0.000505664 -0.0299905 0.00374181 -0.0314387 -0.0445626 -0.0334892 0.0138681 0.0197424 0.00511372 0.000404891 -0.0104821 0.00952292 0.0201912 0.00851307 0.00519151 -0.0107267 0.0140875 0.0240994 0.00606957 -0.0300895 0.0123853 0.0361911 -0.0183492 -0.0265937 -0.0601611 0.0455671 -0.0254671 0.0579476 -0.00677028 0.00769499
internal_weight=189.847 18.2132 171.634 6.44186 13.671 10.3123 4.54219 2.31561 165.192 69.2567 31.5663 37.6904 28.8838 95.9353 79.0823 24.6149 14.0103 16.853 6.76531 17.556 54.4674 10.0877 7.20045 5.9915 4.12625 1.4972 8.80657 1.4485 3.09369 2.26811
internal_count=5691 472 5219 197 362 283 110 80 5022 2051 908 1143 907 2971 2462 782 405 509 211 503 1680 298 228 194 117 46 236 29 81 57
is_linear=0
shrinkage=0.05


Tree=1
num_leaves=31
num_cat=0
split_feature=0 0 1 1 3 3 5 5 2 1 1 5 2 0 5 1 5 2 0 1 5 5 0 5 5 1 5 2 0 5
split_gain=45.6193 13.946 14.5858 9.14898 7.15577 9.75104 9.02062 9.08782 6.49799 6.16452 5.85162 5.07458 5.02899 6.07941 5.63088 6.41024 4.86045 4.61062 4.34965 3.98772 3.9114 3.39646 5.20173 3.33963 3.33356 3.50307 2.6201 2.46707 2.25448 2.08541
threshold=0.46625000000000005 0.60832500000000012 8.0500000000000025 5.0500000000000007 4.5000000000000009 2.5000000000000004 0.37590579710144933 0.3053613053613054 2.7050789234063806 6.8500000000000005 6.3500000000000005 0.59411764705882364 4.0054454785074496 0.22875000000000001 0.34384236453201977 6.4500000000000011 0.44365079365079368 2.6064219431943121 0.88750000000000007 8.2500000000000018 0.27254641909814331 0.47420634920634924 0.67250000000000021 0.37354651162790703 0.24744897959183676 8.0500000000000025 0.25378787878787884 2.6690321316788999 0.55832500000000007 0.21807065217391305
decision_type=2 2 2 2 2 2 2 2 2 2 2 2 2 2 2 2 2 2 2 2 2 2 2 2 2 2 2 2 2 2
left_child=8 4 3 -3 5 6 7 -2 -1 11 23 -5 13 -10 15 -15 -12 -6 -11 -16 26 27 -23 -7 -19 -26 29 -22 -8 -4
right_child=1 2 20 9 17 10 28 -9 12 18 16 -13 -14 14 19 -17 -18 24 -20 -21 21 22 -24 -25 25 -27 -28 -29 -30 -31
leaf_value=-0.05677740975425169 -0.054934015118649593 0.072147450586618103 -0.022281267383669978 -0.0028102335809586437 0.064752986313162716 0.015369850131909737 -0.033701613268285184 0.047813590325434058 -0.060384276978741949 0.0097988063563447456 0.0082906741740845537 -0.069532647853691731 -0.063080492169433275 0.021482928222876955 -0.0021025374002621214 -0.05082434952055797 0.034511919057492207 -0.07702475938984138 0.032965115824039708 -0.042721661412662884 0.087681455756586341 -0.036971172135903736 0.044175635689606252 -0.059357827070313354 -0.0089017169058772435 -0.042883593574645669 -0.076916030656423495 0.049183812552808369 -0.079479205132081315 0.071482180050350619
leaf_weight=15.037383154965935 3.2894457168877143 6.0276036662980905 1.3228112822398541 33.93964858353138 1.7882470851764072 2.4314726796001187 5.9475005939602834 6.2240686444565654 7.810913353227078 90.104511989513412 40.903466630261391 3.1108812438324085 6.7323364540934554 3.7773539125919369 54.145443171728402 16.256578642874956 31.117981881834567 2.2073770840652278 26.140102634672076 6.801304946653544 4.8406218932941547 2.7594828363507968 6.9459631566423923 3.8824432375840843 47.026305219624192 9.0421632751822454 0.99052297137677658 29.663721512071788 4.9098688191734254 1.0748741962015627
leaf_count=189 46 39 18 635 23 32 119 41 69 1030 468 25 92 27 620 211 321 41 342 61 33 22 67 67 654 53 13 242 79 12
internal_value=0.00191748 0.0104263 0.0189793 0.0117235 -0.000720584 0.00755977 -0.0232577 0.012287 -0.0262262 0.0093476 0.0155738 -0.00841246 -0.0214169 -0.0182579 -0.0141946 -0.037191 0.01962 -0.0143281 0.0150082 -0.0066354 0.0432666 0.0472345 0.0211037 -0.0305804 -0.0167548 -0.014382 -0.00850793 0.0545847 -0.0544029 0.0197526
internal_weight=476.252 365.691 206.921 159.323 158.77 98.7062 20.3709 9.51351 110.561 153.295 78.3354 37.0505 95.5239 88.7916 80.9807 20.0339 72.0214 60.0641 116.245 60.9467 47.598 44.2098 9.70545 6.31392 58.2758 56.0685 3.38821 34.5043 10.8574 2.39769
internal_count=5691 4422 2478 2071 1944 1173 285 87 1269 2032 888 660 1080 988 919 238 789 771 1372 681 407 364 89 99 748 707 43 275 198 30
is_linear=0
shrinkage=0.05


Tree=2
num_leaves=31
num_cat=0
split_feature=0 1 0 0 5 1 1 5 1 3 6 0 5 5 5 1 6 6 5 6 5 3 5 5 6 6 0 0 5 6
split_gain=47.2722 16.3576 18.3298 7.46307 4.86635 5.72148 4.09197 7.32816 6.97405 3.89223 5.48241 3.83067 3.94093 3.48592 3.25944 3.09293 3.08351 2.79943 2.32077 2.15353 1.96357 3.09214 4.56995 2.82687 2.0659 1.5561 1.45703 1.1856 1.14959 0.930807
threshold=0.46625000000000005 8.0500000000000025 0.60832500000000012 0.96250000000000013 0.16859903381642513 6.5500000000000007 6.4500000000000011 0.31293706293706297 5.0500000000000007 4.5000000000000009 69.500000000000014 0.57250000000000012 0.28851224105461398 0.49305555555555564 0.36491677336747769 8.3500000000000032 32.500000000000007 68.500000000000014 0.56465997770345611 38.500000000000007 0.38548951048951058 4.5000000000000009 0.48331479421579543 0.40609253321117739 44.500000000000007 49.500000000000007 0.78167500000000012 0.30750000000000005 0.36914510317720278 38.500000000000007
decision_type=2 2 2 2 2 2 2 2 2 2 2 2 2 2 2 2 2 2 2 2 2 2 2 2 2 2 2 2 2 2
left_child=4 3 11 6 5 -1 7 8 -2 15 19 12 -3 17 -14 16 -4 -8 -15 -11 24 22 -22 -23 29 -26 -9 -6 -17 -5
right_child=1 2 9 20 27 -7 13 26 -10 10 -12 -13 14 18 -16 28 -18 -19 -20 -21 21 23 -24 -25 25 -27 -28 -29 -30 -31
leaf_value=0.074214508002268323 0.080731132344460332 -0.081616367310626908 -0.010615187821137214 0.024130359862901213 -0.060898378806107226 -0.079199993443648989 5.9100061448132905e-05 -0.044774218942886024 -0.0100177186659828 0.089214437708237518 -0.00012235638888027171 -0.064431842114292606 0.041642517979718047 0.022073833381451208 -0.0095172805313834402 0.031574741778804545 0.027844086987900276 -0.02467656949567305 0.0014231820880670123 0.05383205263694172 -0.036399052974123089 0.072979451969102979 0.073021981523099883 0.010880874371558859 0.081155752071834397 0.038789275247588906 -0.0026293612049225084 -0.040073412744651184 0.053109423370989318 -0.028097120112017444
leaf_weight=1.8821615707129233 2.8482405841350582 1.5487750470638335 6.7971396483480957 3.383362045511606 8.0201903935521823 0.89755031093955029 136.13720001745969 14.715912815649064 8.2474929383024556 5.9890486001968446 3.9821776263415805 3.1336575462482861 3.9585691634565618 30.047524992376566 14.580836398992686 11.801454209256919 22.344538212288171 12.487520793918518 24.862695395597257 15.253013871610163 4.7337181931361538 2.8748931027948856 1.1951382928527889 5.0552250472828746 3.0939485318958742 7.237021004781127 2.3828465621918431 46.230881947092712 13.050837407819925 1.1407348550856111
leaf_count=9 11 36 30 25 198 33 1845 370 141 18 15 60 27 394 181 58 142 288 335 53 63 19 18 42 18 66 60 1029 91 16
internal_value=0.00247166 0.00912231 0.0260489 0.0024646 -0.039846 0.024678 -0.000514796 -0.0183666 0.0132772 0.0375 0.0537151 -0.0130152 -0.0049945 0.00195811 0.00140646 0.0299248 0.0188737 -0.0020192 0.0127235 0.0638079 0.0265091 0.0129722 -0.014342 0.0333934 0.0391382 0.0514773 -0.038901 -0.0431521 0.0428834 0.0109614
internal_weight=419.914 362.884 102.44 260.443 57.0308 2.77971 231.729 28.1945 11.0957 79.2182 25.2242 23.2218 20.0882 203.535 18.5394 53.994 29.1417 148.625 54.9102 21.2421 28.714 13.859 5.92886 7.93012 14.8551 10.331 17.0988 54.2511 24.8523 4.5241
internal_count=5691 4422 711 3711 1269 42 3444 582 152 407 86 304 244 2862 208 321 172 2133 729 71 267 142 81 61 125 84 430 1227 149 41
is_linear=0
shrinkage=0.05


Tree=3
num_leaves=31
num_cat=0
split_feature=0 0 0 5 2 2 0 5 2 2 2 4 5 6 2 3 2 5 5 6 6 3 3 5 2 5 2 2 0 2
split_gain=35.1152 11.2338 8.3119 6.21311 3.92282 3.66908 4.59164 3.97401 3.44744 5.35769 4.30944 3.42703 3.68476 3.24866 3.05342 3.04713 2.79527 2.59114 2.5672 4.52204 2.54905 2.40047 2.34847 2.02641 1.89674 1.89249 1.676 2.75026 2.13529 1.28089
threshold=0.55832500000000007 0.96250000000000013 0.46625000000000005 0.16859903381642513 5.4024352020554556 3.2569227723197582 0.6316750000000001 0.48499103942652338 3.0607470985158929 3.0368495884589435 3.1062888222224907 1.0000000180025095e-35 0.45867486338797819 21.500000000000004 2.7913174313277689 1.0000000180025095e-35 3.0952929991690303 0.48331479421579543 0.39680527383367142 39.500000000000007 23.500000000000004 4.5000000000000009 4.5000000000000009 0.47987117552334951 2.6455007957016399 0.38348416289592763 3.5635952952329242 4.7168406480655465 0.63542500000000002 4.0537383911602278
decision_type=2 2 2 2 2 2 2 2 2 2 2 2 2 2 2 2 2 2 2 2 2 2 2 2 2 2 2 2 2 2
left_child=2 5 3 21 17 8 7 -7 9 20 16 15 -13 -12 -14 -4 -10 18 24 -20 -2 -1 25 -16 -3 -17 28 -28 -8 -9
right_child=1 4 11 -5 -6 6 26 29 10 -11 13 12 14 -15 23 22 -18 -19 19 -21 -22 -23 -24 -25 -26 -27 27 -29 -30 -31
leaf_value=0.053190194824687564 0.031664259188080246 0.071896521705983471 -0.064410771390951166 -0.045273018031776961 0.081706921609194003 -0.035400439301846137 -0.04609370843756095 0.016267718837549568 0.030767469566433531 -0.045729248934820638 -0.078477411739209024 -0.049278607053087904 0.082793278747894841 0.017906405856658463 0.076436839821722266 0.01074274145763242 0.085227562045692873 0.062382284207192766 0.052550437521905996 -0.015315245228037955 0.0073685045079089836 -0.049206155497402135 0.069359066417601242 -0.026752862745080985 0.028609536947753894 -0.01205111245381155 0.021456153859317671 -0.02107804662864747 0.0016474379977920565 -0.047217062407355175
leaf_weight=2.3468010341748591 11.889004813507198 2.8055185750126865 1.9058630955405522 39.195233761332929 3.8372457399964324 15.249138376675548 2.5566942933946875 6.7382232113741329 5.5444872463121992 4.5281274560838929 0.91021077334881084 9.676270565018056 0.9586290055885901 22.128405774012208 0.53657123539596785 16.467650445178151 4.0973769947886467 5.1719101946800938 3.506469562649726 8.1821049042046052 117.4141332579311 0.75697419419884671 1.1950223967432965 4.1984217427670956 25.830977132543921 20.370699213352054 23.510120715480301 4.5332897370681158 27.907929739449173 0.90074122184887517
leaf_count=29 79 16 47 1227 18 276 27 82 62 73 4 226 17 287 13 236 26 25 21 80 1569 13 14 108 161 300 307 72 256 20
internal_value=0.00282422 0.0113688 -0.0231961 -0.0398805 0.0331583 0.00703259 -0.0016675 -0.0206544 0.0112855 0.0077303 0.0258444 -0.0104364 -0.0304993 0.0140985 0.00141598 -0.00271548 0.0539107 0.0290637 0.0247904 0.00504386 0.00960242 0.0282169 0.000376085 -0.0150594 0.0328504 -0.0018617 0.00576011 0.0145804 -0.00235916 0.00878197
internal_weight=394.85 297.242 97.6081 42.299 49.3342 247.908 81.3961 22.8881 166.512 133.831 32.6805 55.3091 15.3699 23.0386 5.69362 39.9392 9.64186 45.497 40.3251 11.6886 129.303 3.10378 38.0334 4.73499 28.6365 36.8383 58.508 28.0434 30.4646 7.63896
internal_count=5691 3461 2230 1269 321 3140 1040 378 2100 1721 379 961 364 291 138 597 88 303 278 101 1648 42 550 121 177 536 662 379 283 102
is_linear=0
shrinkage=0.05


Tree=4
num_leaves=31
num_cat=0
split_feature=0 0 1 1 5 1 5 3 5 5 1 1 1 1 1 2 5 5 6 1 2 6 0 6 2 1 5 5 6 2
split_gain=33.8827 14.3173 6.04544 4.91952 7.2397 5.80573 4.44195 3.97236 16.6102 5.73062 5.77193 3.78596 3.09274 2.90744 2.90133 2.87669 3.47141 3.92373 2.72821 2.41246 2.04369 2.00448 1.26121 1.72666 1.25389 1.01947 1.09542 1.37778 0.921435 0.872102
threshold=0.46625000000000005 0.96250000000000013 6.8500000000000005 6.4500000000000011 0.36914510317720278 5.4500000000000011 0.16859903381642513 2.5000000000000004 0.40761518262115071 0.40761518262115071 8.1500000000000004 6.5500000000000007 8.2500000000000018 7.6500000000000012 5.4500000000000011 5.7445296940494162 0.48331479421579543 0.40609253321117739 21.500000000000004 5.7500000000000009 2.7806802694834509 52.500000000000007 0.78167500000000012 33.500000000000007 3.2028262129974809 6.3500000000000005 0.34384236453201977 0.34580419580419586 20.500000000000004 2.8768637889878934
decision_type=2 2 2 2 2 2 2 2 2 2 2 2 2 2 2 2 2 2 2 2 2 2 2 2 2 2 2 2 2 2
left_child=6 3 14 4 5 -2 11 8 12 10 -9 -1 -5 -11 -3 16 17 -4 -7 -16 -21 -18 -6 -24 -10 -8 28 -28 -27 -29
right_child=1 2 15 7 22 18 25 9 24 13 -12 -13 -14 -15 19 -17 21 -19 -20 20 -22 -23 23 -25 -26 26 27 29 -30 -31
leaf_value=0.053807783112297058 0.064572191018217512 0.054063622208137721 0.038940122075484612 0.0040306615164991781 -0.052257814745107448 0.099654838264088941 -0.071557745700086661 -0.0077339032532818949 -0.035948330036052814 0.0086278685249771246 0.023350441334706307 -0.075474383549419266 0.040844777382825805 0.023428925253398389 -0.089433400256897472 0.091240687283722227 0.092580833539612467 -0.0058377216356352707 -0.020908492927606707 -0.03372603640115257 0.018665718581713103 0.037729239614258309 0.066564548861982153 -0.034763883207764204 -0.06445246662105264 0.022257794103410788 0.040890914411158781 -0.053578939984845725 -0.067222977165053696 -0.033199249609294962
leaf_weight=2.0222797207534309 3.5091980705037731 1.9067201763391484 26.788319326937199 14.104366234969349 9.851309616584329 0.50200074166059483 4.0016849064268163 69.967943352647126 11.301755778025838 73.965551500674337 18.986576243769377 0.78654185123741616 9.5799008985050005 60.169754462782294 0.94654370099305918 2.6607105508446685 4.0218423306941977 5.9854057980701318 7.1883437815122306 3.3646054929122329 4.1661379029974341 2.8429022878408432 0.54322116449475233 1.8597627729177473 5.8580031567253164 0.3020873293280627 0.52150977216661232 8.7422997369430977 6.0422804607078433 13.138785541988907
leaf_count=9 31 10 136 173 315 3 134 1206 189 1098 158 33 69 544 8 10 15 61 177 27 45 9 8 48 82 6 20 314 245 508
internal_value=0.00370333 0.00855913 0.0325206 0.00416656 -0.0177786 0.0112796 -0.0427374 0.00611666 -0.00821915 0.00874131 -0.00109922 0.0176055 0.0189214 0.0152673 -0.00166403 0.0409126 0.0375344 0.0307624 -0.0130385 -0.0141983 -0.00474201 0.0698651 -0.0443356 -0.0118575 -0.0456791 -0.0479129 -0.0446215 -0.0394274 -0.0629623 -0.0413417
internal_weight=375.628 340.071 52.6832 287.388 23.4538 11.1995 35.5575 263.934 40.844 223.09 88.9545 2.80882 23.6843 134.135 10.384 42.2992 39.6385 32.7737 7.69034 8.47729 7.53074 6.86474 12.2543 2.40298 17.1598 32.7486 28.747 22.4026 6.34437 21.8811
internal_count=5691 4422 321 4101 582 211 1269 3519 513 3006 1364 42 242 1642 90 231 221 197 180 80 72 24 371 56 271 1227 1093 842 251 822
is_linear=0
shrinkage=0.05


Tree=5
num_leaves=31
num_cat=0
split_feature=0 0 2 3 1 0 1 1 1 2 6 6 3 1 3 0 6 3 1 1 6 1 1 6 6 2 0 3 1 3
split_gain=24.7973 12.6606 3.74063 3.63936 4.6522 2.8772 3.97905 3.58242 2.6723 3.71282 3.70149 2.79174 2.28349 6.87821 2.19148 4.85696 2.10718 2.09804 1.96026 1.86052 1.56674 1.28397 1.24688 1.59228 1.0725 1.05828 0.84614 0.771009 1.54493 1.72449
threshold=0.46625000000000005 0.83667500000000017 5.7445296940494162 1.5000000000000002 7.7500000000000009 0.60832500000000012 7.9500000000000011 8.0500000000000025 7.6500000000000012 3.3179759011960215 29.500000000000004 71.500000000000014 3.5000000000000004 7.5500000000000007 1.0000000180025095e-35 0.6316750000000001 52.500000000000007 3.5000000000000004 7.8500000000000005 8.2500000000000018 32.500000000000007 4.9500000000000011 5.3500000000000005 65.500000000000014 43.500000000000007 3.3235600470473003 0.55832500000000007 4.5000000000000009 6.4500000000000011 3.5000000000000004
decision_type=2 2 2 2 2 2 2 2 2 2 2 2 2 2 2 2 2 2 2 2 2 2 2 2 2 2 2 2 2 2
left_child=22 3 8 14 12 6 -6 -7 9 11 17 -3 13 -5 15 20 -12 -10 24 -17 -2 -14 23 -1 -16 -11 -20 28 29 -24
right_child=1 2 -4 4 5 7 -8 -9 10 25 16 -13 21 -15 18 19 -18 -19 26 -21 -22 -23 27 -25 -26 -27 -28 -29 -30 -31
leaf_value=-0.044216156594440142 0.0097846487402779916 0.0047390863295299129 0.070914005400417202 0.019701892893836191 0.019258971436962796 -0.0042196857664344514 -0.01850415558961414 0.024071738456969582 0.031331052678885134 0.083965178627508075 0.0089664296699763658 -0.067368959174093176 -0.060244086676794539 -0.035385762560824693 0.010249307513925578 -0.0012032870941110503 0.033297196183217213 0.084644631863939668 -0.023041274922709527 0.072655968573450996 -0.058353848006396619 -0.0077906032347915561 0.022979984626776362 0.071266667393789826 -0.048830802757558807 0.027693334664060976 -0.076549311757653504 -0.052178908807642366 -0.04236156262460692 -0.067739150690834901
leaf_weight=0.64728355780244118 1.1389506366103868 34.834616189822555 3.5207482054829589 24.349899297580127 11.838081551715733 15.34445258323103 16.982819211436436 41.321917680092156 3.4550689980387679 0.88379360362887638 18.028592971153557 1.3960910383611906 1.179435884580015 7.3849249300546935 1.895782543346286 1.578350165858865 17.572341923369095 3.960805356502533 0.93865054100751866 1.854403033852577 3.2535906448028982 107.76273193233646 1.9685714989900618 0.55391702521592379 1.2914577727206049 15.298325307667254 3.4706124728545547 12.920000077690931 14.992952879052607 0.71378663787618268
leaf_count=18 15 353 18 328 146 145 295 250 16 6 109 20 17 121 30 22 133 16 14 12 80 2040 39 5 45 156 42 530 632 33
internal_value=0.00129454 0.00523743 0.0203015 -0.000932624 0.000669891 0.00986905 -0.00299309 0.0164108 0.0184343 0.0108542 0.02767 0.00196052 -0.0049203 0.00688259 -0.0244339 -0.00586317 0.0209759 0.0598057 -0.0435639 0.0386961 -0.0406861 -0.00835848 -0.0409332 0.00903715 -0.0136897 0.0307666 -0.0651584 -0.0428951 -0.036109 -0.00116075
internal_weight=372.333 340.536 98.9504 241.586 226.164 85.4873 28.8209 56.6664 95.4296 52.4128 43.0168 36.2307 140.677 31.7348 15.4218 7.82529 35.6009 7.41587 7.5965 3.43275 4.39254 108.942 31.7965 1.2012 3.18724 16.1821 4.40926 30.5953 17.6753 2.68236
internal_count=5686 4429 827 3602 3342 836 441 395 809 535 274 373 2506 449 260 129 242 32 131 34 95 2057 1257 23 75 162 56 1234 704 72
is_linear=0
shrinkage=0.05


Tree=6
num_leaves=31
num_cat=0
split_feature=0 0 2 2 3 1 0 3 2 0 3 1 1 6 3 1 6 1 6 1 1 2 6 6 2 6 3 3 1 6
split_gain=22.54 12.2744 4.46868 3.86142 3.7756 5.33422 4.2986 4.16792 3.1586 2.96925 3.80799 2.61995 1.93206 3.21323 1.69579 1.6633 1.59938 1.47375 1.26772 1.63516 1.26339 1.16371 1.16292 1.16077 0.715003 0.482907 0.453076 1.40805 0.65203 0.64656
threshold=0.46625000000000005 0.81667500000000015 3.7676888832150359 4.1875676371385344 2.5000000000000004 7.7500000000000009 0.62250000000000016 3.5000000000000004 3.9706220281196134 0.96250000000000013 3.5000000000000004 8.3500000000000032 7.8500000000000005 68.500000000000014 1.0000000180025095e-35 6.6500000000000012 38.500000000000007 6.8500000000000005 64.000000000000014 6.0500000000000007 7.6500000000000012 3.1819828491719071 68.500000000000014 29.500000000000004 3.2615236374326266 67.000000000000014 2.5000000000000004 3.5000000000000004 7.1500000000000012 22.500000000000004
decision_type=2 2 2 2 2 2 2 2 2 2 2 2 2 2 2 2 2 2 2 2 2 2 2 2 2 2 2 2 2 2
left_child=18 2 4 8 6 7 21 -6 9 10 -3 -7 13 20 -8 -4 23 -11 26 24 -5 -2 -18 -17 -20 -21 -1 28 -28 -30
right_child=1 3 15 12 5 11 14 -9 -10 17 -12 -13 -14 -15 -16 16 22 -19 19 25 -22 -23 -24 -25 -26 -27 27 -29 29 -31
leaf_value=-0.061798532258005689 -0.029642198923786434 -0.011177155191393513 -0.056273398881901984 0.035649251200601376 0.013106449632573267 0.020728100387628262 0.031956493050774658 -0.0091242241384045016 -0.054826624720724575 0.0064660585078660836 0.01770776127855515 -0.0037384905206035348 0.077704990765860599 -0.029227551420687239 -0.0081338504980394966 -0.020641804785792969 -0.00079485810104321878 0.030785122179096014 0.064299809101278457 -0.013343147240558724 0.080998101826321056 -0.064620253779552578 -0.042069246066929224 -0.068678608798191626 -0.002731233664872101 -0.047199071835582786 0.022122814836207687 -0.049381599274618146 0.056786665053172175 -0.035590326629222666
leaf_weight=3.8955276808701518 7.847200200660156 16.880979628302157 3.3058613825123784 8.2865634392946941 28.674274912802503 47.917518553324044 3.2766721188090751 79.651443035341799 1.587925906293093 7.6418800898827604 35.208061631536111 14.179563049692659 3.078929752111434 1.753761158324777 13.527517979964614 2.9766188059002188 10.165126647334544 33.713129609823227 0.58831538539379735 1.534901932813227 1.8852444067597378 3.4117587408982217 2.0508991461247197 2.1776005644351244 1.2286847941577432 3.3565024532144889 0.93213372677564743 15.373659134143963 0.20796438492834601 2.123993837274611
leaf_count=142 192 165 115 65 337 463 30 1680 17 81 379 121 11 11 148 34 196 197 9 104 8 96 48 35 23 208 23 642 6 100
internal_value=0.00145934 0.00519624 -0.00164489 0.0188219 0.000659454 0.00345781 -0.0163345 -0.00323967 0.0151001 0.0162884 0.00834676 0.0151413 0.042394 0.0332775 -0.000316579 -0.023766 -0.0175793 0.0262913 -0.0406101 -0.0215299 0.0440542 -0.0402415 -0.00772425 -0.0409368 0.0189723 -0.0365752 -0.0462905 -0.0430491 -0.0132235 -0.0273521
internal_weight=358.44 329.199 219.162 110.036 198.486 170.423 28.0631 108.326 95.032 93.4441 52.089 62.0971 15.0045 11.9256 16.8042 20.6761 17.3702 41.355 29.2417 6.7084 10.1718 11.259 12.216 5.15422 1.817 4.8914 22.5333 18.6378 3.26409 2.33196
internal_count=5686 4429 3495 934 3067 2601 466 2017 839 822 544 584 95 84 178 428 313 278 1257 344 73 288 244 69 32 312 913 771 129 106
is_linear=0
shrinkage=0.05


Tree=7
num_leaves=31
num_cat=0
split_feature=0 0 1 2 3 5 3 5 5 5 1 0 5 0 6 0 2 2 5 2 1 0 6 5 5 3 5 5 1 0
split_gain=21.6187 7.81783 6.84684 5.45005 5.05079 5.26244 4.89918 4.34645 4.10726 3.95004 3.46538 3.45392 3.45548 3.69865 3.33676 3.4159 3.12361 3.00776 2.87136 2.79345 2.72927 2.65311 2.37586 2.28447 2.27077 2.24615 2.30945 2.21417 2.09709 1.95221
threshold=0.60832500000000012 0.46625000000000005 7.6500000000000012 3.3464062818502818 3.5000000000000004 0.39415279556124633 2.5000000000000004 0.37590579710144933 0.45307917888563054 0.20293040293040296 6.4500000000000011 0.86250000000000016 0.57021857923497277 0.66457500000000003 38.500000000000007 0.96250000000000013 3.0347362214391587 3.2898160384859167 0.52052545155993446 3.3257366126566468 6.1500000000000012 0.6316750000000001 68.500000000000014 0.36491677336747769 0.6043478260869567 4.5000000000000009 0.2869249394673124 0.37590579710144933 6.9500000000000011 0.69000000000000006
decision_type=2 2 2 2 2 2 2 2 2 2 2 2 2 2 2 2 2 2 2 2 2 2 2 2 2 2 2 2 2 2
left_child=1 9 3 7 5 19 27 25 17 28 -10 12 21 -14 16 -16 -7 -8 -12 22 -9 -6 -4 -21 -22 26 -2 -3 -1 -27
right_child=2 6 4 -5 11 14 8 20 10 -11 18 -13 13 -15 15 -17 -18 -19 -20 23 24 -23 -24 -25 -26 29 -28 -29 -30 -31
leaf_value=0.045438682050459464 0.005894272122810817 -0.015481231850333801 0.0075497427772960399 0.01931644159616927 0.05266489215719581 0.045544812900320197 -0.007328878313719667 -0.057655047834763121 -0.058676943801953187 -0.044712757005276882 0.027101119683245325 0.043958945186872524 -0.0040955549731094632 0.09087051457440691 -0.042096792108633548 0.030903458291542365 -0.026037477272088012 -0.036545659297802631 -0.0010297421241264799 0.015100099074072296 -0.012937622979897445 0.011466457825023436 0.070518658269666856 0.08215507926575584 0.050722113781562307 -0.055536351117274729 0.045088542156437386 -0.064138407514636245 -0.048967166239286194 0.0027067442829367449
leaf_weight=1.997603959403935 8.2995394673198444 4.2310653664171678 18.591967432759709 32.782372656743973 4.3608196731656781 3.5918039735406664 38.632315372815356 3.3524468406103543 1.8735676868818689 24.69157566735521 15.869936005678026 23.074054644443095 1.5005443915724743 3.2371785426512361 9.7649365586694294 1.9171074461191899 2.6472105653956532 11.410655896645038 21.17403332865797 2.2058291495777658 43.602822919376194 37.617824817076325 1.6292602065950621 2.9944581538438797 1.4473214959725726 1.6487572267651565 6.8689956841990361 5.2258441268932074 0.83377019315958012 11.293999872170387
leaf_count=16 86 82 130 468 26 31 693 88 79 1193 218 113 12 23 124 18 23 299 328 20 724 276 12 11 24 45 86 209 48 181
internal_value=0.00181151 -0.0147415 0.0111839 0.00225885 0.0198063 0.00640041 -0.00815371 -0.00504947 -0.00451647 -0.0382985 0.00766631 0.0281319 0.0203146 0.0607926 -0.0143499 -0.0301169 0.0151725 -0.0139908 0.0110217 0.0210285 -0.0141313 0.0157462 0.0126233 0.0537121 -0.0108924 0.0105878 0.0236432 -0.042369 0.0176385 -0.00471275
internal_weight=348.37 125.94 222.429 109.296 113.133 43.3426 98.4174 76.5139 88.9605 27.5229 38.9175 69.7904 46.7164 4.73772 17.9211 11.682 6.23901 50.043 37.044 25.4215 48.4026 41.9786 20.2212 5.20029 45.0501 28.1113 15.1685 9.45691 2.83137 12.9428
internal_count=5686 3165 2521 1702 819 369 1908 1234 1617 1257 625 450 337 35 196 142 54 992 546 173 836 302 142 31 748 398 172 291 64 226
is_linear=0
shrinkage=0.05


Tree=8
num_leaves=31
num_cat=0
split_feature=0 0 0 3 5 5 5 5 3 2 5 5 4 5 6 2 5 5 2 2 2 0 0 6 5 2 6 2 5 6
split_gain=20.7836 6.66091 4.76763 4.67491 4.21035 4.04463 3.41773 2.93084 4.75482 2.83117 2.31649 2.3865 2.28033 2.40428 2.24171 2.53366 2.00791 2.05893 2.55783 1.98388 1.87275 1.87055 1.68249 1.66889 1.60924 1.60014 1.49394 1.42598 1.39891 1.42734
threshold=0.60832500000000012 0.46625000000000005 0.83667500000000017 2.5000000000000004 0.45307917888563054 0.20293040293040296 0.52052545155993446 0.23182397959183676 1.5000000000000002 3.3235600470473003 0.45867486338797819 0.46998799519807927 1.0000000180025095e-35 0.40761518262115071 65.500000000000014 2.7440927505788149 0.58411949685534603 0.56465997770345611 5.4024352020554556 4.5412782988227152 3.6598862654191655 0.71125000000000005 0.30750000000000005 49.500000000000007 0.4152394775036285 2.6828689466075804 67.000000000000014 2.7334904123527184 0.37590579710144933 23.500000000000004
decision_type=2 2 2 2 2 2 2 2 2 2 2 2 2 2 2 2 2 2 2 2 2 2 2 2 2 2 2 2 2 2
left_child=1 5 10 28 9 22 -6 8 -4 -5 12 -12 14 27 15 -2 17 18 -9 21 -8 -13 -1 -10 -15 -16 -25 -14 29 -3
right_child=2 3 7 4 6 -7 20 16 23 -11 11 19 13 24 25 -17 -18 -19 -20 -21 -22 -23 -24 26 -26 -27 -28 -29 -30 -31
leaf_value=-0.056729786317896817 -0.00073689928318311634 0.053975861016269958 -0.081655282379624716 -0.009128580817129436 0.022132594552547201 -0.043750222213688912 -0.0014103522777677297 0.019202349911146471 -0.0098870441261060867 -0.040829788059594904 -0.055664385278773591 0.011601680426009665 -0.059394735170550765 0.045350886394659493 0.038152917246165929 0.026426718732587902 0.056143281987818899 -0.031592067110997567 0.054711773832272159 -0.078125310526218406 -0.046676989183145841 -0.014268816275922131 0.040505394709972616 0.082702120172833515 0.0041329831521763781 -0.015209997326053102 0.0026341186647473916 -0.0087274123274219042 -0.062100106572795556 -0.033947822087383311
leaf_weight=0.55957201914862098 11.481826016679404 0.54317080974578713 1.7869999427348364 36.271026843693107 19.290355959441513 23.286361444392242 17.415735475602563 80.570751964813098 3.6296314131468534 8.7400540173985046 2.3421614747494486 14.471699024550622 1.5023810146376551 3.3522212430834761 1.6831601196899999 34.018884786404669 4.09111454617232 1.8702211934141804 5.4120002985000601 0.85686439275741477 2.6299173731822512 13.509945488767697 2.1705895829945803 1.214869771152735 8.0657665599137527 8.4949276810511929 1.1193599309772251 18.346099911257625 4.7041780251311138 3.0732056144624949
leaf_count=22 116 4 9 707 255 1193 303 685 24 285 50 185 32 39 28 351 37 19 32 15 67 217 42 7 123 141 14 397 209 78
internal_value=0.00218947 -0.0146446 0.0113618 -0.00836831 -0.00484108 -0.0369998 0.00710867 0.0194139 -0.0101129 -0.0152842 0.00456613 -0.00712598 0.0087592 -0.00204646 0.0148271 0.0195721 0.021903 0.0203085 0.0214374 -0.00318386 -0.00734917 -0.000888972 0.0205761 0.011324 0.0162342 -0.00638532 0.0443062 -0.0125625 -0.0441245 -0.0207419
internal_weight=336.505 118.684 217.821 92.6676 84.3471 26.0165 39.336 99.6949 7.75086 45.0111 118.126 31.1807 86.9453 31.2665 55.6788 45.5007 91.9441 87.853 85.9828 28.8385 20.0457 27.9816 2.73016 5.96386 11.418 10.1781 2.33423 19.8485 8.32055 3.61638
internal_count=5686 3165 2521 1908 1617 1257 625 827 54 992 1694 467 1227 591 636 467 773 736 717 417 370 402 64 45 162 169 21 429 291 82
is_linear=0
shrinkage=0.05


Tree=9
num_leaves=31
num_cat=0
split_feature=0 1 0 2 3 5 5 0 5 1 1 3 5 5 5 3 3 3 0 1 2 1 2 2 1 0 5 0 0 1
split_gain=20.97 7.54505 5.57912 5.25412 3.82632 4.21132 3.57737 3.28923 2.90096 2.78891 2.78157 2.59323 6.52131 2.89954 2.34255 2.17562 2.16485 2.10543 4.34491 2.65054 1.93034 1.83715 1.55037 2.00815 1.52495 1.47075 4.47773 1.44026 1.39982 1.36786
threshold=0.60832500000000012 7.8500000000000005 0.46625000000000005 3.3643075840091208 2.5000000000000004 0.43570116350275573 0.20293040293040296 0.96250000000000013 0.61285846438482905 8.3500000000000032 6.4500000000000011 2.5000000000000004 0.39545896066051484 0.32993197278911568 0.52052545155993446 4.5000000000000009 4.5000000000000009 4.5000000000000009 0.81667500000000015 6.1500000000000012 3.2294790785070626 6.9500000000000011 4.4013162140956954 3.2615236374326266 7.5500000000000007 0.81667500000000015 0.34580419580419586 0.69000000000000006 0.9125000000000002 6.3500000000000005
decision_type=2 2 2 2 2 2 2 2 2 2 2 2 2 2 2 2 2 2 2 2 2 2 2 2 2 2 2 2 2 2
left_child=2 3 6 7 -4 15 21 8 20 11 -7 12 13 -3 -12 24 25 27 29 -20 -2 -1 23 -13 -6 -11 -27 -5 -29 -19
right_child=1 9 4 17 5 10 -8 -9 -10 16 14 22 -14 -15 -16 -17 -18 18 19 -21 -22 -23 -24 -25 -26 26 -28 28 -30 -31
leaf_value=0.044858219818292334 -0.0079644846421028405 -0.012767723928933479 -0.043986198719268899 0.072724465981035658 0.0013047658871500507 -0.05237410723438695 -0.04309080480535097 0.013611364277849529 0.0512745665684122 0.0031147329590508832 0.016779567808510421 0.037585292384490369 -0.044743310951114459 0.055182681188954835 -0.0069775418896514388 -0.037137833387169271 -0.034065021353468103 -0.057456691508278673 0.068233892370950108 0.017352619692429464 -0.040101731753974322 -0.04567004486418131 0.070859592206531402 0.014511234420616016 -0.025063648510148036 -0.020587005649277502 0.05462321533938827 0.0098591746137104263 0.049935565104011502 -0.0072864293656616941
leaf_weight=1.8907800251618057 59.823567767860368 2.2523560859262926 7.3267428332474074 2.2545657726004711 12.379203494172545 2.0930774823063976 21.963605577941053 22.032974709756672 1.9594747405499209 13.164777053520089 24.3832030845806 34.632664221106097 3.9748751041479409 5.1817457946017385 18.062939132330939 11.535398203879593 2.6552025116980067 1.6206523622386182 2.9921285305172232 17.702704388648272 5.068446173798292 0.7965043713338672 2.6130594909191123 12.957470356952397 9.842830441426484 2.9751229956746084 5.9106174167245626 4.8312277123332006 3.9688425809144974 8.4017599283251894
leaf_count=16 1135 23 291 25 265 98 1193 162 17 94 316 220 62 38 328 389 13 59 19 137 89 48 11 89 221 18 36 64 31 179
internal_value=0.002286 0.0113093 -0.015468 0.00373078 -0.00943362 -0.00620031 -0.0364283 -0.00314281 -0.00866467 0.0227805 0.00389503 0.0284717 0.00695383 0.0345953 0.00666974 -0.01952 0.00858762 0.0183568 0.0116227 0.0247092 -0.0104746 0.0180259 0.0333618 0.0313029 -0.0103746 0.0137236 0.0294413 0.0370686 0.0279337 -0.0153991
internal_weight=327.249 216.974 110.274 130.656 85.6234 78.2967 24.6509 88.8845 66.8515 86.3179 44.5392 61.6122 11.409 7.4341 42.4461 33.7574 24.7057 41.7719 30.7172 20.6948 64.892 2.68728 50.2032 47.5901 22.222 22.0505 8.88574 11.0546 8.80007 10.0224
internal_count=5686 2521 3165 1917 1908 1617 1257 1403 1241 604 742 443 123 61 644 875 161 514 394 156 1224 64 320 309 486 148 54 120 95 238
is_linear=0
shrinkage=0.05


Tree=10
num_leaves=31
num_cat=0
split_feature=0 0 0 1 2 5 5 2 6 5 0 1 6 1 5 1 5 4 1 5 2 5 5 2 2 1 2 5 2 4
split_gain=17.7166 5.54136 4.53406 3.6558 4.99603 3.31277 3.20632 2.60066 6.01743 2.5787 2.56838 2.44015 2.29528 2.28129 2.23934 2.15022 2.1411 2.09657 2.15511 2.02741 2.02268 1.99745 1.93986 1.90185 1.7192 1.7541 2.85119 1.43695 1.37354 1.32076
threshold=0.60832500000000012 0.46625000000000005 0.96250000000000013 7.8500000000000005 3.4060603023675928 0.46027742749054229 0.56330128205128216 3.3848182702787946 43.500000000000007 0.41144200626959254 0.74500000000000011 5.4500000000000011 39.500000000000007 6.2500000000000009 0.20293040293040296 8.2500000000000018 0.58411949685534603 1.0000000180025095e-35 6.8500000000000005 0.4160256410256411 2.7607058823271244 0.62101063829787251 0.57855191256830618 2.5296351104100774 5.7445296940494162 6.0500000000000007 4.5516818502987642 0.35504201680672276 4.5516818502987642 1.0000000180025095e-35
decision_type=2 2 2 2 2 2 2 2 2 2 2 2 2 2 2 2 2 2 2 2 2 2 2 2 2 2 2 2 2 2
left_child=1 14 3 4 21 24 11 16 19 12 -8 -6 28 -11 17 23 20 18 -1 -9 -5 27 -10 -15 25 -4 -27 -2 -3 -14
right_child=2 9 5 7 6 -7 10 8 22 13 -12 -13 29 15 -16 -17 -18 -19 -20 -21 -22 -23 -24 -25 -26 26 -28 -29 -30 -31
leaf_value=0.060306517420408295 0.00052625928121856 -0.0010521509536032909 0.043640788612158643 0.0030707987737616212 0.061266531489799825 0.050809938211514187 -0.077292655082716807 -0.077328956166335949 0.0086152322801166491 -0.058596533223795322 0.012810589103768722 0.013630180611670662 -0.024002470501125597 -0.065455200216734663 -0.043354952150377185 -0.043258980862747043 -0.029991818610903154 -0.075470234288333243 -0.047204223075321461 -0.016257455670318038 0.025893890748000883 0.041700981752323563 0.071214592952856912 0.0019517480307415715 0.064352847201293042 0.012798799604770782 -0.051672859607082636 -0.017210121433214692 -0.081954625810105597 -0.051856134099980945
leaf_weight=1.5143683478236232 15.418809335213153 11.138201055116951 4.1754525741562238 13.146031670272349 3.0019238255918088 7.9544874960556617 1.6604313673451536 2.8001233264803878 7.5578307867981476 1.8604887016117562 1.5102570783346889 25.732709995470941 13.403875113464894 1.0708539350889612 22.048026841483079 2.9983900033403179 2.2441914102528235 0.64324980694800604 0.67340515693649639 2.6403714371845126 37.116952755721286 1.7425687620416273 1.4799016118049619 45.869929516687989 1.7130042016506184 31.015294845215976 1.8152217566966999 44.028681993600912 0.55056705512106496 6.236046116333454
leaf_count=10 302 200 25 98 21 59 25 14 65 84 18 385 438 14 1237 96 21 16 40 20 267 13 13 852 8 202 10 915 13 272
internal_value=-0.000865513 -0.0172778 0.00770821 0.00371012 -0.00269928 0.0214208 0.0133416 0.0126178 -0.00614393 -0.0110821 -0.0343748 0.0186068 -0.0224058 -0.00423346 -0.0379797 -0.00220816 0.0177912 0.00388287 0.0272143 -0.0476898 0.0199246 -0.0110632 0.0188657 0.000414002 0.0153831 0.0131163 0.00923412 -0.0126099 -0.00486284 -0.0328465
internal_weight=314.762 108.007 206.754 160.081 93.0954 46.6735 31.9053 66.9854 14.4782 83.1284 3.17069 28.7346 31.3287 51.7997 24.8791 49.9392 52.5072 2.83102 2.18777 5.44049 50.263 61.1901 9.03773 46.9408 38.719 37.006 32.8305 59.4475 11.6888 19.6399
internal_count=5753 3272 2481 2177 1679 304 449 498 112 1969 43 406 923 1046 1303 962 386 66 50 34 365 1230 78 866 245 237 212 1217 213 710
is_linear=0
shrinkage=0.05


Tree=11
num_leaves=31
num_cat=0
split_feature=1 2 2 1 5 5 1 5 1 5 6 3 6 5 2 2 2 6 6 5 5 6 5 6 6 6 5 1 5 2
split_gain=4.26056 4.07768 3.0137 2.59288 3.17577 2.38918 2.37274 3.08772 2.77842 2.30517 3.22264 3.67955 2.50412 3.6246 1.96755 2.44758 2.77726 1.90685 2.65678 2.06948 1.81095 1.67353 1.62763 3.53988 1.50515 1.46477 1.32643 2.03339 1.52101 1.29069
threshold=7.8500000000000005 3.3464062818502818 3.4762696173592693 5.4500000000000011 0.34698996655518399 0.21638795986622075 6.2500000000000009 0.29337431693989074 5.3500000000000005 0.49305555555555564 68.500000000000014 3.5000000000000004 38.500000000000007 0.54897260273972615 4.4013162140956954 3.3583378512247672 3.1567830665350254 67.000000000000014 68.500000000000014 0.18263888888888893 0.39852941176470597 65.500000000000014 0.16859903381642513 67.000000000000014 37.000000000000007 72.500000000000014 0.52052545155993446 7.6500000000000012 0.38006535947712422 3.0533169851264135
decision_type=2 2 2 2 2 2 2 2 2 2 2 2 2 2 2 2 2 2 2 2 2 2 2 2 2 2 2 2 2 2
left_child=1 6 26 4 -4 29 7 8 -1 14 12 -12 24 -14 15 16 -7 19 -19 -8 -6 -21 -5 -24 -11 -20 27 28 -3 -2
right_child=5 2 3 22 20 9 17 -9 -10 10 11 -13 13 -15 -16 -17 -18 18 25 21 -22 -23 23 -25 -26 -27 -28 -29 -30 -31
leaf_value=0.068229377545820702 -0.0070554446718624434 0.043982090885274348 0.0680243192252699 0.037654139439537299 0.045784004806773755 0.011386508017495219 0.036342337410622108 -0.050317617449080081 -0.026159468102438868 -0.0048679174640532865 -0.066075594938884277 0.054091144014625607 -0.070602615469971888 -0.0059499630140508099 0.060611044151261534 -0.0052881462775340215 0.039509616310292255 -0.059766603525981468 -0.018887359576692943 -0.0081373029889891188 -0.081741553874747908 0.017357828196535866 -0.00040687449257231632 -0.044051532962232423 0.058149886580534299 0.035138986447895267 0.05678423105267727 -0.032315134690310068 0.0049616982716159247 -0.064953290819755705
leaf_weight=1.2062469143420442 2.4105362789705387 5.6785364495590311 2.7560726474039252 2.2732950570061794 0.46466716192662694 51.873744181590155 2.8868431979790321 7.3685491018695757 2.2044918066821992 4.9742447568569359 0.78047464473638584 3.4663184534292668 3.8785103107802552 4.9150430061854422 2.0996832372620693 16.930362616432831 10.566951437853275 3.9218994101975104 9.7923211604356748 103.00824536057189 0.69443074893206358 6.8656509483698747 37.936265961034223 5.2942109262803561 1.1704918821342287 1.438931977842002 2.7687363298609844 1.6969864489510644 4.4580212007276714 1.6024991599842904
leaf_count=14 32 70 15 30 7 587 42 256 60 58 36 39 53 78 16 265 120 143 383 2100 20 166 750 166 14 51 40 28 69 45
internal_value=-0.000534698 -0.0047646 0.00567299 -0.000223882 0.0388209 0.00765744 -0.00958262 -0.0321111 0.00722223 0.00916579 -0.00642691 0.0320069 -0.0173532 -0.0344659 0.0128376 0.0115738 0.0161458 -0.00768415 -0.0243373 -0.00544624 -0.0306182 -0.0065442 -0.00358332 -0.00575181 0.00713615 -0.0119656 0.0256299 0.0183407 0.0268211 -0.0301754
internal_weight=307.383 202.714 64.0212 49.4189 3.91517 104.669 138.693 10.7793 3.41074 100.656 19.1851 4.24679 14.9383 8.79355 81.4707 79.3711 62.4407 127.914 15.1532 112.761 1.1591 109.874 45.5038 43.2305 6.14474 11.2313 14.6023 11.8335 10.1366 4.01304
internal_count=5753 4410 1195 988 42 1343 3215 330 74 1266 278 75 203 131 988 972 707 2885 577 2308 27 2266 946 916 72 434 207 167 139 77
is_linear=0
shrinkage=0.05


Tree=12
num_leaves=31
num_cat=0
split_feature=0 0 3 1 0 5 1 5 3 1 5 3 5 1 6 5 6 1 3 6 1 3 5 3 5 6 5 1 6 6
split_gain=15.2566 5.4028 4.42048 3.97847 4.48075 3.22463 2.55299 4.23873 2.39079 3.4046 2.95343 2.3426 2.22417 1.94539 1.79462 1.7058 2.60946 1.69836 1.69528 1.57727 1.96878 2.08794 2.64599 1.87593 3.42582 1.77916 1.66215 1.35067 1.29871 2.04594
threshold=0.60832500000000012 0.46625000000000005 2.5000000000000004 7.8500000000000005 0.81667500000000015 0.41144200626959254 6.0500000000000007 0.39545896066051484 3.5000000000000004 7.5500000000000007 0.37729468599033822 4.5000000000000009 0.20293040293040296 6.1500000000000012 42.500000000000007 0.53137254901960795 67.000000000000014 8.2500000000000018 3.5000000000000004 67.000000000000014 8.5500000000000025 1.5000000000000002 0.32993197278911568 3.5000000000000004 0.40761518262115071 29.500000000000004 0.43570116350275573 6.8500000000000005 33.500000000000007 60.500000000000007
decision_type=2 2 2 2 2 2 2 2 2 2 2 2 2 2 2 2 2 2 2 2 2 2 2 2 2 2 2 2 2 2
left_child=1 12 -3 4 8 11 7 -6 9 10 -2 14 27 -7 -4 16 -8 -15 -17 20 21 22 -5 24 -21 -23 -25 -1 -10 -30
right_child=3 2 5 19 6 13 15 -9 28 -11 -12 -13 -14 17 -16 18 -18 -19 -20 23 -22 25 -24 26 -26 -27 -28 -29 29 -31
leaf_value=0.031441600488021422 0.047665339176632161 -0.04804795523412958 0.0074956956212339221 -0.073283328920117241 0.054608579473033041 -0.056871349733146032 0.0070655562670766687 -0.037287169926048927 -0.029331945530043188 -0.043287509975824534 -0.0019836930373899847 -0.040953668168238221 -0.041839396292454187 0.0050982343215207147 -0.025403918376606868 0.066388593037740654 -0.03390240652855691 -0.047345555170575038 0.014871581622450836 0.031007435753101359 0.054017213378014441 0.032495848134427768 0.0023615362287228692 0.022414327166931126 -0.054250956152704845 0.0098255085643470571 0.064280002199038053 -0.047769517302428233 -0.00098631275548567775 -0.031068229827231144
leaf_weight=1.7823202349245577 5.3042247216217202 6.8353291946696109 8.1473103966563958 1.5424208901822556 6.5783791197463852 1.3824182484531764 42.92528822645545 1.5506093478761611 11.331024643965064 2.610980429686605 6.8811892820522189 8.9755994156003016 21.470664275926538 45.281657573301345 8.4379905778914672 2.1193539896048588 4.2738822526298454 1.5982599509879936 6.4780967333354056 4.5731758857145897 2.7865303978323928 10.643267715349792 4.614760585129261 4.5023246072232705 1.5871436754241584 46.314510967815295 5.0076928250491619 0.77095736516639579 20.458848705515269 7.8099428995046756
leaf_count=16 65 295 131 16 46 68 438 28 154 59 95 360 1237 770 296 25 95 49 61 36 12 61 50 29 23 321 29 50 527 311
internal_value=-0.000315816 -0.0157795 -0.00958025 0.00778238 0.0019255 -0.00601851 0.010901 0.0370794 -0.00862241 0.00852604 0.0196282 -0.0203777 -0.036593 0.00158645 -0.00924242 0.00708711 0.00335591 0.00331029 0.027571 0.0162779 0.0128876 0.0110717 -0.0165881 0.030536 0.00904148 0.0140617 0.0444595 0.00752395 -0.0150299 -0.00929718
internal_weight=304.576 104.683 80.6586 199.894 118.322 73.8232 63.9256 8.12899 54.3962 14.7964 12.1854 25.5609 24.0239 48.2623 16.5853 55.7966 47.1992 46.8799 8.59745 81.5718 65.9015 63.115 6.15718 15.6703 6.16032 56.9578 9.51002 2.55328 39.5998 28.2688
internal_count=5753 3272 1969 2481 1904 1674 693 74 1211 219 160 787 1303 887 427 619 533 819 86 577 460 448 66 117 59 382 58 66 992 838
is_linear=0
shrinkage=0.05


Tree=13
num_leaves=31
num_cat=0
split_feature=0 0 2 1 5 6 5 5 2 5 0 1 2 1 5 1 5 1 5 0 6 5 0 2 1 4 2 2 5 5
split_gain=13.6935 4.76192 3.87584 3.94684 3.02683 2.49847 2.40044 3.10152 2.63179 2.46217 2.25343 2.72311 2.03232 2.01214 1.97075 1.83319 1.8306 4.03528 2.66772 1.73276 1.72362 1.66459 1.56284 1.45632 1.36675 1.35404 1.23298 4.71506 2.91934 2.16653
threshold=0.61832500000000012 0.46625000000000005 3.1567830665350254 7.7500000000000009 0.41144200626959254 28.500000000000004 0.6043478260869567 0.35504201680672276 2.8586513120689103 0.34983896940418685 0.86250000000000016 5.4500000000000011 3.1635937962205944 8.2500000000000018 0.36914510317720278 6.2500000000000009 0.43167701863354041 6.8500000000000005 0.41144200626959254 0.56832500000000008 62.500000000000007 0.18263888888888893 0.55832500000000007 2.9342025515800345 7.0500000000000007 1.0000000180025095e-35 2.9411966330899992 2.9702093150074416 0.33809523809523817 0.34384236453201977
decision_type=2 2 2 2 2 2 2 2 2 2 2 2 2 2 2 2 2 2 2 2 2 2 2 2 2 2 2 2 2 2
left_child=1 21 3 6 5 22 7 9 -8 -2 11 -4 -13 15 -9 -6 18 -18 24 -17 -19 25 -3 -24 -12 -1 28 -28 -5 -29
right_child=2 4 10 26 13 -7 8 14 -10 -11 16 12 -14 -15 -16 19 17 20 -20 -21 -22 -23 23 -25 -26 -27 27 29 -30 -31
leaf_value=0.025408200235508493 0.0013277748942272295 -0.01663567521672794 0.054585589819287843 -0.010566902309687791 -0.053383329489578725 -0.029370444453137984 0.083291419843829609 -0.068272664963860308 -0.024223574945969516 0.069495460721207158 0.041151716597363115 0.077065362236103496 0.0043998685683721917 -0.048690372651424695 -0.015688668307200847 0.0073604880265780472 -0.034573134473384011 0.070490094979565848 -0.034621941937326171 -0.014134154800659071 0.018953083329485167 -0.03930732474310026 0.055042958403091181 -0.022149284620528203 0.014207519756842736 -0.071705252256263424 -0.092357514595706292 0.043978546942045241 0.024672490670593142 -0.00051668362645655925
leaf_weight=1.7966893571428983 18.192019595764581 3.5875848233699825 3.0783563517034045 7.5209428109228602 1.5534310692455608 23.679084749426693 1.4630710938945406 1.8812525449320663 0.93161688232794393 1.4286755695939053 7.3339089332148495 0.98364703357219596 44.175918270368129 2.206715890322811 33.713731272844598 36.177317652269267 1.3979717404581595 6.2601073514670116 2.1552808210253707 12.656067481148055 2.1898563392460346 20.813470292603597 2.0900156255811457 0.86343305371701706 13.137299939990042 0.44854108942672599 1.2590150646865392 3.3552717417478588 26.890208111377433 14.816925339400767
leaf_count=36 276 58 23 63 85 863 14 28 13 15 44 12 630 96 762 676 13 51 20 216 14 1254 23 16 95 13 11 23 200 110
internal_value=-0.000360282 -0.0147993 0.00759483 0.00155199 -0.00920385 -0.0218143 -0.00754423 -0.00966972 0.0414643 0.00629139 0.0159392 0.00908429 0.00598264 -0.00195791 -0.0184678 8.87648e-05 0.0261215 0.0441156 0.0182897 0.00178976 0.057134 -0.034895 0.00553954 0.032476 0.0238604 0.00600735 0.0112848 0.00121582 0.0169705 0.00769881
internal_weight=298.037 105.872 192.165 111.453 82.8137 30.2201 57.6104 55.2157 2.39469 19.6207 80.7123 48.2379 45.1596 52.5935 35.595 50.3868 32.4744 9.84794 22.6265 48.8334 8.44996 23.0587 6.54103 2.95345 20.4712 2.24523 53.8424 19.4312 34.4112 18.1722
internal_count=5753 3336 2417 1515 2033 960 1108 1081 27 291 902 665 642 1073 790 977 237 78 159 892 65 1303 97 39 139 49 407 144 263 133
is_linear=0
shrinkage=0.05


Tree=14
num_leaves=31
num_cat=0
split_feature=0 0 0 3 5 5 2 1 2 0 0 2 5 2 2 2 2 0 1 0 5 2 5 1 1 5 2 1 5 0
split_gain=13.056 4.64911 4.52441 3.37482 3.27785 2.78832 2.69601 3.22298 2.34346 2.26529 2.11338 2.17928 2.03939 1.97899 1.66099 2.05411 1.67099 1.60361 2.06588 1.65526 1.58397 1.57459 1.56846 1.55512 1.41987 1.25854 1.19293 1.13789 1.13248 1.10359
threshold=0.61832500000000012 0.96250000000000013 0.46625000000000005 2.5000000000000004 0.46027742749054229 0.45307917888563054 2.7685484973886085 8.2500000000000018 2.784856905053958 0.78167500000000012 0.62250000000000016 3.1567830665350254 0.20293040293040296 2.6690321316788999 3.3179759011960215 3.118745169810095 3.4762696173592693 0.56832500000000008 6.8500000000000005 0.57750000000000001 0.44201680672268912 2.5296351104100774 0.39209164818920922 7.8500000000000005 6.8500000000000005 0.21807065217391305 2.6225977269441549 6.8500000000000005 0.40609253321117739 0.74500000000000011
decision_type=2 2 2 2 2 2 2 2 2 2 2 2 2 2 2 2 2 2 2 2 2 2 2 2 2 2 2 2 2 2
left_child=2 6 12 -4 14 13 7 25 9 -8 -10 -12 24 21 15 20 -16 18 -7 -19 -3 -5 -18 -17 -1 29 -27 -6 -9 -2
right_child=1 4 3 5 27 17 8 28 10 -11 11 -13 -14 -15 16 23 22 19 -20 -21 -22 -23 -24 -25 -26 26 -28 -29 -30 -31
leaf_value=0.034627009737811014 0.059501701747571148 0.017904901686142762 -0.042586154238556218 -0.057540651932038861 0.0060032065686750824 -0.015061310048130886 0.078500488944443669 0.053263639189554346 0.076832013152622836 -0.0041139665505116234 -0.0020877100902958706 0.011648893197579974 -0.039441056347928438 -0.019838486167631005 0.048921823003631758 -0.062434923737813112 -0.0087344768779617273 -0.090874118814166807 0.0163183094106998 -0.0090021405839809301 -0.042318724240354988 0.031012325616539046 0.037001126319913959 0.0097792188164085685 -0.047585984870273455 -0.0017269722584696947 -0.02878324403731998 0.062128190355031823 0.001865464157503216 -0.013731116675977423
leaf_weight=1.6817915551364451 0.93554886057973563 16.562418696470566 6.7181117405416435 0.5904746083542699 1.0624561202712346 6.7834959009196636 2.188648159615695 2.2965800184756509 1.0379109904170025 1.3364205025136469 54.680357912555337 61.176457910332829 19.823068474885076 31.538574523525313 6.2560523077845556 1.693359364755451 3.7837473452091217 0.67143470980226805 23.127250575693324 7.6649125769035891 1.1688833329826582 3.3501231665723026 3.7152325101196766 1.33190681040287 0.76364267012104381 5.5549896785523769 15.280526547227053 6.0203505530953407 2.0093972906470299 1.1429016664624212
leaf_count=16 12 128 307 16 15 144 23 14 7 14 846 772 1237 959 30 16 25 8 371 147 13 81 27 6 50 113 282 44 16 14
internal_value=0.000170743 0.00796071 -0.0141812 -0.00865995 0.0227259 -0.00556852 0.00380093 -0.0104104 0.00701328 0.0471798 0.00580202 0.0051657 -0.0341265 -0.0156644 0.0163672 0.00743779 0.0298419 0.0037967 0.00920169 -0.0155964 0.0139348 0.0177432 0.0139244 -0.0306419 0.00895413 -0.0178687 -0.0215697 0.0537092 0.0292785 0.0192323
internal_weight=291.947 189.234 102.713 80.4444 41.5944 73.7263 147.64 27.2199 120.42 3.52507 116.895 115.857 22.2685 35.4792 34.5116 20.7566 13.755 38.2471 29.9107 8.33635 17.7313 3.9406 7.49898 3.02527 2.44543 22.914 20.8355 7.08281 4.30598 2.07845
internal_count=5753 2417 3336 2033 304 1726 2113 451 1662 37 1625 1618 1303 1056 245 163 82 670 515 155 141 97 52 22 66 421 395 59 30 26
is_linear=0
shrinkage=0.05


Tree=15
num_leaves=31
num_cat=0
split_feature=0 5 3 4 0 6 1 1 1 5 5 0 5 0 3 1 1 5 1 1 5 1 1 6 5 6 5 5 6 5
split_gain=11.7057 4.13799 4.48709 2.60307 2.19056 2.14115 2.01123 1.96182 2.28473 2.44965 1.96749 1.76874 3.46842 1.99269 1.7044 1.72961 1.39411 1.26742 1.11714 1.05783 1.2449 1.03938 1.21386 0.984451 0.875024 0.648264 0.905697 0.862942 0.64114 0.566431
threshold=0.61832500000000012 0.41144200626959254 2.5000000000000004 1.0000000180025095e-35 0.41875000000000001 28.500000000000004 8.2500000000000018 4.5500000000000007 6.8500000000000005 0.20293040293040296 0.55530303030303041 0.9125000000000002 0.46027742749054229 0.69000000000000006 1.5000000000000002 7.6500000000000012 6.4500000000000011 0.45521390374331555 5.9500000000000011 7.6500000000000012 0.20293040293040296 6.9500000000000011 8.3500000000000032 25.500000000000004 0.28320802005012535 41.500000000000007 0.39209164818920922 0.38348416289592763 46.500000000000007 0.34514106583072107
decision_type=2 2 2 2 2 2 2 2 2 2 2 2 2 2 2 2 2 2 2 2 2 2 2 2 2 2 2 2 2 2
left_child=1 3 -3 5 -4 21 16 -2 9 -9 11 13 -13 -10 28 -16 -6 23 -19 20 -7 -1 -23 -11 -5 26 -26 -27 -12 -21
right_child=7 2 4 24 6 19 -8 8 10 17 14 12 -14 -15 15 -17 -18 18 -20 29 -22 22 -24 -25 25 27 -28 -29 -30 -31
leaf_value=0.036123247774764437 0.0496889429796884 -0.056532466488383927 -0.033096065761013531 -0.066656346857651941 -0.035391175039373078 0.010375521769156898 -0.055054745704480837 0.037878421313923237 0.01489080374892807 -0.036878085819120353 -0.00339250123962397 0.010241975244344106 0.055215748800623965 -0.00032163614621558406 0.011510549135113591 0.047415744423998193 0.0047409567703578523 -0.070055264079764784 -0.018851953771796565 -0.054372829989085783 -0.02538612739410916 -0.018297037004094779 0.05795200218722283 -0.00017480270164018939 -0.0035848417190776846 -0.060166460736072618 -0.059342930123039872 -0.021038519345787106 -0.084584926602943478 -0.027735915970297488
leaf_weight=2.1534405639395144 2.647516516968607 4.0625024837208903 5.1669617813313371 3.3942413912154725 2.2696665895637116 3.2356307050213244 1.545963586308061 2.9384231632575384 29.941822183318436 2.0157355200499358 0.60002410830929764 27.369476109743118 5.0831994749605647 76.596307512838393 6.1548805208876711 7.370735383592546 46.473459893837571 1.2591423348057995 6.9178106342442334 3.582436715718357 9.8171199683565629 3.4655878199264407 0.6145165767520665 19.505852786358446 2.4767507095821188 4.1314981125760823 1.0316552952863274 2.1384869674220681 0.40879633091390133 4.5063346431124955
leaf_count=27 18 228 368 145 136 83 51 46 387 23 12 181 39 952 106 70 829 38 155 174 470 63 10 399 102 218 34 145 9 227
internal_value=-0.000376312 -0.0142018 -0.00580961 -0.0265205 -0.00209384 -0.0177326 0.00109149 0.00695101 0.00634321 -0.00567048 0.00889712 0.00706674 0.0172864 0.00395372 0.0264008 0.031077 0.00287225 -0.00997928 -0.0267366 -0.0253256 -0.0165212 0.00801979 -0.00681294 -0.00361247 -0.0447835 -0.037191 -0.0199806 -0.0468212 -0.0362935 -0.0395331
internal_weight=288.876 100.066 59.5186 40.5477 55.4561 27.3751 50.2891 188.81 186.162 32.637 153.525 138.991 32.4527 106.538 14.5344 13.5256 48.7431 29.6985 8.17695 21.1415 13.0528 6.23354 4.0801 21.5216 13.1726 9.77839 3.50841 6.26999 1.00882 8.08877
internal_count=5745 3310 1612 1698 1384 1054 1016 2435 2417 661 1756 1559 220 1339 197 176 965 615 193 954 553 100 73 422 644 499 136 363 21 401
is_linear=0
shrinkage=0.05


Tree=16
num_leaves=31
num_cat=0
split_feature=0 2 1 1 2 0 5 5 5 0 5 2 1 5 0 6 2 6 6 2 6 4 1 6 5 5 4 1 2 6
split_gain=10.0429 2.573 3.31288 3.00288 2.42523 2.86697 2.05352 3.37775 2.02876 1.89193 2.6726 2.6465 2.3074 1.76242 2.87825 2.32752 1.78596 1.44843 3.5426 2.28084 1.42237 1.28897 1.64609 1.62594 1.92332 1.21801 1.21699 1.44136 1.41154 1.12093
threshold=0.55832500000000007 3.4060603023675928 8.0500000000000025 8.4500000000000011 3.4369016171537843 0.6316750000000001 0.52052545155993446 0.54897260273972615 0.4160256410256411 0.83667500000000017 0.5128579777907657 2.6336138048967253 7.6500000000000012 0.44636015325670503 0.46625000000000005 60.500000000000007 2.8393707346920736 48.500000000000007 52.500000000000007 2.8840101815541477 47.500000000000007 1.0000000180025095e-35 6.4500000000000011 21.500000000000004 0.16859903381642513 0.47722567287784684 1.0000000180025095e-35 7.5500000000000007 2.7685484973886085 43.500000000000007
decision_type=2 2 2 2 2 2 2 2 2 2 2 2 2 2 2 2 2 2 2 2 2 2 2 2 2 2 2 2 2 2
left_child=13 2 9 4 -3 -6 17 -8 -5 26 11 -11 -12 21 -15 16 25 19 -19 -4 -18 22 23 -1 -25 -16 28 -28 -2 -7
right_child=1 3 6 8 5 29 7 -9 -10 10 12 -13 -14 14 15 -17 20 18 -20 -21 -22 -23 -24 24 -26 -27 27 -29 -30 -31
leaf_value=0.091796458237541456 -0.017397656317789403 0.053607733979586625 0.008618025496986462 0.0001876894190213725 -0.013772977651929029 0.0085439679771340035 -0.075956505923316986 0.0069250685063377811 -0.067821350860714044 0.04084414338689691 0.0098068302912150494 -0.005014352575636912 0.066689138509605339 -0.039199515808968272 -0.007441311572728238 -0.027932036001285517 -0.016816549798834304 -0.040087419590367337 0.015179128158840486 0.040595550818036646 0.029880767176384826 -0.041571624745807979 -0.02690881953236933 0.048866003439271763 -0.02769797512804208 0.060025224881763165 -0.011072561563865768 -0.040061020035012551 0.0016637379851537504 0.024340858557359915
leaf_weight=0.50505944527685898 13.610191936488262 3.9805369935929766 11.159449935890736 2.863985667936503 8.3605224306229484 18.72907708119601 1.6644340991042543 4.7019493679981679 1.7769266793038694 3.4578642644919446 4.6318777580745509 34.893798527424224 2.8984385104849935 5.5002650750102502 0.87955403071828042 4.2973407115787259 4.3305499968118966 3.4403592115268138 18.44723801757209 11.145674166502429 2.6155984774231911 10.37218414316885 17.884399307193235 1.1952297557145359 2.614454329945147 2.7943131071515381 19.645295955124315 5.4854029491543761 33.912635832559317 28.046704601729289
leaf_count=3 315 43 75 31 252 186 13 52 29 45 56 397 24 384 18 139 86 34 152 84 51 570 836 6 106 47 654 84 602 371
internal_value=-0.000154034 0.00431681 0.00108942 0.0128763 0.0159166 0.0131955 0.0118054 -0.0147436 -0.0258518 -0.00348129 0.0044676 -0.000879657 0.031701 -0.0198005 -0.00828332 0.00311596 0.0156794 0.0156301 0.00649216 0.0245969 0.000767502 -0.0270202 -0.0202212 0.0074984 -0.00367721 0.0438732 -0.00850115 -0.0174 -0.00379531 0.0180158
internal_weight=285.841 232.852 169.095 63.7578 59.1168 55.1363 50.5591 6.36638 4.64091 118.536 45.882 38.3517 7.53032 52.9889 20.4176 14.9174 10.62 44.1927 21.8876 22.3051 6.94615 32.5713 22.1991 4.31474 3.80968 3.67387 72.6535 25.1307 47.5228 46.7758
internal_count=5745 3499 2587 912 852 809 410 65 60 2177 522 442 80 2246 725 341 202 345 186 159 137 1521 951 115 112 65 1655 738 917 557
is_linear=0
shrinkage=0.05


Tree=17
num_leaves=31
num_cat=0
split_feature=0 5 3 2 2 2 5 2 5 5 6 2 0 5 2 0 6 2 2 0 2 2 6 2 2 6 4 2 6 6
split_gain=9.3222 4.13862 4.07751 2.52813 2.512 2.54855 3.14724 2.46479 2.5666 3.37995 2.06739 2.01332 2.01796 1.5118 1.92386 1.66342 1.29178 2.01814 2.58032 1.99641 3.09894 3.30643 1.93786 2.29001 1.39351 1.2666 1.22578 1.11917 1.11731 1.0224
threshold=0.61832500000000012 0.41144200626959254 2.5000000000000004 3.3932659910160905 3.2294790785070626 3.1567830665350254 0.25378787878787884 3.3179759011960215 0.32993197278911568 0.47987117552334951 28.500000000000004 2.5296351104100774 0.41875000000000001 0.40192307692307699 3.0952929991690303 0.62250000000000016 46.500000000000007 4.0537383911602278 3.4519696286118893 0.88750000000000007 4.1371425000421622 3.4519696286118893 39.500000000000007 3.6461801274364229 3.8301357469544932 64.000000000000014 1.0000000180025095e-35 2.6225977269441549 67.000000000000014 65.500000000000014
decision_type=2 2 2 2 2 2 2 2 2 2 2 2 2 2 2 2 2 2 2 2 2 2 2 2 2 2 2 2 2 2
left_child=1 10 -3 4 5 13 -7 -6 -9 -10 26 -4 -13 14 -2 -15 19 18 25 20 21 -5 23 -21 -24 -18 -1 -14 -20 -8
right_child=3 2 11 16 7 6 29 8 9 -11 -12 12 27 15 -16 -17 17 -19 28 22 -22 -23 24 -25 -26 -27 -28 -29 -30 -31
leaf_value=0.0082235435142628561 0.0056896582894828086 -0.054411413335905656 -0.084292069481284426 -0.055477924552670525 -0.038391211166213766 -0.049708532526336523 0.047581675242086667 0.058671081543261686 -0.029653898403111709 0.060363841796054397 -0.032031147903147823 -0.030530839100669616 0.032356918997613802 0.050190749433141404 0.040089605651200205 -0.0051184874260758288 0.023832702212190863 0.038455198537372434 0.0125100009638599 0.082521979485816715 -0.041872674674348791 0.02035107287364829 -0.039252794103723863 0.018102466742861107 0.027253626403520484 0.076636719573980799 -0.036699616758088187 0.0014505200305147882 -0.014225589041209453 0.0060597451663546983
leaf_weight=5.9237519335001698 48.678836406674236 3.7992689638631409 0.71192442486062546 1.6947545837610984 7.0017246967181554 1.1278469413518895 7.0983445057645422 1.6068867966532687 5.2662222683429718 1.3002515155822036 29.185191589407623 4.7975274504278778 3.1377200894057742 1.3986861258745182 4.4346900396049014 48.396911719697528 2.7165823038667467 11.393659477587788 12.673635137267413 2.1651315763592702 4.1243531517684451 9.4730823445133847 1.6232659853994849 3.8022636026144028 1.5300122424960134 1.9514413457363842 2.0419206339865923 44.063946016598493 5.6499198775272808 1.8739215065725146
leaf_count=100 668 228 15 14 97 12 70 9 46 15 1528 364 35 8 42 812 24 121 147 12 52 112 12 27 9 16 70 970 85 25
internal_value=-3.05853e-05 -0.0129063 -0.00438438 0.00641899 0.00248137 0.00504628 0.0290138 -0.0166195 0.00203123 -0.0118292 -0.0258691 -0.000778574 0.000364814 0.00269396 0.00856187 -0.00356493 0.0150033 0.0212479 0.0127207 0.0062078 -0.00483461 0.00884378 0.0247221 0.0414756 -0.006983 0.0459071 -0.00329206 0.00350502 0.0042663 0.0389095
internal_weight=280.644 93.6613 56.5104 186.982 128.184 113.009 10.1001 15.1751 8.17336 6.56647 37.1509 52.7111 51.9992 102.909 53.1135 49.7956 58.7981 34.3852 22.9916 24.4129 15.2922 11.1678 9.12067 5.9674 3.15328 4.66802 7.96567 47.2017 18.3236 8.97227
internal_count=5745 3310 1612 2435 1804 1637 107 167 70 61 1698 1384 1369 1530 710 820 631 393 272 238 178 126 60 39 21 40 170 1005 232 95
is_linear=0
shrinkage=0.05


Tree=18
num_leaves=31
num_cat=0
split_feature=0 3 2 1 0 0 2 6 2 6 1 0 1 6 2 2 1 1 2 2 6 3 6 1 6 6 6 6 0 1
split_gain=10.5798 2.82256 2.45961 3.96591 3.44357 2.45014 2.00605 2.10478 1.81648 2.0922 1.39606 1.37769 1.47922 1.32031 1.30135 1.30892 1.27303 1.40312 4.57045 1.33973 1.07307 0.875608 0.899951 0.920466 0.85414 2.6706 1.43623 2.21116 1.42562 1.36297
threshold=0.61832500000000012 2.5000000000000004 3.3932659910160905 8.0500000000000025 0.83667500000000017 0.46625000000000005 2.6225977269441549 29.500000000000004 3.4369016171537843 64.000000000000014 6.0500000000000007 0.62250000000000016 7.5500000000000007 67.000000000000014 2.5296351104100774 2.6437602321021623 4.5500000000000007 6.8500000000000005 3.6964859815791882 5.4024352020554556 22.500000000000004 3.5000000000000004 22.500000000000004 7.1500000000000012 64.000000000000014 67.000000000000014 57.500000000000007 48.500000000000007 0.88750000000000007 8.1500000000000004
decision_type=2 2 2 2 2 2 2 2 2 2 2 2 2 2 2 2 2 2 2 2 2 2 2 2 2 2 2 2 2 2
left_child=1 20 3 4 11 21 13 -8 9 -4 -7 -2 -13 -6 -12 -16 -10 18 -18 -19 -1 22 -3 -24 26 -26 27 -5 -27 -28
right_child=2 5 8 24 6 10 7 -9 16 -11 14 12 -14 -15 15 -17 17 19 -20 -21 -22 -23 23 -25 25 28 29 -29 -30 -31
leaf_value=0.021718696449039288 0.03574635885831514 0.089087803808897942 0.019526751171794646 0.021887177735044026 0.059818151930715595 -0.042940660883898779 -0.024048324690106308 0.0084930382572900899 0.063071426131538391 0.078037706846875166 -0.070532304015339387 -0.0090021013658829769 -0.030224742172562765 -0.012247659384967609 0.019644334739448904 -0.0063644680495808237 0.034078143224451012 0.013443700301234858 -0.023343766061130297 0.046775821113317941 -0.044378293806357577 -0.034263755113766094 0.032610516355922069 -0.030318228365455765 -0.05590154406789774 0.0041048958289971148 0.0023997116317580553 -0.011199090934337071 0.061726757789529352 0.056787067900888867
leaf_weight=0.66118178470060129 1.3548612445592869 0.23701622430235092 4.3717140466906121 22.299302519066263 2.6981324721127744 2.5165018478874108 5.8852031733840695 31.921492316294461 1.2129550203680981 2.3485788777470589 0.74825977440923352 26.599194154143333 11.876670047873629 0.83140452858060587 5.2750583644956341 58.30575056921225 5.5429890849627546 35.143817274365574 9.245102124521507 3.2974748890846959 8.6138440432259795 12.546005053969564 0.81390477926470373 2.0315507631748915 1.6470004990696887 5.8188622668385506 1.5922590065747488 6.5279624005779615 1.3162262514233587 4.1656287359073758
leaf_count=16 8 8 28 146 35 122 51 413 6 11 22 738 236 14 73 1508 81 349 129 27 487 885 31 158 15 48 17 52 7 24
internal_value=0.000375296 -0.0135153 0.00723835 0.00320561 -0.00331651 -0.0105743 0.00679297 0.00342747 0.0154495 0.0399749 -0.00640726 -0.0138081 -0.0155531 0.0428426 -0.0049781 -0.00420662 0.0124221 0.0112679 -0.00182043 0.0163029 -0.0396665 -0.0283975 -0.00452102 -0.0123183 0.0154125 0.00148738 0.0189485 0.0143948 0.0147345 0.041747
internal_weight=277.446 91.7491 185.697 124.534 81.167 82.474 41.3362 37.8067 61.1626 6.72029 66.8456 39.8307 38.4759 3.52954 64.3291 63.5808 54.4423 53.2294 14.7881 38.4413 9.27503 15.6285 3.08247 2.84546 43.3672 8.78209 34.5852 28.8273 7.13509 5.75789
internal_count=5745 3310 2435 1804 1495 2807 513 464 631 39 1725 982 974 49 1603 1581 592 586 210 376 503 1082 197 189 309 70 239 198 55 41
is_linear=0
shrinkage=0.05


Tree=19
num_leaves=31
num_cat=0
split_feature=0 5 3 2 2 6 2 2 2 0 6 6 5 6 6 6 2 6 0 0 5 2 5 0 4 2 2 5 5 3
split_gain=9.97254 3.42418 3.24514 2.27679 3.73678 2.01564 1.90002 1.4621 1.60011 1.42898 1.39212 1.61035 1.33593 1.6456 1.32604 2.59609 2.66587 1.59282 1.64541 1.26859 1.2371 1.18217 1.12021 1.30395 1.02699 0.976298 0.954617 0.909128 0.835408 0.774204
threshold=0.61832500000000012 0.4160256410256411 2.5000000000000004 3.3179759011960215 3.2294790785070626 28.500000000000004 3.1567830665350254 2.6064219431943121 2.6899880530998783 0.41875000000000001 57.500000000000007 65.500000000000014 0.47987117552334951 48.500000000000007 64.000000000000014 67.000000000000014 3.4519696286118893 58.500000000000007 0.78167500000000012 0.74500000000000011 0.43167701863354041 4.0537383911602278 0.46027742749054229 0.86250000000000016 1.0000000180025095e-35 2.5296351104100774 2.5824491666626233 0.44365079365079368 0.40462577962577967 4.5000000000000009
decision_type=2 2 2 2 2 2 2 2 2 2 2 2 2 2 2 2 2 2 2 2 2 2 2 2 2 2 2 2 2 2
left_child=1 5 -3 4 6 24 7 19 -9 -4 20 -12 13 -8 17 -16 28 22 -19 -2 -6 -18 27 -24 -1 -11 -27 -5 -17 -7
right_child=3 2 9 14 10 29 12 8 -10 25 11 -13 -14 -15 15 16 21 18 -20 -21 -22 -23 23 -25 -26 26 -28 -29 -30 -31
leaf_value=0.0083168032258438673 -0.0079527602713911055 -0.053102618634251142 -0.029440114322574103 0.0111767903765418 -0.063630314917269643 -0.024551525174746163 -0.015940696771762856 -0.016966228219499908 0.0035531179167157668 -0.079644850746736398 0.05731634940701287 -0.043475298611639686 0.055419868513224203 0.032859575749231061 0.063751764538295549 0.028988079772550475 -0.012405394597297418 -0.051434579287372897 0.01191307313639112 0.034149148238956713 0.0029579555200455448 0.024842625076021363 0.012600282411589534 0.046581561626986838 -0.034096464185386408 0.040975633394194924 0.00038872752592741615 -0.019492059661768507 0.081849247531383118 -0.041453337181105776
leaf_weight=5.8713402887806287 2.4859493114054185 3.2560449086595318 4.1945268694544202 34.789797657635063 3.4743364839814594 18.781207869527861 2.7572565041482431 10.81386031466536 78.250273415353149 0.37133121956139703 0.75519456854090072 0.83384701516479254 2.757682032417506 4.6255475543439388 3.7246684543788424 1.423929340206086 5.4190881678368878 2.0131395007483652 2.0885206190869212 6.3837043680250645 0.87271249946206797 3.5098142791539431 6.7398361293598992 4.8578118132427335 1.8856301819905636 1.4997937334701408 42.579205530113541 2.5967730619013301 1.5731883756816385 10.598821898456665
leaf_count=100 50 214 334 325 44 987 23 177 1222 11 11 22 25 59 28 13 85 33 19 81 20 40 89 36 70 18 944 22 11 632
internal_value=0.000649576 -0.0130718 -0.00477756 0.0073349 0.00300151 -0.0246634 0.00512297 0.00298967 0.00106173 -0.00154292 -0.0356225 0.00442609 0.0257257 0.0146341 0.0145225 0.0273127 0.0159323 0.0107517 -0.0191786 0.022349 -0.0502621 0.00223623 0.0132579 0.0268337 -0.00199337 0.00108958 0.0017697 0.00904661 0.0567349 -0.0306488
internal_weight=271.785 89.0379 51.9009 182.747 114.01 37.137 108.074 97.9338 89.0641 48.6449 5.93609 1.58904 10.1405 7.3828 68.7366 15.6507 11.926 53.0859 4.10166 8.86965 4.34705 8.9289 48.9842 11.5976 7.75697 44.4503 44.079 37.3866 2.99712 29.38
internal_count=5745 3310 1521 2435 1734 1789 1637 1530 1399 1307 97 33 107 82 701 177 149 524 52 131 64 125 472 125 170 973 962 347 24 1619
is_linear=0
shrinkage=0.05


Tree=20
num_leaves=31
num_cat=0
split_feature=0 3 5 4 6 0 1 5 0 6 6 1 5 5 3 5 1 6 6 3 1 5 5 5 0 5 5 6 6 5
split_gain=9.34402 2.64858 1.95592 2.94611 2.26288 2.03068 1.59828 1.50613 1.46357 2.99714 1.61316 2.43737 1.41824 1.37316 1.27103 3.20799 3.63916 2.59806 2.66095 1.31245 1.26628 1.72074 3.55964 1.72829 1.35371 1.36995 0.817247 0.784751 0.682832 0.626328
threshold=0.61832500000000012 2.5000000000000004 0.41144200626959254 1.0000000180025095e-35 27.500000000000004 0.55832500000000007 6.2500000000000009 0.41444372153545878 0.9125000000000002 23.500000000000004 34.500000000000007 8.3500000000000032 0.18898809523809526 0.46027742749054229 2.5000000000000004 0.40761518262115071 8.4500000000000011 38.500000000000007 29.500000000000004 1.0000000180025095e-35 7.9500000000000011 0.49305555555555564 0.5272058823529413 0.45080645161290328 0.62250000000000016 0.21638795986622075 0.4160256410256411 23.500000000000004 69.500000000000014 0.2869249394673124
decision_type=2 2 2 2 2 2 2 2 2 2 2 2 2 2 2 2 2 2 2 2 2 2 2 2 2 2 2 2 2 2
left_child=1 27 3 4 5 -3 -4 -8 14 -10 -11 13 -6 -12 15 16 19 18 -17 -2 24 23 -23 -22 -16 -26 -9 -1 -19 -5
right_child=8 2 6 29 12 -7 7 26 9 10 11 -13 -14 -15 20 17 -18 28 -20 -21 21 22 -24 -25 25 -27 -28 -29 -30 -31
leaf_value=-0.0005745704366846078 0.025364493414576972 -0.0052259701800532908 -0.050415088954013455 -0.061410600855057895 0.018435635760400117 0.063736041451797065 0.06447116448697536 -0.05392473517494796 -0.052905469486678861 0.038332926140574902 0.012010268958182635 -0.0361762088040328 -0.025750848383609644 0.043032218612288363 0.054550755928892525 -0.028142386373487829 0.05057467197438708 -0.068323664570120957 0.076639247922493117 -0.01826544584201888 0.012760072310847673 -0.070141879630708531 0.013927932701982971 0.044207133668406097 0.023668588892552175 -0.00029462349868675112 -0.0032628980019006482 -0.047539795309324742 -0.012157825972058868 -0.034402859638643486
leaf_weight=1.0225261116866011 2.2137676943093556 2.6897260537371066 1.8448545330320474 2.9175808175932643 2.1526937480084589 1.7699187807738779 0.81357146101072331 0.81044181366450985 1.5901411250233639 7.3109359890222541 26.585401414893571 2.3971294797956935 11.610070215538142 4.1199819715693584 1.2229050993919361 2.187293859198689 3.5092117935419074 3.5805531416554004 0.83806272409856308 7.7858479339629412 27.460243120789528 1.8023269455879916 4.1776501275599003 5.1958582475781432 6.4647766686975947 77.033467134693637 44.777569182100706 6.8340266707818955 0.63748467946425069 8.1242725301999581
leaf_count=28 19 53 125 156 78 14 28 45 14 46 212 17 637 41 7 29 17 79 10 99 196 13 36 32 97 1481 1177 458 18 502
internal_value=-6.80049e-05 -0.0137645 -0.0109606 -0.0211589 -0.00880958 0.0221433 -0.00477474 -0.00296015 0.00621439 0.0144272 0.0170765 0.0123819 -0.0188394 0.0161727 0.0038206 -0.00762799 0.00676716 -0.0344747 0.000883475 -0.00860642 0.00574658 0.0132481 -0.0114102 0.0177636 0.00232559 0.00156071 -0.00416354 -0.0414273 -0.0598352 -0.0415391
internal_weight=271.48 85.3673 77.5107 29.2643 18.2224 4.45964 48.2464 46.4016 186.113 42.0036 40.4134 33.1025 13.7628 30.7054 144.109 20.7522 13.5088 7.24339 3.02536 9.99962 123.357 38.6361 5.97998 32.6561 84.7211 83.4982 45.588 7.85655 4.21804 11.0419
internal_count=5764 3301 2815 1440 782 67 1375 1250 2463 330 316 270 715 253 2133 271 135 136 39 118 1862 277 49 228 1585 1578 1222 486 97 658
is_linear=0
shrinkage=0.05


Tree=21
num_leaves=31
num_cat=0
split_feature=0 3 5 3 6 0 5 5 1 3 0 1 0 3 5 5 5 0 5 6 6 0 3 3 0 5 1 5 0 6
split_gain=8.88189 2.22794 1.72063 2.63915 1.65881 1.57234 1.46363 1.45006 1.44548 2.09602 2.72076 2.43155 1.89725 2.32435 3.69597 3.599 1.72863 1.64775 1.60363 1.96213 1.49081 2.49333 1.34846 2.52729 3.06937 2.75158 1.34129 1.24176 1.20101 1.19291
threshold=0.61832500000000012 2.5000000000000004 0.41144200626959254 4.5000000000000009 27.500000000000004 0.55832500000000007 0.41444372153545878 0.18898809523809526 8.0500000000000025 3.5000000000000004 0.67250000000000021 8.4500000000000011 0.81667500000000015 3.5000000000000004 0.38348416289592763 0.54897260273972615 0.40462577962577967 0.66457500000000003 0.29905613512170898 51.500000000000007 44.500000000000007 0.69000000000000006 1.5000000000000002 3.5000000000000004 0.62250000000000016 0.37590579710144933 6.2500000000000009 0.42640692640692646 0.96250000000000013 54.500000000000007
decision_type=2 2 2 2 2 2 2 2 2 2 2 2 2 2 2 2 2 2 2 2 2 2 2 2 2 2 2 2 2 2
left_child=1 -1 3 4 5 -3 -4 -6 12 11 17 20 22 14 28 -16 -13 29 -12 -20 -10 -22 -2 25 -25 -24 -8 -18 -14 -11
right_child=8 2 6 -5 7 -7 26 -9 9 10 18 16 13 -15 15 -17 27 -19 19 -21 21 -23 23 24 -26 -27 -28 -29 -30 -31
leaf_value=-0.03949627378040798 -0.044770023972875342 -0.0050481216089103623 0.056766251305653007 -0.039594695782816838 0.02076306605638617 0.058864868923905911 -0.049312238802194062 -0.024442458376678612 0.0076097900955427178 0.035818313094331471 0.071524291093671033 0.044414208348733469 -0.016031182377493233 0.013489760840151544 -0.05360552395428874 0.018420536596009451 0.031661023713865998 -0.051406523628000522 0.01059117520737286 0.042549442296710212 0.035571105823635846 -0.031303507740552197 0.038721402788039087 0.081208561320999198 -0.0097037154403865743 -0.0061268798414686031 -0.0047484336831766158 -0.044344493579663101 0.032215761956149551 -0.018663826280730312
leaf_weight=7.5511741474037981 1.8989469043444831 2.5085826031863716 0.93456416763365169 11.229659534059467 2.1181033246684811 1.5611617043614385 1.7548010603059072 10.917996311560271 10.07975673070178 2.0268456190824535 2.1844992153346565 4.9638565368950358 1.7699499875307072 55.456894834991544 5.6234518843702954 2.5078292340040207 1.0006118481978776 1.5836091348901389 9.7616114765405673 9.4547847770154458 1.6836155923083413 8.0966763203032297 7.0053382776677591 0.94874769449233909 43.332335133105516 6.6824372687842697 44.685943602817133 1.1608089250512419 4.7554433159530163 1.9922925978899
leaf_count=486 49 51 29 679 76 12 124 622 81 12 15 27 28 597 80 28 10 13 59 60 17 92 70 5 1042 118 1222 18 28 14
internal_value=-4.83533e-05 -0.013598 -0.011015 -0.0207614 -0.00839774 0.019469 -0.00518561 -0.0170975 0.00608401 0.0129609 0.0228093 0.00310573 0.00322764 0.00880962 -0.00889879 -0.0313914 0.0281632 -0.00820909 0.0309299 0.0263152 -0.00588425 -0.0197915 -0.00330963 -0.00195146 -0.00775587 0.0168263 -0.00643231 -0.00915837 0.0191292 0.00881144
internal_weight=267.232 83.262 75.7108 28.3355 17.1058 4.06974 47.3753 13.0361 183.97 53.989 27.0036 26.9853 129.981 70.1136 14.6567 8.13128 7.12528 5.60275 21.4009 19.2164 19.86 9.78029 59.8678 57.9689 44.2811 13.6878 46.4407 2.16142 6.52539 4.01914
internal_count=5764 3301 2815 1440 761 63 1375 698 2463 418 173 245 2045 761 164 108 55 39 134 119 190 109 1284 1235 1047 188 1346 28 56 26
is_linear=0
shrinkage=0.05


Tree=22
num_leaves=31
num_cat=0
split_feature=0 2 5 0 3 0 2 5 2 2 1 1 3 6 6 0 5 0 5 5 6 1 0 5 5 1 5 3 6 6
split_gain=7.10708 3.12872 2.8214 2.07626 1.80198 2.68881 1.73986 1.69653 1.97124 2.01263 1.47471 1.81964 1.46223 1.43373 2.30529 1.73679 1.56973 1.93167 1.48782 1.41605 2.42379 1.58046 0.953981 0.936859 0.925457 0.85829 0.811052 0.888826 0.984734 0.859264
threshold=0.63542500000000002 3.1567830665350254 0.40609253321117739 0.46625000000000005 1.5000000000000002 0.81667500000000015 2.6153478486952397 0.6043478260869567 2.5824491666626233 2.6225977269441549 8.4500000000000011 8.3500000000000032 2.5000000000000004 34.500000000000007 24.500000000000004 0.88750000000000007 0.46998799519807927 0.86250000000000016 0.32235621521335811 0.37729468599033822 28.500000000000004 6.2500000000000009 0.71457500000000007 0.47722567287784684 0.18263888888888893 8.0500000000000025 0.38762626262626271 1.0000000180025095e-35 44.500000000000007 68.500000000000014
decision_type=2 2 2 2 2 2 2 2 2 2 2 2 2 2 2 2 2 2 2 2 2 2 2 2 2 2 2 2 2 2
left_child=3 2 6 24 5 -3 22 8 -4 -10 11 -8 26 14 23 -16 18 -18 -15 20 25 -21 -2 -6 -1 -14 27 28 -5 -29
right_child=1 4 7 12 13 -7 10 -9 9 -11 -12 -13 19 16 15 -17 17 -19 -20 21 -22 -23 -24 -25 -26 -27 -28 29 -30 -31
leaf_value=0.014881581386176734 -0.015471617425937209 0.031025948601304733 -0.064787092036493549 0.057177275347396167 0.01231008127238103 -0.068891210572043504 0.0049215384393005617 0.027941340778783824 0.035198276828469259 -0.013754561222561424 0.075627596914135412 -0.048346927763741339 0.0029645829336742164 0.020462959650323752 0.025048008012147523 0.06572657650541891 0.012569924656931004 0.051980130949186291 0.001307696820945955 -0.046168193943277383 -0.030624015186829497 7.3311809008381191e-05 0.036761718841258569 -0.03940272452595614 -0.029382771224033568 0.060435473919562513 -0.044941698838200872 -0.040155536499773548 -0.051563305306651708 0.058811170136712609
leaf_weight=1.2757701002992714 1.006050657480954 1.1818262452725314 1.7557022175751615 0.75766081176698141 4.0446422575041678 1.5648631984367964 38.31369158742018 2.7057970790192476 2.2532200012356034 30.807182785356417 0.70528948307037254 1.6732081770896901 3.3608641102910033 14.903485505841671 6.4097535414621216 4.4426161833107471 8.6040683165192586 4.8686020448803893 31.696589325321838 1.9092293113935728 11.150379895931108 57.448736693128012 6.667220707051456 1.1178947538137434 15.867804362496825 0.80531347915530194 3.6930634403834119 1.9195964736863973 0.28708579204976559 0.24761681538075198
leaf_count=49 10 17 32 11 42 23 579 39 41 579 3 17 55 146 71 30 113 37 356 117 517 1247 62 11 1245 5 208 73 20 9
internal_value=0.000336933 0.0066947 9.27654e-05 -0.0102711 0.0138873 -0.0258996 0.00807478 -0.010196 -0.0131599 -0.0104182 0.00395671 0.00269258 -0.00694714 0.0153236 0.0286165 0.0417005 0.0117798 0.0268115 0.00743387 -0.00491159 -0.0184661 -0.00141403 0.0299134 0.0011122 -0.0260888 0.0140736 -0.0289607 -0.010586 0.0272965 -0.028848
internal_weight=263.445 164.722 85.8874 98.7231 78.8343 2.74669 48.3655 37.5219 34.8161 33.0604 40.6922 39.9869 81.5795 76.0877 16.0149 10.8524 60.0727 13.4727 46.6001 74.6745 15.3166 59.358 7.67327 5.16254 17.1436 4.16618 6.90502 3.21196 1.04475 2.16721
internal_count=5764 2208 1362 3556 846 40 671 691 652 620 599 596 2262 806 154 101 652 150 502 1941 577 1364 72 53 1294 60 321 113 31 82
is_linear=0
shrinkage=0.05


Tree=23
num_leaves=31
num_cat=0
split_feature=0 3 5 1 6 3 5 0 1 0 3 0 6 1 5 1 5 0 5 1 0 1 0 1 3 5 5 6 6 6
split_gain=6.7946 1.9765 1.53115 1.92188 1.90735 1.65005 1.51649 1.1612 1.13769 1.06854 2.99207 3.34511 3.35806 1.65402 3.56581 1.19925 1.07402 1.04686 1.22555 1.09443 1.07493 0.93702 1.30603 1.04687 0.7818 0.695573 1.36554 0.755152 0.542923 0.533016
threshold=0.63542500000000002 2.5000000000000004 0.38006535947712422 6.2500000000000009 28.500000000000004 4.5000000000000009 0.18898809523809526 0.60832500000000012 8.4500000000000011 0.83667500000000017 3.5000000000000004 0.96250000000000013 37.000000000000007 7.5500000000000007 0.45521390374331555 7.5500000000000007 0.34580419580419586 0.66457500000000003 0.42640692640692646 5.5500000000000007 0.76500000000000012 7.6500000000000012 0.61832500000000012 7.2500000000000009 4.5000000000000009 0.41833333333333339 0.36914510317720278 46.500000000000007 23.500000000000004 41.500000000000007
decision_type=2 2 2 2 2 2 2 2 2 2 2 2 2 2 2 2 2 2 2 2 2 2 2 2 2 2 2 2 2 2
left_child=1 28 4 -4 7 6 -6 24 9 17 11 12 -11 16 -15 -13 -12 -2 20 -20 -19 23 -23 -5 -3 26 -10 -27 -1 -7
right_child=8 2 3 21 5 29 -8 -9 25 10 13 15 -14 14 -16 -17 -18 18 19 -21 -22 22 -24 -25 -26 27 -28 -29 -30 -31
leaf_value=0.0033916561346881073 0.031172187797072398 0.012438961943093685 -0.046882501981914695 -0.0008605690689103446 0.023001542955293615 -0.017263852843511465 -0.024959906890829706 0.074391850107980301 0.014475258061750807 0.0085575071520187576 0.018807403733251599 0.03187980610780445 -0.057472209714153212 0.010832328331103404 0.052894094936921758 -0.0026176637029291364 0.0018693211500251578 0.008300504675877762 -0.081447555110054873 -0.0069288101714236397 -0.012255620826328899 -0.001432422772455925 0.024714046011340765 -0.017906331401021103 -0.033694170254108029 0.02517427548282208 0.063907915625629572 -0.043313874489545164 -0.036747563826535372 -0.054884145426959179
leaf_weight=0.94207658711820652 2.8732533571310332 3.1368155321106341 2.5178325807210049 23.878260472556576 2.0661903109867152 1.1559887579642225 8.1459863617783395 0.57604474574327458 3.5920538865029803 3.1498768450692296 16.231356807984412 4.1399370711296797 4.9538007737137377 13.678029386326672 7.9775365022942415 6.4354518745094538 22.103911152807996 40.910015816101804 0.50248249806463974 25.348549177637324 7.530314279254525 19.213316190172922 6.3560205874964586 14.4633382409811 1.2985133361071346 0.98115810565650441 2.2862737439572811 0.68240885436534882 7.9656668913085014 5.075216670287773
leaf_count=28 46 44 175 840 76 63 442 4 23 33 132 29 97 99 59 56 295 670 12 491 127 537 50 412 52 9 14 16 486 347
internal_value=0.000437864 -0.01006 -0.00778529 -0.00403462 -0.0193982 -0.0276283 -0.0152561 0.00760658 0.00665727 0.00573937 0.00983988 -0.00763508 -0.0318066 0.015281 0.0263272 0.010887 0.009041 0.00155887 0.000413559 -0.00837728 0.00510494 -0.00234659 0.00506706 -0.00729063 -0.00106725 0.0256234 0.0337012 -0.00292013 -0.0325025 -0.047905
internal_weight=260.168 96.7913 87.8835 66.4288 21.4548 16.4434 10.2122 5.01137 163.376 155.835 78.6699 18.6791 8.10368 59.9908 21.6556 10.5754 38.3353 77.1646 74.2914 25.851 48.4403 63.9109 25.5693 38.3416 4.43533 7.54189 5.87833 1.66357 8.90774 6.23121
internal_count=5764 3556 3042 2014 1028 928 518 100 2208 2146 800 215 130 585 158 85 427 1346 1300 503 797 1839 587 1252 96 62 37 25 514 410
is_linear=0
shrinkage=0.05


Tree=24
num_leaves=31
num_cat=0
split_feature=0 2 2 2 2 0 2 5 2 0 6 6 5 2 5 0 2 2 0 6 5 2 3 2 6 5 2 0 2 6
split_gain=6.05112 2.38578 2.30779 1.62904 2.71285 2.54695 2.0817 1.7495 1.76797 1.59567 1.48211 2.14072 1.65912 1.75548 1.73448 1.3974 2.20403 1.36691 1.47349 1.32666 2.36142 1.25972 1.02677 1.27893 0.995485 0.902541 0.773288 0.804942 0.801545 0.657249
threshold=0.63542500000000002 3.1567830665350254 2.6225977269441549 2.7685484973886085 2.784856905053958 0.78167500000000012 2.8005987924319804 0.21807065217391305 2.7326452431975903 0.46625000000000005 34.500000000000007 24.500000000000004 0.46998799519807927 5.7445296940494162 0.29905613512170898 0.88750000000000007 3.3464062818502818 4.9113694734042541 0.73667500000000008 32.500000000000007 0.37729468599033822 4.5697052401238327 2.5000000000000004 3.5941812513034272 37.000000000000007 0.18263888888888893 2.8451419081642224 0.5208250000000002 2.9508643802320873 47.500000000000007
decision_type=2 2 2 2 2 2 2 2 2 2 2 2 2 2 2 2 2 2 2 2 2 2 2 2 2 2 2 2 2 2
left_child=9 2 29 7 5 -5 -6 -4 -9 25 11 -3 13 14 -12 16 -13 18 -14 21 -21 26 23 -22 -24 -1 27 -11 -28 -2
right_child=1 10 3 4 6 -7 -8 8 -10 19 12 15 17 -15 -16 -17 -18 -19 -20 20 22 -23 24 -25 -26 -27 28 -29 -30 -31
leaf_value=0.017130165421633887 0.035032713771181501 -0.00047231918554601379 0.044925222414041399 0.076471779985387317 -0.043486519486125572 -0.0018609480583408407 0.0011166505522239652 -0.0083700854813764155 -0.041939938023725885 -0.0086182615040893695 0.017771001111855395 0.065457935072479073 -0.0065084105583742185 0.047118348062419019 -0.0035405693558343502 0.060209223207760967 0.005337774496873355 -0.022109543717962352 0.038846295706992273 -0.031671887933996029 -0.050255610560881063 -0.06030277096518416 -0.026911114085575356 0.038092779792672685 -0.0012889726315348403 -0.026951986507724152 -0.029153518359325017 0.027509285457426633 0.0048091078624469402 0.011153978585467609
leaf_weight=1.2578725386410976 4.9488748558796924 5.2292334446683553 1.1450200630351925 2.2624451736919573 2.77549900766462 1.9169365568086503 45.500481016584672 12.647707687458025 5.6850067975465199 2.0493644499220007 13.562538114376364 2.2283868361264449 2.1993908616714171 2.3455549385398617 32.248022029874846 4.4101486057043076 4.8259262200444937 1.3831082391552616 9.639170562848447 10.53789432835765 2.3317979013081636 0.72277992963790794 4.1804363809060296 0.49692115886136878 40.684840393951163 15.097523592528885 2.1315771676599971 6.2252161394571885 9.3912185593508166 6.8988245434593409
leaf_count=49 55 57 15 21 53 22 755 230 111 35 137 21 42 19 373 32 54 14 97 559 174 16 74 18 1088 1245 37 97 164 100
internal_value=0.000659009 0.00654071 0.000680683 -0.00268713 0.00189794 0.0405433 -0.00144769 -0.0150352 -0.0187802 -0.00935038 0.0128293 0.026039 0.00923647 0.00492901 0.00276887 0.0381315 0.0243291 0.0249251 0.0304202 -0.00639894 -0.0102513 0.0045333 -0.00551849 -0.0347354 -0.00367638 -0.0235617 0.00690039 0.0185616 -0.00147357 0.0211283
internal_weight=256.96 161.852 83.7808 71.9331 52.4554 4.17938 48.276 19.4777 18.3327 95.1074 78.0715 16.6937 61.3778 48.1561 45.8106 11.4645 7.05431 13.2217 11.8386 78.752 58.2319 20.5202 47.694 2.82872 44.8653 16.3554 19.7974 8.27458 11.5228 11.8477
internal_count=5764 2208 1362 1207 851 43 808 356 341 3556 846 164 682 529 510 107 75 153 139 2262 1913 349 1354 192 1162 1294 333 132 201 155
is_linear=0
shrinkage=0.05


Tree=25
num_leaves=31
num_cat=0
split_feature=0 1 4 2 0 2 5 2 5 5 6 5 5 5 5 2 0 0 2 2 6 6 2 6 1 1 5 5 1 2
split_gain=7.77414 2.94962 1.92088 2.50668 2.43645 2.37923 1.8938 2.57031 1.85899 1.44833 1.63333 1.69329 1.37999 2.61249 1.1998 1.12269 1.89196 1.88837 3.40039 1.55078 1.38167 2.40797 1.18077 1.97504 1.11827 1.04449 1.0261 0.985096 1.89247 1.60664
threshold=0.60832500000000012 8.0500000000000025 1.0000000180025095e-35 3.1567830665350254 0.83667500000000017 3.9829067764226105 0.37590579710144933 3.0208390702891097 0.34580419580419586 0.41144200626959254 39.500000000000007 0.20293040293040296 0.38956639566395673 0.29337431693989074 0.5128579777907657 3.0347362214391587 0.72082500000000016 0.74500000000000011 2.8840101815541477 2.9411966330899992 48.500000000000007 52.500000000000007 3.3848182702787946 42.500000000000007 6.4500000000000011 8.2500000000000018 0.45867486338797819 0.38006535947712422 6.5500000000000007 4.589410143454125
decision_type=2 2 2 2 2 2 2 2 2 2 2 2 2 2 2 2 2 2 2 2 2 2 2 2 2 2 2 2 2 2
left_child=9 2 3 6 27 14 8 -8 -2 10 -1 -12 13 -6 -5 16 -3 18 -18 -19 22 -22 -17 -24 -11 -26 -23 28 -4 -29
right_child=1 15 4 5 12 -7 7 -9 -10 24 11 -13 -14 -15 -16 20 17 19 -20 -21 21 26 23 -25 25 -27 -28 29 -30 -31
leaf_value=-0.0045494785932230202 0.0038135412005464078 0.028890150688482115 0.007600952234205649 0.022040456195139859 0.014581970424236946 -0.042778113925051695 -0.0012595857877467902 -0.055290027489984343 0.038968578270789145 -0.037069777288284068 0.0058550475795369882 -0.035828580134230507 0.01609948960749194 -0.026543896654688676 0.05538010848257905 0.048766721783624213 -0.079741974378770786 0.015742858852840741 0.025943715293864269 -0.043200160884572597 -0.032814733263660203 0.031755644021149429 -0.0011147334534164061 0.064595562614524468 -0.002673345619886411 -0.039345142161560702 0.00042714952661180905 -0.00094525331518674352 -0.037809926899390056 -0.046943272378817041
leaf_weight=10.45136587508023 11.955872154794635 7.6815061629749861 3.231447886675598 18.316927531734116 8.4523872621357423 1.2971696909517039 21.544660281855617 2.4516172795556477 5.4859742121770969 2.7631181692122473 2.8893359149806228 15.539953855099155 18.094870325643569 7.1097598392516366 3.164775730110704 7.7625811290927249 1.8457987457513803 8.7772820582613331 1.2951111979782579 1.2784366123378266 2.3164832731708875 8.9734897566959244 3.8430426213890314 1.6279386775568125 43.498117780894972 2.0324236996821119 3.6878118405584237 17.301229311851788 7.911112651694566 2.1323412111960343
leaf_count=368 173 61 82 189 78 15 448 54 65 195 150 1135 206 72 37 58 20 80 9 13 16 74 35 12 1233 125 34 464 186 36
internal_value=0.00176733 0.00752648 0.00354236 0.00965751 -0.00257125 0.0229813 0.0023333 -0.00677969 0.0148708 -0.0114816 -0.0203391 -0.0292934 0.00671034 -0.00420689 0.0269522 0.0179515 0.00916189 -0.00232156 -0.0361639 0.00824912 0.0244564 0.0140554 0.0362283 0.0184379 -0.00618466 -0.00431033 0.0226307 -0.0127881 -0.0246403 -0.00599237
internal_weight=254.714 177.54 128.45 64.217 64.2331 22.7789 41.4381 23.9963 17.4418 77.1743 28.8807 18.4293 33.657 15.5621 21.4817 49.0895 20.8781 13.1966 3.14091 10.0557 28.2113 14.9778 13.2336 5.47098 48.2937 45.5305 12.6613 30.5761 11.1426 19.4336
internal_count=5723 2517 2105 981 1124 241 740 502 238 3206 1653 1285 356 150 226 412 183 122 29 93 229 124 105 47 1553 1358 108 768 268 500
is_linear=0
shrinkage=0.05


Tree=26
num_leaves=31
num_cat=0
split_feature=1 3 5 3 1 6 6 5 2 2 2 5 5 3 5 2 2 2 6 1 5 1 6 1 5 5 5 3 5 1
split_gain=2.05769 3.75586 1.34703 3.0339 2.78844 2.22436 3.4599 2.0105 1.69045 1.31989 4.66012 1.65525 2.17749 1.95214 1.62142 1.59166 1.38279 3.76001 2.36711 1.6297 2.04487 1.52593 1.23424 1.18995 1.09407 1.06971 0.991304 0.972404 1.34365 2.03968
threshold=8.0500000000000025 3.5000000000000004 0.40877080665813065 1.0000000180025095e-35 8.4500000000000011 23.500000000000004 39.500000000000007 0.38762626262626271 3.3848182702787946 3.3643075840091208 3.4762696173592693 0.50423728813559332 0.4491379310344828 3.5000000000000004 0.34698996655518399 3.2569227723197582 3.7676888832150359 4.0537383911602278 43.500000000000007 7.3500000000000005 0.39545896066051484 5.1500000000000012 50.500000000000007 5.9500000000000011 0.36491677336747769 0.27622890682318418 0.59411764705882364 1.5000000000000002 0.20293040293040296 7.4500000000000011
decision_type=2 2 2 2 2 2 2 2 2 2 2 2 2 2 2 2 2 2 2 2 2 2 2 2 2 2 2 2 2 2
left_child=9 2 3 -2 7 -4 8 -5 -7 15 11 12 14 -14 -11 27 19 -18 -19 21 -21 -12 23 -17 -6 -25 -3 -1 29 -29
right_child=1 26 5 4 24 6 -8 -9 -10 10 16 -13 13 -15 -16 22 17 18 -20 20 -22 -23 -24 25 -26 -27 -28 28 -30 -31
leaf_value=-0.025517174536343452 0.044912662245638751 0.020169873261161861 -0.061608338898759551 -0.033276496171601749 0.0061057195275110261 0.042488187753563195 -0.034279055791915029 0.026534203302530354 -0.039140868848412821 0.0084393473739488543 -0.069676714866783215 0.06417417511034855 -0.097203189149310476 0.013536589761060753 0.050106251484605693 -0.082531274116203757 -0.045481474272693299 -0.022482486836228402 0.011212627864909291 -0.056320906125683114 0.0043838285305694063 0.02008422299028691 -0.042916399147166197 -0.061960407370785724 0.059376609003965623 0.0081293775554095622 0.067838494420831272 0.034474551535410305 -0.0026317875744050192 -0.03244918887350353
leaf_weight=4.2884796862490466 3.7994736116379562 29.611568427411843 2.2162887267768374 7.1273886247072351 2.2321275987196709 3.4415267413714883 4.915565543808043 1.7500112617854027 0.77752945176325727 4.3016580017283541 0.48998645553365605 2.9034553316887459 0.6673567013349373 0.98586427269037813 5.106428396422416 0.48202118324115684 5.7269482798874405 7.8986302416306016 15.325240533391478 1.9171112612821151 5.019513986655511 14.053010094794443 4.3568047927110456 0.61933636479079712 1.6963213500566778 4.4974662300664932 1.1323462807340536 5.3647418266627929 107.2940585319302 1.4452362488955257
leaf_count=167 42 354 21 137 34 56 157 38 18 56 11 39 10 23 72 10 160 153 305 59 85 302 141 16 23 106 18 129 2927 54
internal_value=0.00166894 0.00986509 -0.00339803 0.00567623 -0.00596515 -0.0166728 -0.00577034 -0.0214859 0.0274448 -0.000827203 0.00501419 0.0305748 0.0217554 -0.0311658 0.0310549 -0.00375796 -0.00206384 -0.00919541 -0.000247359 0.00754829 -0.0123935 0.01706 -0.0229592 -0.00742916 0.0291083 -0.000354271 0.0219256 -0.00214333 -0.00126485 0.0202718
internal_weight=251.443 58.7001 27.9562 16.6053 12.8058 11.3509 9.13462 8.8774 4.21906 192.743 64.3952 13.9648 11.0613 1.65322 9.40809 128.348 50.4304 28.9508 23.2239 21.4796 6.93663 14.543 9.95563 5.59882 3.92845 5.1168 30.7439 118.393 114.104 6.80998
internal_count=5723 898 526 274 232 252 231 175 74 4825 1275 200 161 33 128 3550 1075 618 458 457 144 313 273 132 57 122 372 3277 3110 183
is_linear=0
shrinkage=0.05


Tree=27
num_leaves=31
num_cat=0
split_feature=0 1 2 2 2 2 5 0 1 5 3 5 2 2 3 2 3 1 5 1 0 0 5 5 5 5 2 2 5 2
split_gain=6.47867 2.38473 1.92696 3.15866 1.85361 1.70734 1.70114 1.6245 3.63321 1.46084 1.66127 1.30648 1.26415 1.91458 1.22161 1.17569 1.16939 1.39623 1.73643 0.985277 0.87821 0.792399 2.5055 2.06769 1.34372 0.784443 0.817126 0.782454 2.04398 1.18544
threshold=0.60832500000000012 8.0500000000000025 3.3643075840091208 3.6305213796695512 3.5941812513034272 3.2356345651664475 0.48212005108556838 0.83667500000000017 7.7500000000000009 0.41144200626959254 2.5000000000000004 0.20293040293040296 4.8513053071537007 4.0537383911602278 3.5000000000000004 3.4762696173592693 4.5000000000000009 6.6500000000000012 0.34580419580419586 6.4500000000000011 0.78167500000000012 0.67250000000000021 0.38348416289592763 0.48212005108556838 0.54897260273972615 0.41444372153545878 3.0694006811697876 2.9047109317126538 0.33809523809523817 2.7305940295849545
decision_type=2 2 2 2 2 2 2 2 2 2 2 2 2 2 2 2 2 2 2 2 2 2 2 2 2 2 2 2 2 2
left_child=9 2 5 4 15 7 -7 11 -9 16 -11 -2 13 -5 27 -4 17 18 -1 -12 -14 22 -16 -24 -23 -21 -27 28 -3 -30
right_child=1 14 3 12 -6 6 -8 8 -10 10 19 -13 20 -15 21 -17 -18 -19 -20 25 -22 24 23 -25 -26 26 -28 -29 29 -31
leaf_value=0.030649277422300104 0.029408227661291492 -0.062400662309472749 0.032329158877476491 -0.013681103185301148 0.084160328864257741 -0.036935573628218248 0.032470645700925609 0.00017105643002268093 0.040439382032676684 -0.043180398006231635 -0.034170532757129321 -0.0089088813753829803 -0.047026616796569831 0.018503417644860267 -0.046895058014434957 0.0094045179790961039 -0.033653771419910487 -0.019704623040284554 -0.038055364686537384 0.050604747193981774 -0.007662624576534053 0.025222827634725567 0.04929174750406743 -0.018860798487212435 0.073713808543672307 -0.007576034464741789 0.0066167565652145779 0.015972426108196044 0.024290146272961929 -0.015581520917361123
leaf_weight=3.3575944812037077 2.3816357087343922 1.2619742397218958 11.570475342683499 7.6012845695950153 1.2354038190096606 5.4970068829134098 1.0517578935250638 25.561354925855994 7.1734679015353313 2.6720142411068073 2.3429860971518783 33.743556641624309 1.9933838783763338 11.784802149981259 1.5360901569947625 10.825404621195046 9.3708715860266256 14.566304390085859 1.266577065689489 0.72756535327061911 4.8994298516772687 18.127429639920596 3.2810821160674095 1.6841681525111196 1.5508775152266014 24.753267499501817 17.179774277436081 12.449156694114206 4.1446309336461127 3.3881219504401088
leaf_count=90 55 22 93 131 6 95 19 375 62 223 172 919 37 133 14 134 651 835 77 22 46 122 21 15 13 619 517 124 40 41
internal_value=0.00190746 0.00726561 0.00365169 0.0112727 0.0245371 -0.00139239 -0.0257887 0.000927757 0.00899541 -0.0102334 -0.00487626 -0.00638274 -0.000655257 0.00588387 0.0168156 0.0212482 -0.0191756 -0.0121058 0.0118308 -0.00260202 -0.0190466 0.0240445 0.00891054 0.026175 0.0290445 -0.000868224 -0.00176131 0.00790707 -0.00350965 0.00635645
internal_weight=248.979 172.742 125.319 49.9102 23.6313 75.4088 6.54876 68.86 32.7348 76.237 47.6756 36.1252 26.2789 19.3861 47.4235 22.3959 28.5613 19.1905 4.62417 45.0036 6.89281 26.1796 6.50134 4.96525 19.6783 42.6606 41.933 21.2439 8.79473 7.53275
internal_count=5723 2517 2105 580 233 1525 114 1411 437 3206 1553 974 347 264 412 227 1653 1002 167 1330 83 185 50 36 135 1158 1136 227 103 81
is_linear=0
shrinkage=0.05


Tree=28
num_leaves=31
num_cat=0
split_feature=0 1 2 2 5 3 6 5 6 0 1 2 3 3 0 5 5 2 5 5 0 5 5 2 2 0 1 2 6 5
split_gain=5.9078 2.02445 2.86893 2.57746 1.58944 1.55684 1.52713 1.71393 1.3165 1.49411 2.89026 1.19746 1.19627 1.11813 1.29104 1.92752 1.72383 1.61871 1.505 1.13185 1.20729 1.05318 1.56971 1.03131 1.11829 1.03034 0.972899 0.9311 1.26872 1.19459
threshold=0.60832500000000012 7.9500000000000011 3.3643075840091208 4.8513053071537007 0.41144200626959254 2.5000000000000004 39.500000000000007 0.20293040293040296 49.500000000000007 0.9125000000000002 7.6500000000000012 3.4694401823203798 3.5000000000000004 3.5000000000000004 0.96250000000000013 0.34580419580419586 0.35504201680672276 3.5941812513034272 0.31293706293706297 0.54897260273972615 0.66457500000000003 0.21638795986622075 0.27254641909814331 2.5824491666626233 2.6690321316788999 0.96250000000000013 6.4500000000000011 3.2615236374326266 62.500000000000007 0.38006535947712422
decision_type=2 2 2 2 2 2 2 2 2 2 2 2 2 2 2 2 2 2 2 2 2 2 2 2 2 2 2 2 2 2
left_child=4 2 8 11 6 -6 23 -8 21 -10 -11 12 -4 14 16 -16 18 -18 -3 27 -21 25 -23 -1 -25 -2 -7 28 -15 -29
right_child=1 13 3 -5 5 26 7 -9 9 10 -12 -13 -14 19 15 -17 17 -19 -20 20 -22 22 -24 24 -26 -27 -28 29 -30 -31
leaf_value=-0.063850566417664997 0.047743950208856349 0.0026723545623848748 0.01199898783223351 -0.015636377372713579 -0.042028595750419534 -0.034094686918784783 0.0070703788490211958 -0.034962424625765653 -0.018339800915302129 -0.011004613099401145 0.049450335102994673 0.013212046431526953 0.049490940144935436 0.034576259865843569 -0.018556988229172983 0.050414262377632503 -0.013627771546826192 0.049284256091024249 0.054885379306726656 0.0081872169300049175 0.070745969643150719 -0.03609508027454663 0.0035826816082658712 0.047993537944031169 -0.005793946144761487 -0.01152245101958306 -0.00017161017229036038 -0.018459659764941624 0.0016432249962308892 0.017079131273224798
leaf_weight=0.67109111975878732 2.3838854748755685 3.3338633393868866 3.606348221190272 6.7234345478937021 2.5547920875833361 2.225867757049854 2.9009721677284714 14.789011331042273 20.924111203639768 7.4456957085058111 2.691767493262887 30.962511042132974 5.188892662525177 11.422503668814903 1.4388611167669285 3.4224314242601395 12.506168140680527 1.1134835220873345 2.3550385870039463 1.1922488659620278 2.1838511936366558 2.699928064364939 32.470896908314899 1.0884553659707297 8.6133352508768422 1.0591613026335838 41.894884401466697 3.225952483713626 3.9308118000626555 8.8557041361927968
leaf_count=18 33 38 23 83 223 172 150 1135 709 94 17 400 43 82 16 26 158 7 15 12 21 44 558 31 319 11 1158 30 32 65
internal_value=0.00199384 0.00711566 0.00337426 0.012995 -0.0097342 -0.00408038 -0.0191379 -0.0280695 -0.00304385 -0.0107069 0.00504779 0.0178369 0.034118 0.01502 0.00696946 0.0299999 0.00117111 -0.00848436 0.024287 0.0213353 0.0486537 0.0031204 0.000536773 -0.00390595 0.000240535 0.0295122 -0.00188301 0.0179736 0.0261446 0.00758983
internal_weight=245.876 171.138 116.157 46.4812 74.7384 46.6755 28.0629 17.69 69.6754 31.0616 10.1375 39.7578 8.79524 54.9809 24.1698 4.86129 19.3086 13.6197 5.6889 30.8111 3.3761 38.6139 35.1708 10.3729 9.70179 3.44305 44.1208 27.435 15.3533 12.0817
internal_count=5723 2517 2015 549 3206 1553 1653 1285 1466 820 111 466 66 502 260 42 218 165 53 242 33 646 602 368 350 44 1330 209 114 95
is_linear=0
shrinkage=0.05


Tree=29
num_leaves=31
num_cat=0
split_feature=0 5 6 3 5 2 6 2 2 6 5 5 0 0 6 2 5 3 0 2 0 2 2 2 5 0 3 2 5 0
split_gain=5.05167 1.54438 1.60212 1.49939 1.47533 1.19059 1.62677 1.12125 2.43882 1.78208 1.68629 1.67896 2.72103 1.93468 1.52122 1.32657 1.3005 1.15131 0.991446 0.837335 0.75894 0.828655 2.52477 1.04026 0.756606 0.876522 0.741009 0.64263 1.0134 0.994622
threshold=0.60832500000000012 0.41144200626959254 39.500000000000007 2.5000000000000004 0.18898809523809526 3.1021172551641576 73.500000000000014 3.7676888832150359 3.9372024996980168 43.500000000000007 0.50423728813559332 0.43570116350275573 0.86250000000000016 0.69000000000000006 30.500000000000004 3.1819828491719071 0.56330128205128216 4.5000000000000009 0.88750000000000007 3.6964859815791882 0.41875000000000001 2.6336138048967253 2.5872375780558694 2.7334904123527184 0.21807065217391305 0.5837500000000001 4.5000000000000009 3.0368495884589435 0.6043478260869567 0.83667500000000017
decision_type=2 2 2 2 2 2 2 2 2 2 2 2 2 2 2 2 2 2 2 2 2 2 2 2 2 2 2 2 2 2
left_child=1 2 24 -3 19 6 27 10 18 14 11 13 -13 -7 -10 -12 -17 -11 -9 -4 -5 22 -22 -23 -1 26 -26 28 -2 -30
right_child=5 3 4 20 -6 7 -8 8 9 17 15 12 -14 -15 -16 16 -18 -19 -20 -21 21 23 -24 -25 25 -27 -28 -29 29 -31
leaf_value=-0.041984452451773013 0.0037233359721149262 -0.041276942471364542 0.020045307613388755 -0.021427596852221269 -0.033074679806439175 0.036841602284661261 -0.072251913525335124 -0.054744682797890389 0.014561495162866806 -0.014169283183922896 -0.023025434962924946 -0.021053008980847318 0.024988684431192856 0.010711089728690892 -0.032230176312197455 0.064092268666036331 0.021776619356595077 0.022728573217829024 0.0062357953606653029 -0.076314256865894117 -0.0075507494391669552 -0.027968420780102976 0.076013072470179396 0.0014928025181547581 0.017440142283959636 -0.041520070759405538 -0.015947733835450794 -0.0097321506234866427 0.0043056458630196673 0.069235950088822801
leaf_weight=1.0751680200919533 68.021126752486452 2.4331230071838936 2.0858526183292301 4.1024227156885891 14.957698289887047 9.1532533299177867 0.71947427466511626 2.3857717509381504 2.9770863596349981 2.4903388945385823 0.85338768991641512 8.4935367121361178 5.1576761421747497 31.327869600150734 4.169939705170691 3.6211799485608935 3.6417410913854837 13.99437887291424 0.92495858296751965 0.25277029117569316 2.4668957444373514 3.2999037903500712 1.4266651555662972 32.56281266559381 5.7774576046504063 1.0117385908961285 2.332845370285213 8.4760712343268079 1.1693308483809226 1.1900425273925064
leaf_count=36 1263 223 98 362 1172 124 18 50 37 26 15 123 54 330 51 36 46 161 8 15 35 91 17 825 174 33 125 139 23 13
internal_value=0.00226638 -0.00864661 -0.018033 -0.00307186 -0.0273006 0.00703756 0.00259149 0.0110043 0.00248301 0.00811362 0.0146925 0.011506 -0.00365762 0.0166195 -0.0127392 0.0359455 0.0428745 0.0171544 -0.0377078 0.00963027 -0.000952377 0.00116045 0.0230684 -0.00121807 -0.00231355 0.00236226 0.00783646 0.00327434 0.00484074 0.0370558
internal_weight=242.553 73.7854 27.4935 46.2918 17.2963 168.767 79.576 89.1911 26.9425 23.6317 62.2486 54.1323 13.6512 40.4811 7.14703 8.11631 7.26292 16.4847 3.31073 2.33862 43.8587 39.7563 3.89356 35.8627 10.1972 9.12204 8.1103 78.8566 70.3805 2.35937
internal_count=5723 3206 1653 1553 1285 2517 1456 1061 333 275 728 631 177 454 88 97 82 187 58 113 1330 968 52 916 368 332 299 1438 1299 36
is_linear=0
shrinkage=0.05


Tree=30
num_leaves=31
num_cat=0
split_feature=0 2 1 2 5 1 2 5 2 6 5 1 0 1 2 2 5 5 1 6 0 5 5 1 6 2 2 2 2 2
split_gain=3.82468 1.51248 2.29447 2.19952 2.59304 1.8036 2.56956 2.31988 1.92756 1.53146 1.41757 1.36439 1.31911 1.30335 1.26592 1.29335 1.23019 2.12521 1.06969 0.999668 0.983959 1.61841 0.993314 1.63058 0.962159 0.936613 0.808484 0.777879 0.719005 1.4384
threshold=0.63542500000000002 3.3464062818502818 7.7500000000000009 2.8524677714753515 0.26086335048599202 7.7500000000000009 3.5042216710073544 0.45080645161290328 4.4013162140956954 42.500000000000007 0.6043478260869567 7.4500000000000011 0.46625000000000005 7.9500000000000011 3.5277401006034736 3.6305213796695512 0.4160256410256411 0.37590579710144933 6.0500000000000007 67.000000000000014 0.96250000000000013 0.45620204603580566 0.21807065217391305 8.0500000000000025 58.500000000000007 3.0099801653309086 3.5367618019359481 2.9466204764652528 3.4519696286118893 3.4865948718212101
decision_type=2 2 2 2 2 2 2 2 2 2 2 2 2 2 2 2 2 2 2 2 2 2 2 2 2 2 2 2 2 2
left_child=12 2 3 4 19 6 16 8 9 -7 -6 27 -1 -9 -8 -16 17 -3 -14 -2 22 25 -4 -24 -13 -22 -15 -5 -20 -30
right_child=1 5 20 11 10 7 14 13 -10 -11 -12 24 18 26 15 -17 -18 -19 28 -21 21 -23 23 -25 -26 -27 -28 -29 29 -31
leaf_value=-0.021826719986400896 0.053199493638956021 0.036002681314163537 0.048687896717695377 -0.029304396998616707 -0.0054990190597595332 -0.053313521599830896 -0.040239631050056512 -0.024954192545795836 0.048522127482969912 -0.010341443569647876 0.054934609851528975 -0.022641659706469461 -0.036505617794900337 0.0086751341114305654 0.031519935342954511 0.0049607135450775112 0.053780937475897607 -0.025975616547721198 -0.0016752413529210958 -0.0081957342118043966 0.0001216684108206271 0.073272944313732977 -0.014367731422813314 0.011167277406254533 -0.062089739691668158 0.039522866702968749 0.051647355144125787 -0.0041212522392296384 -0.066847535849058282 -0.0094996327307059255
leaf_weight=15.056628151040057 3.3276354046538499 6.3757069548591954 1.3024953873828042 3.7433828460052672 19.065013482468206 3.0229850010946411 1.2911297772079731 1.1524928882718075 1.0175908282399166 6.6001707687973976 1.0223853420466174 5.876819728058762 2.6903871789108953 1.8179731760174034 5.7619634158909347 22.417294286889955 5.1499013882130376 1.7663105074316261 54.505420775851235 0.82799511961638916 4.0391758764162651 1.4515479635447261 8.6329079212155211 22.66742685623467 2.0973986759781837 2.4071306809782982 2.750624805688858 16.956434942083433 1.1837738463655103 14.324486266239544
leaf_count=1288 38 49 16 89 470 28 13 9 6 66 15 108 157 19 57 284 47 15 1631 16 37 11 143 216 49 14 24 347 24 448
internal_value=-4.01328e-05 0.00474444 0.000783598 -0.00607175 0.00501455 0.0110027 0.0164045 -0.00311527 -0.0169204 -0.0238405 -0.00242314 -0.0154449 -0.00835648 0.0225611 0.00817322 0.0103914 0.0346547 0.0225573 -0.00556686 0.0409667 0.00974061 0.025575 0.00590482 0.0041245 -0.0330174 0.0148346 0.0345475 -0.00867541 -0.00437799 -0.0138771
internal_weight=240.303 152.542 93.4178 52.9171 24.243 59.1241 42.7623 16.3618 10.6407 9.62316 20.0874 28.674 87.7607 5.72109 29.4704 28.1793 13.2919 8.14202 72.7041 4.15563 40.5007 7.89785 32.6028 31.3003 7.97422 6.44631 4.5686 20.6998 70.0137 15.5083
internal_count=5734 2186 1569 1132 539 617 465 152 100 94 485 593 3548 52 354 341 111 64 2260 54 437 62 375 359 157 51 43 436 2103 472
is_linear=0
shrinkage=0.05


Tree=31
num_leaves=31
num_cat=0
split_feature=0 0 6 2 5 2 1 3 2 6 5 5 5 0 6 2 6 5 6 2 5 1 5 6 2 5 2 1 5 5
split_gain=4.02682 1.36251 1.32732 1.25496 2.30216 2.63886 2.20919 1.87724 1.87301 2.17068 1.48081 1.34525 1.31278 1.24387 1.23816 1.35994 1.12401 1.12079 1.06254 1.00592 0.998184 0.869317 0.650719 0.848725 1.79777 1.07341 0.772454 0.567828 0.51023 0.429882
threshold=0.63542500000000002 0.96250000000000013 26.500000000000004 3.3583378512247672 0.21807065217391305 2.8232224082588302 8.0500000000000025 2.5000000000000004 3.4762696173592693 61.500000000000007 0.46027742749054229 0.44636015325670503 0.18898809523809526 0.46625000000000005 49.500000000000007 3.7155792478796408 48.500000000000007 0.55530303030303041 44.500000000000007 2.8393707346920736 0.44201680672268912 6.0500000000000007 0.61285846438482905 25.500000000000004 3.5941812513034272 0.36914510317720278 2.8999644251029708 7.4500000000000011 0.18898809523809526 0.41144200626959254
decision_type=2 2 2 2 2 2 2 2 2 2 2 2 2 2 2 2 2 2 2 2 2 2 2 2 2 2 2 2 2 2
left_child=13 3 27 4 5 28 17 18 9 -9 -8 -10 -7 -1 16 20 19 -6 -5 -4 -16 -15 23 24 -23 -25 -24 -3 -2 -20
right_child=1 2 14 7 6 12 10 8 11 -11 -12 -13 -14 21 15 -17 -18 -19 29 -21 -22 22 26 25 -26 -27 -28 -29 -30 -31
leaf_value=-0.021627803753799593 0.03618836483690975 -0.050064138445824524 -0.0067774850084858229 0.009901720131942059 -0.013883173210509409 0.021423349644588478 0.015025155775270103 0.047933782546571713 -0.00060132500861451036 -0.006912978916459628 -0.016790949994058609 0.020656772779591513 -0.051854503443225244 -0.034624022033335686 0.0070544977547062461 -0.030524534415282176 0.071130528593231129 0.0099799364425267947 -0.032261204892303851 0.030506663929042405 0.038709327714397029 0.019671854675831667 0.011286366289007295 -0.021525306585179149 -0.04989909558405644 -0.0030428564699656975 -0.05451434383697519 0.0010198882599715682 0.080382452838111518 -0.079741375314431248
leaf_weight=14.800745343731249 1.0487305494025343 1.0566222444176667 2.2395411990582952 1.2331768879666918 37.701269184122793 1.6097757751122119 17.926488522440199 6.3326545599848014 22.412672173697501 2.5226090624928474 4.5944780656136563 11.141590032959355 0.98530957009643305 2.5098816736135623 13.231182720512157 2.0154420025646678 1.3756080493330962 5.6590944975614539 1.3968251319602134 9.4116474343463761 3.0678476877510539 7.4143960825167579 0.66733935056254212 9.3277804411482048 1.0615246705710886 49.77914158027852 1.3448477769270537 1.1212314143776891 1.731202073395252 0.72371866181492794
leaf_count=1288 18 12 24 14 928 36 159 47 265 18 57 135 18 157 135 18 8 132 21 75 32 106 13 506 24 1432 22 9 11 14
internal_value=0.000145022 0.00509234 0.0139802 0.00254649 -0.00160307 0.0298611 -0.00417012 0.00900763 0.0118554 0.0323095 0.00853439 0.00645736 -0.006399 -0.00842477 0.016603 0.00822154 0.0283867 -0.0107687 -0.0270037 0.0233401 0.0130127 -0.00571462 -0.00467203 -0.00383778 0.0109588 -0.00595961 -0.0326916 -0.0237644 0.0637102 -0.0484657
internal_weight=237.444 150.539 33.5191 117.02 71.2563 5.37502 65.8813 45.7632 42.4095 8.85526 22.521 33.5543 2.59509 86.9057 31.3413 18.3145 13.0268 43.3604 3.35372 11.6512 16.299 72.1049 69.595 67.5828 8.47592 59.1069 2.01219 2.17785 2.77993 2.12054
internal_count=5734 2186 313 1873 1359 83 1276 514 465 65 216 400 54 3548 292 185 107 1060 49 99 167 2260 2103 2068 130 1938 35 21 29 35
is_linear=0
shrinkage=0.05


Tree=32
num_leaves=31
num_cat=0
split_feature=0 0 2 2 1 5 2 5 0 0 2 5 2 1 2 5 6 1 5 5 5 5 5 5 5 1 1 6 1 6
split_gain=3.64596 1.1975 1.15514 1.67887 2.10607 1.97433 4.95263 1.86037 1.61547 1.51333 1.5115 2.04549 2.25019 1.77947 1.55016 1.38058 1.20311 1.3538 1.17594 1.01527 1.78592 1.19428 1.00104 0.911274 0.872415 2.06621 1.99059 0.847057 0.833446 0.669258
threshold=0.63542500000000002 0.46625000000000005 3.3464062818502818 3.7972258460038955 7.2500000000000009 0.45080645161290328 3.4762696173592693 0.47420634920634924 0.78167500000000012 0.73667500000000008 2.6153478486952397 0.21807065217391305 2.8524677714753515 7.7500000000000009 2.7607058823271244 0.18898809523809526 23.500000000000004 6.5500000000000007 0.4491379310344828 0.37590579710144933 0.41444372153545878 0.28851224105461398 0.38548951048951058 0.18898809523809526 0.40192307692307699 6.3500000000000005 6.9500000000000011 58.500000000000007 6.0500000000000007 59.500000000000007
decision_type=2 2 2 2 2 2 2 2 2 2 2 2 2 2 2 2 2 2 2 2 2 2 2 2 2 2 2 2 2 2
left_child=1 -1 10 4 19 6 -6 -7 9 18 16 12 23 22 -15 -14 -2 -18 -5 21 -21 -4 -13 -12 25 -10 -26 -19 -3 -11
right_child=2 28 3 8 5 7 -8 -9 24 29 11 13 15 14 -16 -17 17 27 -20 20 -22 -23 -24 -25 26 -27 -28 -29 -30 -31
leaf_value=-0.021061715045530532 -0.04590342929230426 -0.034024651225101038 0.024237450792678337 0.007234991357246881 0.025615505359803604 0.070868369358857763 -0.041587070290475252 0.010947783034003324 0.038876109497459503 -0.075194692448186648 0.022603720754903731 -0.00079338627028438481 0.020019431020107798 -0.015225172008921465 0.011121499633129445 -0.056717606080266429 -0.017668379309451483 0.048966246367451449 -0.03901688419642739 -0.018767082057781864 0.031698218648665163 0.061780600448792591 -0.016588082878546205 0.07622071285917878 -0.023634728882314174 -0.017790908273592958 0.038977732557923361 0.014005881501869256 -0.004270082541743595 -0.015722609289226894
leaf_weight=14.472480299300512 0.63465176708996196 2.4367524081608272 4.4413757808506507 5.064089390914889 5.5135735301300901 1.755424991250037 5.4531567506492138 4.9424844919703901 2.2832259358838183 1.3314014472998681 1.3159459875896566 17.295704193646088 1.6243567438796165 7.0766012393869451 26.45128683722578 0.91702554933726776 1.5055949069792385 4.1877872655168176 1.8860775844659654 2.4106293078511936 6.4277811581268907 4.0498242415487766 23.88494741753675 1.992176325060427 1.6865964168682692 5.4443946070969105 5.1318588331341743 2.9553056934382766 68.867232325719669 0.73375608306378115
leaf_count=1288 7 157 36 85 52 14 62 46 19 23 20 330 34 92 290 22 25 51 30 28 74 24 629 13 19 53 44 56 2103 8
internal_value=0.000257583 -0.00794849 0.00500086 0.0104651 0.0174121 0.0052628 -0.00780067 0.0266521 0.000147151 -0.0164832 0.00143946 -0.000762116 0.0277113 -0.00299152 0.00556061 -0.00767015 0.0205441 0.0254201 -0.00531645 0.0297962 0.0179341 0.0421434 -0.00995438 0.0548923 0.0104542 -0.0010479 0.0234901 0.0345021 -0.00528692 -0.0540641
internal_weight=234.173 85.7765 148.397 58.5557 34.9943 17.6646 10.9667 6.69791 23.5614 9.01532 89.8414 80.558 5.8495 74.7085 33.5279 2.54138 9.28334 8.64869 6.95017 17.3296 8.83841 8.4912 41.1807 3.30812 14.5461 7.72762 6.81846 7.14309 71.304 2.06516
internal_count=5734 3548 2186 617 336 174 114 60 281 146 1569 1430 89 1341 382 56 139 132 115 162 102 60 959 33 135 72 63 107 2260 31
is_linear=0
shrinkage=0.05


Tree=33
num_leaves=31
num_cat=0
split_feature=0 2 2 2 1 5 1 6 5 2 1 0 5 2 5 0 2 2 1 6 2 0 5 1 5 6 1 5 1 2
split_gain=3.71996 1.26923 1.62993 2.21546 1.47091 1.30515 1.68016 1.2256 0.935174 0.873394 1.35323 1.71889 1.32534 1.28025 1.25094 1.57389 1.12673 2.4633 1.09499 1.68646 0.858663 0.826988 0.806499 0.692781 0.664746 0.717474 0.981588 0.852458 0.829966 0.769781
threshold=0.60832500000000012 3.3464062818502818 3.2294790785070626 3.220832220387837 8.4500000000000011 0.21807065217391305 8.0500000000000025 49.500000000000007 0.38006535947712422 3.7972258460038955 7.2500000000000009 0.64500000000000013 0.37590579710144933 4.0054454785074496 0.38006535947712422 0.72917500000000002 3.5534682665703636 3.4762696173592693 7.3500000000000005 41.500000000000007 3.3179759011960215 0.46625000000000005 0.38348416289592763 8.1500000000000004 0.45742753623188409 35.500000000000007 7.6500000000000012 0.42264752791068588 7.3500000000000005 3.864809981705871
decision_type=2 2 2 2 2 2 2 2 2 2 2 2 2 2 2 2 2 2 2 2 2 2 2 2 2 2 2 2 2 2
left_child=21 2 3 5 8 7 -7 -2 -4 10 11 -3 -13 14 23 -16 17 -12 19 -15 -10 -1 -18 -11 25 27 28 29 -27 -23
right_child=1 9 4 -5 -6 6 -8 -9 20 13 16 12 -14 18 15 -17 22 -19 -20 -21 -22 24 -24 -25 -26 26 -28 -29 -30 -31
leaf_value=-0.020139310810280375 0.040376494664152385 -0.043950358590855908 -0.057659455796105347 0.074205398468576142 0.031803401574003839 -0.0045813277233791036 0.01077044603686908 -0.0037395283965826909 -0.034734955822559747 -0.027013737114974262 0.015301498682995291 0.042490537456299327 0.015008190821618486 -0.030407699137081856 0.033563949699793143 -0.030518055607557205 -0.0096884607510647168 -0.025030793420004555 0.028348672929035909 0.010888478493322418 0.018357034758998216 0.011518482133625803 0.039487142026898202 -0.09166371222263113 -0.00076640141471003747 -0.015459875647461985 -0.032688950911690162 -0.026426910767306418 0.017186310227019479 -0.0559793963581681
leaf_weight=14.219229929905849 4.0363083053380242 0.87573513016104954 2.2880255402997127 1.0686388481408347 1.035940336063504 58.370123406290077 25.656791549408808 2.5810643406584859 2.1805158038623635 0.98579313512891775 9.6403666241094488 8.2172123119235057 9.4114273642189783 3.199137186631563 1.6880936562083664 2.2159496489912271 1.0979536995291699 6.2336879828944793 5.2030749670229843 10.881190658546982 1.1702957628294823 7.0488657511305082 3.4651079811155796 0.71488386765122414 25.799592393974308 9.8917408674024063 6.8113822055747724 2.4636708125472069 2.4239362429361782 0.44932891614735115
leaf_count=1288 45 18 45 13 7 1311 253 57 55 23 92 59 100 47 22 26 11 73 59 134 22 166 32 9 683 532 345 54 134 19
internal_value=0.000321326 0.00445982 0.000897514 0.00263367 -0.0229576 0.00178988 0.000106185 0.0231693 -0.033018 0.00995081 0.0146266 0.024422 0.0278185 0.0026348 -0.0183999 -0.00280924 0.00575755 -0.000536857 0.00874853 0.00150573 -0.0161922 -0.00939301 0.0276546 -0.0541895 -0.00660911 -0.0117911 -0.0174582 -0.000910285 -0.00903455 0.00747368
internal_weight=231.325 162.217 98.3877 91.7129 6.67478 90.6443 84.0269 6.61737 5.63884 63.8296 38.9415 18.5044 17.6286 24.8881 5.60472 3.90404 20.4371 15.8741 19.2834 14.0803 3.35081 69.1077 4.56306 1.70068 54.8885 29.0889 19.1271 9.96187 12.3157 7.49819
internal_count=5734 2513 1808 1679 129 1666 1564 102 122 705 385 177 159 320 80 48 208 165 240 181 77 3221 43 32 1933 1250 1011 239 666 185
is_linear=0
shrinkage=0.05


Tree=34
num_leaves=31
num_cat=0
split_feature=0 2 5 0 2 6 5 2 6 6 5 2 5 0 2 2 0 5 3 0 6 0 6 3 2 6 2 2 2 6
split_gain=3.16249 1.04516 1.49461 1.41318 2.13088 1.89731 1.35324 1.22568 1.19275 1.36412 1.10136 1.23617 1.07182 1.21316 1.04174 1.16731 0.989495 0.988084 0.968255 1.20122 1.02692 0.95602 0.909257 0.872241 0.773866 0.688578 0.651721 0.643239 1.31272 2.18965
threshold=0.63542500000000002 3.3643075840091208 0.38548951048951058 0.73667500000000008 2.8262479585440321 41.500000000000007 0.23182397959183676 3.7972258460038955 40.500000000000007 68.500000000000014 0.56155303030303039 3.2898160384859167 0.26696832579185525 0.96250000000000013 3.3464062818502818 3.2410776280782216 0.46625000000000005 0.47140522875816998 2.5000000000000004 0.96250000000000013 44.500000000000007 0.88750000000000007 62.500000000000007 3.5000000000000004 3.7359650897473711 41.500000000000007 3.4475878423115245 3.4519696286118893 3.4000282246878273 58.500000000000007
decision_type=2 2 2 2 2 2 2 2 2 2 2 2 2 2 2 2 2 2 2 2 2 2 2 2 2 2 2 2 2 2
left_child=16 2 3 4 6 -6 -2 18 12 22 11 25 -9 -14 15 -5 -1 -13 19 20 -3 23 -10 -12 26 -4 -20 28 -18 -30
right_child=1 7 10 14 5 -7 -8 8 9 -11 21 17 13 -15 -16 -17 27 -19 24 -21 -22 -23 -24 -25 -26 -27 -28 -29 29 -31
leaf_value=-0.019214993690484797 0.063185621319597721 0.010859585728917279 0.0029976322007017409 0.016811553187118286 -0.052002091698101598 -0.0027181827442619151 0.0065299686808045184 -0.076535212843219291 0.0083977152685997068 -0.027131051796471402 -0.033484246109701653 -0.064823161618102559 -0.025693763468057497 0.027987133904731506 0.064149834697149091 -0.019357656269383534 -0.0038884719678963786 0.0056819450971221054 0.032268087227799717 0.030989603061531257 -0.047548245382801821 0.037515815417841221 0.041554343412803396 0.012861552874109736 0.059255186249659135 -0.010784904913116129 0.014089790540049283 -0.013856084440818395 -0.011906881031120749 0.077515432744857227
leaf_weight=13.901609122403896 1.2918053399771441 1.3182971812784665 14.941546566085888 24.135215559508659 3.0307758357375842 5.4907807018607855 5.724749032407999 0.68715767934918659 12.150962541345509 2.33240609942004 1.3830615035258222 1.6013167519122355 3.6016059000976384 1.4870509840548036 1.0541127696633328 2.457917100749909 52.400850247300696 0.72052219696342934 6.5661058053374353 1.5959640108048914 1.7535570887848733 2.6323212180286646 2.4916982799768439 3.8170175992418081 1.2260225457139302 23.030454507563263 19.794210428372025 14.825038584065622 1.4066858880687498 1.3335802460787816
leaf_count=1288 13 14 227 305 47 126 85 7 145 35 34 27 52 14 6 40 1676 11 42 13 34 35 28 84 17 548 197 526 32 26
internal_value=0.000710014 0.0051471 0.00186725 0.0086202 -0.0034448 -0.0202465 0.0169607 0.0105918 0.00170491 0.00838292 -0.00419241 -0.00752722 -0.0179217 -0.0100067 0.0154009 0.0134686 -0.00703097 -0.0429437 0.0168603 -0.00419984 -0.0224823 0.0129635 0.0140399 0.000534992 0.0204239 -0.00536163 0.0186178 -0.00461012 -0.00212428 0.0316115
internal_weight=230.184 146.317 91.3116 43.1854 15.5381 8.52156 7.01655 55.005 22.7509 16.9751 48.1262 40.2938 5.77581 5.08866 27.6472 26.5931 83.8678 2.32184 32.2542 4.66782 3.07185 7.8324 14.6427 5.20008 27.5863 37.972 26.3603 69.9662 55.1411 2.74027
internal_count=5734 2186 1588 622 271 173 98 598 281 208 966 813 73 66 351 345 3548 38 317 61 48 153 173 118 256 775 239 2260 1734 58
is_linear=0
shrinkage=0.05


Tree=35
num_leaves=31
num_cat=0
split_feature=1 2 2 6 2 6 6 5 6 3 5 3 5 1 5 3 2 6 3 6 2 1 6 5 6 2 6 4 6 6
split_gain=1.47073 1.38288 1.86579 2.0315 1.81751 1.93465 1.43075 1.3997 1.35307 1.26301 1.57281 1.1829 2.91928 2.26062 1.7933 2.8022 1.71125 1.32274 1.28186 1.2149 1.86805 1.19916 1.38771 1.19359 1.11137 1.06152 1.05738 0.992738 0.985592 0.983392
threshold=7.7500000000000009 3.3643075840091208 2.6064219431943121 67.000000000000014 3.4694401823203798 19.500000000000004 68.500000000000014 0.25378787878787884 18.500000000000004 3.5000000000000004 0.50423728813559332 3.5000000000000004 0.38006535947712422 8.1500000000000004 0.39545896066051484 1.0000000180025095e-35 3.0534585791611808 33.500000000000007 4.5000000000000009 38.500000000000007 2.9411966330899992 8.3500000000000032 48.500000000000007 0.4152394775036285 37.000000000000007 3.4762696173592693 67.000000000000014 1.0000000180025095e-35 30.500000000000004 70.500000000000014
decision_type=2 2 2 2 2 2 2 2 2 2 2 2 2 2 2 2 2 2 2 2 2 2 2 2 2 2 2 2 2 2
left_child=1 2 3 27 7 -6 25 -3 -4 10 -9 14 13 -13 15 -2 23 -17 29 -15 -21 22 -20 -16 -25 -7 -19 -1 -18 -14
right_child=11 4 8 -5 5 6 -8 9 -10 -11 -12 12 18 19 16 17 28 26 21 20 -22 -23 -24 24 -26 -27 -28 -29 -30 -31
leaf_value=0.012325543912538844 0.045175932248309084 -0.031717663971225989 0.040912736556703383 -0.044274062222297988 -0.08349048257641481 0.052936543041948496 -0.025870108542129872 -0.0089886687422917246 -0.010424984184594498 0.046059137008106245 0.064540589480787142 -0.035296166962155928 0.031331089335434499 -0.037089387671580182 -0.029771321288198399 0.024912795085057653 -0.064388320747389691 -0.018114566190788255 -0.0039355155638499352 0.071475631747512938 -0.0014510377230227847 -0.038459042763737177 0.025708516695257602 0.034798576021655613 -0.0048488507536092323 0.0018027073370916827 0.020382255616309051 0.052336915887052173 -0.021366066580518431 -0.0016219735997191115
leaf_weight=7.8068294487893564 4.1498782341368523 1.0700504197739054 1.3041088487952937 1.3934620379004616 0.7050003120675673 1.0429886896163214 4.7592106035444877 3.1058529969304782 81.118390355375595 4.8388605900108814 0.94963585305958975 5.4117437270469946 15.446977134910414 1.0071857953444121 2.6639821764547396 3.5798004693351677 1.8487430645618577 8.6057051401585323 7.7153417053632465 1.367251970805228 2.4545960896648467 1.3151141991838802 8.0848175135906768 2.717366301920265 5.0568132299813442 37.780520983273163 2.2500797281973055 1.9344031328801063 4.7555479831644334 2.6528015136718741
leaf_count=169 47 16 20 43 7 10 146 35 2808 76 12 128 221 14 66 49 32 218 101 14 46 24 132 48 182 797 66 45 164 44
internal_value=-0.00036613 -0.00333463 -0.00701745 0.0121934 0.00301636 -0.00132458 4.54637e-06 0.0223101 -0.00961271 0.02881 0.00822899 0.00504521 0.0103918 -0.0131051 -0.00177624 0.00896564 -0.0134907 -0.00144394 0.0172249 0.0117638 0.0246382 0.00741483 0.0112331 -0.000888042 0.00900941 0.00317641 -0.0101353 0.020271 -0.0334093 0.0265013
internal_weight=228.893 147.809 93.5572 11.1347 54.2521 44.2877 43.5827 9.9644 82.4225 8.89435 4.05549 81.0837 45.4558 10.2408 35.6279 18.5855 17.0425 14.4356 35.2151 4.82903 3.82185 17.1153 15.8002 10.4382 7.77418 38.8235 10.8558 9.74123 6.60429 18.0998
internal_count=5780 4184 3085 257 1099 960 953 139 2828 123 47 1596 724 202 872 380 492 333 522 74 60 257 233 296 230 807 284 214 196 265
is_linear=0
shrinkage=0.05


Tree=36
num_leaves=31
num_cat=0
split_feature=0 1 2 6 2 0 0 1 6 1 2 1 0 6 5 3 5 2 2 2 2 6 6 5 6 5 1 5 1 1
split_gain=3.85596 1.47746 1.47172 1.65955 1.56632 1.39725 1.40431 3.25494 1.36343 1.23153 1.16791 1.03566 1.86745 1.06847 1.02079 0.918243 0.89 0.878433 0.873386 0.8579 1.51764 1.50437 1.4861 1.31918 0.945747 0.764005 0.625985 0.563659 0.804474 0.371604
threshold=0.81667500000000015 5.1500000000000012 2.6153478486952397 65.500000000000014 2.8005987924319804 0.47250000000000003 0.76500000000000012 7.1500000000000012 52.500000000000007 7.7500000000000009 3.1990806349003873 7.8500000000000005 0.86250000000000016 21.500000000000004 0.48212005108556838 3.5000000000000004 0.1252535496957404 3.220832220387837 2.9090836105909128 2.7326452431975903 2.6455007957016399 43.500000000000007 26.500000000000004 0.34698996655518399 51.500000000000007 0.32993197278911568 6.4500000000000011 0.15323955669224212 6.5500000000000007 6.3500000000000005
decision_type=2 2 2 2 2 2 2 2 2 2 2 2 2 2 2 2 2 2 2 2 2 2 2 2 2 2 2 2 2 2
left_child=1 25 3 26 19 27 9 17 -9 16 -11 13 18 -6 -14 -15 -7 -8 -13 20 24 -22 -21 -24 -4 -1 -2 28 -3 -29
right_child=2 5 4 -5 11 6 7 8 -10 10 -12 12 14 15 -16 -17 -18 -19 -20 22 21 -23 23 -25 -26 -27 -28 29 -30 -31
leaf_value=0.0060625162894525526 0.018840158038572103 0.06562032568490242 -0.086841833187408568 -0.019451695325910345 0.052243227132384176 -0.060659063059291529 -0.0077866345375026819 -0.06983098454169627 -0.011062000903441151 0.01051758595173052 -0.0058994892959720602 0.043714081018441431 0.0258919175959017 -0.013198681131431911 0.067118496919713874 0.0080179062965054729 -0.004891254516100973 0.06180723109182943 -0.012647859435168175 -0.081689909254973159 0.046716353119610886 -0.0068342661406962518 -0.055487318161844296 0.0073610808220563456 -0.0026339932943193634 -0.073894651614200363 0.062081713282722432 -0.04713951675342614 -0.044673316419911992 -0.019088005294826016
leaf_weight=0.40278089186176558 1.1786511074751604 0.43828976852819224 0.68892917782068053 1.1092726411297915 1.2256924547255028 0.72172946343198319 0.83578844182193168 2.8558713444508612 1.5080429539084432 30.722028782707639 16.7339714425907 0.81483312696218746 9.713535398244856 5.9936431772075585 1.7760244011878956 34.193226365605369 81.87025247386191 0.99112498201429844 4.3931054337881505 0.94960041716694821 2.0980216185562313 3.4983395030722022 1.2059578718617561 2.713890636805445 0.64617587625980377 1.1568242205539716 2.8869812833145261 1.3136837118072424 0.26546850521117449 11.655263054242821
leaf_count=13 16 5 11 21 10 27 34 40 33 566 353 9 81 81 18 431 2439 19 58 8 26 56 21 58 18 39 26 117 26 1120
internal_value=-0.000238188 -0.00483082 0.00902655 0.0347557 0.00712204 -0.00432714 -0.00279794 -0.0260643 -0.0495221 -0.00169036 0.00472858 0.0104947 0.0210069 0.00625617 0.0322646 0.00485357 -0.00537858 0.029969 -0.00382948 -0.0094855 0.00181397 0.0132413 -0.0255698 -0.0119745 -0.0460862 -0.0532451 0.0495457 -0.0195646 0.0240159 -0.0219295
internal_weight=226.557 151.471 75.0859 5.17491 69.911 149.912 136.239 6.19083 4.36391 130.048 47.456 58.1101 16.6975 41.4126 11.4896 40.1869 82.592 1.82691 5.20794 11.8009 6.93147 5.59636 4.86945 3.91985 1.33511 1.55961 4.06563 13.6727 0.703758 12.9689
internal_count=5780 4831 949 63 886 4779 3511 126 73 3385 919 688 166 522 99 512 2466 53 67 198 111 82 87 79 29 52 42 1268 31 1237
is_linear=0
shrinkage=0.05


Tree=37
num_leaves=31
num_cat=0
split_feature=0 0 6 1 2 1 3 3 5 6 6 5 1 1 2 3 3 3 6 5 1 3 5 0 1 5 5 1 5 2
split_gain=3.62648 1.80411 1.68121 1.25418 1.18714 1.10765 1.59568 1.37554 1.04012 0.987171 0.980504 0.962741 0.93323 0.928004 1.25609 1.11254 1.66959 0.89725 0.955589 0.896745 0.839436 0.836184 0.770617 0.746072 1.13707 0.707832 1.65019 1.53366 0.675804 0.91624
threshold=0.86250000000000016 0.55832500000000007 70.500000000000014 7.7500000000000009 2.9845437387886795 7.4500000000000011 4.5000000000000009 4.5000000000000009 0.41833333333333339 20.500000000000004 57.500000000000007 0.48212005108556838 6.8500000000000005 8.1500000000000004 2.7142301822081882 3.5000000000000004 1.0000000180025095e-35 1.5000000000000002 43.500000000000007 0.15323955669224212 7.4500000000000011 2.5000000000000004 0.54897260273972615 0.96250000000000013 8.3500000000000032 0.45080645161290328 0.39852941176470597 6.3500000000000005 0.57855191256830618 4.4013162140956954
decision_type=2 2 2 2 2 2 2 2 2 2 2 2 2 2 2 2 2 2 2 2 2 2 2 2 2 2 2 2 2 2
left_child=1 8 3 5 23 7 -7 12 9 -1 -8 -6 -2 17 -15 16 -16 18 20 -9 -3 -10 -17 -5 -25 26 -19 -27 29 -4
right_child=2 13 28 4 11 6 10 19 21 -11 -12 -13 -14 14 15 22 -18 25 -20 -21 -22 -23 -24 24 -26 27 -28 -29 -30 -31
leaf_value=0.022799508051778428 0.011091307927247981 0.039394095477871552 -0.029596900557661454 -0.02874018478892526 0.027154823033007165 -0.04228160221875487 0.029801470681742267 0.048684075612902673 -0.038584430003675778 -0.02449208842582986 -0.028065619543367545 0.065032848330164789 0.038978510518053539 0.041798622128112778 0.034174211695035511 0.0098043823193328297 -0.014053187295945326 -0.0048695671846838567 -0.05225527415387983 -0.0012430966612501015 -0.030388335928719631 -0.0011757050994606636 0.045487137146522465 0.03311530484697247 -0.02878613596622448 -0.04418190969061922 0.011827687667253377 -0.0046992604278601573 -0.066350211737305223 0.045048975039724833
leaf_weight=1.1764595620334173 6.0523286208044738 0.74453084543347303 1.6708286497741935 1.2505557164549852 9.2885775212198478 2.461115720216184 2.23362302267924 0.96299338713288385 1.6481999215902767 17.788569398107938 1.0888862013816831 2.0472945421934119 5.9484964357689023 2.4216738399118212 2.1548240240663317 9.3727858013007772 10.734425764589103 40.79465176910162 1.8724005396943537 13.611199930543078 1.0232461635023353 15.947561807523016 1.8043639448005695 2.6725864317268133 1.0269190184772017 2.6245881592622018 23.219909428386018 39.114779003895819 0.74240316171199072 0.54524171724915493
leaf_count=21 86 15 34 15 76 39 25 9 164 1293 17 21 72 19 28 113 174 1028 82 181 24 751 24 25 11 117 485 819 7 5
internal_value=-9.59162e-05 -0.00357576 0.0115327 0.0137584 0.0250752 0.00806274 -0.0117668 0.0123783 -0.0134352 -0.0215584 0.0108367 0.0339957 0.0249143 -0.000922953 0.00747426 0.00402039 -0.00599053 -0.00295621 -0.0273633 0.00205585 -0.000998219 -0.00467979 0.0155648 0.00464667 0.0159325 -0.00211609 0.001187 -0.00718195 -0.0250627 -0.011231
internal_weight=224.046 172.443 51.6031 48.6446 16.2859 32.3586 5.78362 26.575 36.5608 18.965 3.32251 11.3359 12.0008 135.882 26.4881 24.0664 12.8892 109.394 3.64018 14.5742 1.76778 17.5958 11.1771 4.95006 3.69951 105.754 64.0146 41.7394 2.95847 2.21607
internal_count=5780 5157 623 577 148 429 81 348 2229 1314 42 97 158 2928 358 339 202 2570 121 190 39 915 137 51 36 2449 1513 936 46 39
is_linear=0
shrinkage=0.05


Tree=38
num_leaves=31
num_cat=0
split_feature=0 6 0 2 2 6 1 5 6 5 1 5 3 6 6 5 3 2 3 2 2 6 2 2 6 2 2 1 2 5
split_gain=2.90149 1.65833 1.43991 1.0631 1.18996 2.57158 1.43973 1.27574 1.24094 0.872364 1.24823 0.857279 1.02308 0.857974 0.856757 0.780515 0.776915 0.761881 0.718764 1.01747 0.71092 0.927412 0.738715 0.688463 1.62531 1.20953 0.656157 0.41019 0.409034 0.387648
threshold=0.86250000000000016 70.500000000000014 0.55832500000000007 2.5872375780558694 3.3583378512247672 37.000000000000007 6.4500000000000011 0.33809523809523817 61.500000000000007 0.1252535496957404 4.2500000000000009 0.41833333333333339 4.5000000000000009 20.500000000000004 41.500000000000007 0.57855191256830618 2.5000000000000004 3.2807955323568465 4.5000000000000009 3.4762696173592693 2.8005987924319804 72.500000000000014 5.3746676043712638 4.1503388690745311 67.000000000000014 4.0998397768232238 2.8768637889878934 6.4500000000000011 4.1875676371385344 0.36914510317720278
decision_type=2 2 2 2 2 2 2 2 2 2 2 2 2 2 2 2 2 2 2 2 2 2 2 2 2 2 2 2 2 2
left_child=2 3 11 27 6 28 7 -5 -7 17 -11 12 13 -1 -8 18 -13 -4 -3 -20 21 -18 -22 25 -25 -12 -15 -2 -6 -14
right_child=1 15 9 4 5 8 14 -9 -10 10 23 16 29 26 -16 -17 20 -19 19 -21 22 -23 -24 24 -26 -27 -28 -29 -30 -31
leaf_value=0.031747531644619673 0.018756258009009579 0.027461340414587462 -0.0016013757418978332 0.00043539266432994592 0.069670645199778031 0.002261290366292508 0.020437804262503644 -0.070699672124034885 0.034766387869704943 0.059761946049525366 -0.00040713277825686644 -0.037774040367302031 -0.047874495779083232 -0.02814932735943786 0.0011391532977325775 -0.071790176068633763 0.023126345736199344 -0.075136870308695203 -0.074281520157058634 0.0096224272159162218 -0.0099170512217945251 -0.072472517427454836 0.049197667987198393 -0.0038560182732968549 -0.056528787870514956 0.042073872765439752 -0.0040378823709149849 0.061333231548175285 0.032718955487443052 -0.022230086133953969
leaf_weight=1.0509971305727983 0.91599082015454714 0.76978713553398814 0.67533550830557831 1.406196717172864 2.5281294062733681 10.375720666721461 8.9188037756830472 1.1422670776955781 4.0950942616909733 0.85546675696968932 120.89689667051425 1.5732034979155312 3.3655881768790996 5.3698156636673939 16.191727024968714 0.71055983565747727 3.8766231501940664 0.73623317759484053 0.72302712686359882 0.72227140516042709 11.353816963441201 0.27145698200911272 0.55427618348039764 7.8406798772048187 1.8009454538114367 1.6991395587101568 5.9460844332352281 1.4791827425360677 1.0641452521085737 2.6214692003559321
leaf_count=16 13 19 18 19 19 93 105 25 34 5 2677 164 283 385 242 7 174 10 13 7 545 8 24 155 37 26 416 13 14 214
internal_value=-0.000101021 0.0103568 -0.00323203 0.0125791 0.0108781 0.0208596 0.00435952 -0.0314486 0.0114599 -0.000855332 -0.000440642 -0.012116 -0.0196797 -0.0114661 0.00799368 -0.0261923 -0.00424148 -0.0399554 -0.0115653 -0.0323515 -0.000955915 0.0168702 -0.00716549 -0.000830102 -0.0136947 0.00018164 -0.0154797 0.0450504 0.0587244 -0.0366459
internal_weight=221.531 51.0429 170.488 48.1173 45.7221 18.0631 27.659 2.54846 14.4708 134.505 133.093 35.9833 18.354 12.3669 25.1105 2.92565 17.6294 1.41157 2.21509 1.4453 16.0562 4.14808 11.9081 132.238 9.64163 122.596 11.3159 2.39517 3.59227 5.98706
internal_count=5780 623 5157 577 551 160 391 44 127 2928 2900 2229 1314 817 347 46 915 28 39 20 751 182 569 2895 192 2703 801 26 33 497
is_linear=0
shrinkage=0.05


Tree=39
num_leaves=31
num_cat=0
split_feature=0 0 2 5 2 6 1 1 6 2 6 1 2 2 2 5 5 6 6 5 1 1 5 6 2 0 2 5 2 2
split_gain=2.69937 1.23472 1.16144 1.24092 0.994853 0.86604 1.33249 1.24496 1.03479 0.991651 0.863155 0.838227 0.77337 0.98808 1.4601 0.841757 0.691081 0.568301 0.553789 0.372677 0.565119 0.401132 0.30446 0.306103 0.293006 0.167389 0.0665325 0.0927153 0.0506547 0.0298588
threshold=0.81667500000000015 0.47250000000000003 2.6153478486952397 0.42640692640692646 2.6266587346166723 49.500000000000007 6.0500000000000007 8.2500000000000018 58.500000000000007 4.589410143454125 48.500000000000007 5.1500000000000012 2.3662658803096654 2.6546845354323731 2.7440927505788149 0.46027742749054229 0.34580419580419586 48.500000000000007 44.500000000000007 0.15323955669224212 6.5500000000000007 6.3500000000000005 0.33809523809523817 20.500000000000004 2.8999644251029708 0.86250000000000016 3.5534682665703636 0.35504201680672276 3.4974003497794723 3.0087223993140477
decision_type=2 2 2 2 2 2 2 2 2 2 2 2 2 2 2 2 2 2 2 2 2 2 2 2 2 2 2 2 2 2
left_child=1 19 3 16 -4 7 9 10 -8 -7 -6 18 -13 15 -15 -14 -2 -5 -3 20 -1 26 23 -23 -24 -9 27 -21 -20 -22
right_child=2 11 4 17 5 6 8 25 -10 -11 -12 12 13 14 -16 -17 -18 -19 28 21 29 22 24 -25 -26 -27 -28 -29 -30 -31
leaf_value=0.048968824429606941 0.023323509486994198 0.011603649729761084 -0.075115798564324696 0.02421698489691998 0.00624154653821264 0.00076640045547873359 -0.01182700692178789 0.025416398964485644 0.0065308873143476017 0.063826372316521315 0.038085541200764329 -0.06111270061270424 0.020798028267904507 -0.02189029340287291 -0.001487707095473456 -0.0066705493747696611 0.066617073403483454 -0.039647281813666724 -0.056000528979327148 -0.010836451472869121 -0.025085585986231923 0.027954731396297366 -0.023511935123024835 -0.036810977537122723 -0.0045596219292538881 0.045543884163940562 -0.060276677927011829 -0.047499941841328386 -0.081461659531168434 -0.059287689526818357
leaf_weight=0.47021410334855218 1.7447504177689546 0.30010976456105598 0.37329648993909259 0.66714285314083077 27.418451510136951 1.1179271647706621 14.089136882219465 1.7223456529900421 16.864489917410538 1.4094380512833593 2.3070673113688818 0.55026050820015271 8.3610538925277051 9.5289653005311248 109.95574410218978 4.1850726635311721 1.9541839398443697 0.72895245160907507 0.40473269252106547 0.23722237860783824 0.11975092720240355 0.19706420414149706 3.532008402165955 2.4582057113293558 4.8256098221754655 2.5808055438101292 0.50728325004456565 0.63137138169258833 0.37759209843352437 0.13660817639902234
leaf_count=7 19 9 10 10 325 17 189 20 266 10 26 19 210 331 2863 88 19 15 18 26 13 7 341 256 516 23 43 62 9 13
internal_value=0.00015344 -0.00375401 0.00801241 0.0310363 0.00628433 0.00673443 0.00102517 0.0123518 -0.00182506 0.0359331 0.00871303 -0.00231751 -0.00195974 -0.00171321 -0.00311482 0.0116352 0.0461959 -0.00912889 -0.0461387 -0.0183939 0.0164094 -0.0204351 -0.017255 -0.0320043 -0.012569 0.0374878 -0.0458894 -0.0374867 -0.0682894 -0.0433111
internal_weight=219.757 146.779 72.978 5.09503 67.883 67.5097 33.481 34.0287 30.9536 2.52737 29.7255 133.664 132.581 132.031 119.485 12.5461 3.69893 1.3961 1.08243 13.1153 0.726573 12.3888 11.0129 2.65527 8.35762 4.30315 1.37588 0.868594 0.782325 0.256359
internal_count=5780 4831 949 63 886 876 482 394 455 27 351 3547 3511 3492 3194 298 38 25 36 1284 33 1251 1120 263 857 43 131 88 27 26
is_linear=0
shrinkage=0.05


Tree=40
num_leaves=28
num_cat=0
split_feature=0 2 1 6 2 3 2 5 2 2 2 6 3 6 0 3 5 5 2 2 2 1 0 6 2 1 6
split_gain=1.9534 0.953869 1.45398 0.827063 1.04349 1.52947 1.31055 0.844918 0.835079 0.672367 0.84757 0.876106 0.997638 0.925856 0.846799 0.690445 1.33496 1.05412 0.65156 0.623267 0.670606 0.535709 0.289026 0.268618 0.215902 0.119502 0.0213645
threshold=0.60832500000000012 5.7445296940494162 7.2500000000000009 73.500000000000014 3.7676888832150359 3.5000000000000004 3.7621995631308658 0.38006535947712422 3.4060603023675928 2.5116186471417885 2.6437602321021623 45.500000000000007 3.5000000000000004 49.500000000000007 0.55832500000000007 4.5000000000000009 0.36914510317720278 0.52440476190476204 3.4694401823203798 4.0881677204756794 3.0694006811697876 7.0500000000000007 0.55832500000000007 34.500000000000007 2.9508643802320873 6.4500000000000011 54.500000000000007
decision_type=2 2 2 2 2 2 2 2 2 2 2 2 2 2 2 2 2 2 2 2 2 2 2 2 2 2 2
left_child=9 3 -3 4 6 -6 8 -7 -2 25 11 12 23 -13 -15 19 22 -18 24 20 -12 -14 -17 -11 -5 -1 -27
right_child=1 2 -4 18 5 7 -8 -9 -10 10 15 13 21 14 -16 16 17 -19 -20 -21 -22 -23 -24 -25 -26 26 -28
leaf_value=-0.016154277187100705 0.0015927947015175765 -0.014636533646231038 0.067561683053021668 -0.042879530873958752 -0.075581038083073204 -0.018125733998254824 0.058511787960605258 0.0027466721512079059 0.011341021768214681 -0.043639281052155088 -0.0096759849539464378 -0.082997608751846016 0.018428636564125602 -0.030434669033655805 0.034245641002121498 -0.049862795355134833 -0.0021644441772345571 -0.029199124576855563 0.010852110956917568 -0.081211994668702311 0.0043245429918557692 0.06788316429829068 -0.020454963334310794 0.021868676896102234 -0.099316672467019806 -0.06827019565094522 -0.048657701773328142
leaf_weight=0.17886988277314131 103.28358598018531 0.89153472892939989 1.3566551283001897 0.33698672940954455 0.80053196847439068 7.7937745256349471 1.0983298905193795 12.830234858207403 27.904903941089287 0.46772533666808103 21.47318187286146 0.37212115153670344 0.96197514375671778 0.98455581464804742 1.041145207127556 2.9598901912104365 12.515496869338678 5.0648839672794557 0.37537475395947695 0.26397598860785265 14.214982365607282 1.2712107446277512 1.1641082852147517 0.23517457884736359 0.34087540581822395 0.45411114534363151 0.20001777983270586
leaf_count=19 1887 17 11 12 11 114 9 171 299 19 995 14 27 80 34 265 662 250 7 9 690 25 84 14 8 19 13
internal_value=-0.000367212 0.00263094 0.0349654 0.00216123 0.00246379 -0.00777298 0.00412169 -0.00514097 0.00366633 -0.00774299 -0.00715283 0.0119159 0.0302285 -0.0105075 0.00280893 -0.00891692 -0.015959 -0.0099531 -0.0419951 -0.00466562 -0.00409942 0.04658 -0.0415617 -0.0217218 -0.07126 -0.05237 -0.0622731
internal_weight=220.836 157.013 2.24819 154.765 153.711 21.4245 132.287 20.624 131.188 63.8234 62.9904 5.33391 2.93609 2.39782 2.0257 57.6565 21.7044 17.5804 1.05324 35.9521 35.6882 2.23319 4.124 0.7029 0.677862 0.832999 0.654129
internal_count=5765 2546 28 2518 2491 296 2195 285 2186 3219 3168 213 85 128 114 2955 1261 912 27 1694 1685 52 349 33 20 51 32
is_linear=0
shrinkage=0.05


Tree=41
num_leaves=31
num_cat=0
split_feature=2 2 2 5 2 5 6 2 1 5 5 5 5 2 2 1 5 2 1 6 1 1 1 2 1 5 5 1 1 5
split_gain=0.747081 1.21437 1.4145 1.76426 1.64859 1.337 1.16635 1.02272 1.66529 1.77722 1.59824 1.16335 1.00817 1.62388 0.994904 0.945369 0.915655 0.831976 0.807118 0.77395 0.779967 1.14549 1.11218 0.579404 0.853999 0.55427 1.08888 0.527949 0.824168 0.802477
threshold=3.0694006811697876 3.7676888832150359 3.9372024996980168 0.55530303030303041 5.6574867333774366 0.56155303030303039 73.500000000000014 2.8513998426050788 6.8500000000000005 0.20293040293040296 0.6043478260869567 0.61285846438482905 0.36491677336747769 2.8393707346920736 2.5116186471417885 7.2500000000000009 0.39545896066051484 3.7621995631308658 7.9500000000000011 73.500000000000014 7.6500000000000012 8.3500000000000032 7.0500000000000007 4.5516818502987642 7.1500000000000012 0.26442841287458385 0.27622890682318418 6.5500000000000007 5.7500000000000009 0.26086335048599202
decision_type=2 2 2 2 2 2 2 2 2 2 2 2 2 2 2 2 2 2 2 2 2 2 2 2 2 2 2 2 2 2
left_child=7 6 5 4 16 -3 17 8 9 -1 12 19 13 -10 -14 -6 -4 27 -12 20 22 -22 -9 24 -5 -11 -27 28 -2 -29
right_child=1 2 3 23 15 -7 -8 11 10 25 18 -13 14 -15 -16 -17 -18 -19 -20 -21 21 -23 -24 -25 -26 26 -28 29 -30 -31
leaf_value=0.035798762660794139 -0.00445734671301839 -0.048564945013740105 -0.013654316027194004 -0.082168206203820926 -0.003882815596680494 0.050634694221876178 -0.074709285592229238 -0.00027307413550721905 -0.011421831751636628 -0.054122176538839863 0.073195990543204748 -0.064154604564025774 -0.065103517073106396 0.056660169431932451 0.0091072990000622481 0.061256546510368583 0.0071543473093723014 0.043866348995039703 -0.0017679168695457744 -0.072934938954046152 0.0045956141010668047 -0.028363210235460418 -0.0240848956457787 -0.065781977582979601 0.0087004773893794261 0.060021101966492518 -0.019068295841764834 -0.016077921914328951 0.023980835301045653 0.0053752004047596183
leaf_weight=1.6403699554502953 3.674468607059679 2.8995984123903358 9.8478727298788815 0.36508521577343278 0.82444788073189501 0.38473258569138113 0.44683888740837474 8.3382099504233356 14.442477446282279 1.0497631863690902 1.2588268553372461 0.94513704185373981 0.45774620212614436 0.93239259638357985 33.823998416075483 1.7170240047853438 11.414281766628845 1.4469224736094464 0.50235504936426867 0.45447823870926995 17.302383546775676 3.1101397215388706 11.90554267214611 1.266763078398071 0.8861949450802058 0.45051758410408993 12.795149886864236 4.691418803529813 8.3084543872391787 61.528181626636069
leaf_count=29 65 107 213 12 28 12 19 337 374 44 27 22 14 18 892 31 238 27 11 13 379 57 425 34 23 15 516 132 244 1407
internal_value=-0.000267894 0.00264779 -0.00600496 -0.00214442 0.0020658 -0.0369445 0.00584611 -0.00319138 0.000628532 -0.0134937 0.00500541 -0.00930907 0.00334526 -0.00729307 0.0081164 0.0401255 -0.00248348 0.00629803 0.0518135 -0.00804817 -0.00732283 -0.000426134 -0.014277 -0.0419446 -0.0178122 -0.0191499 -0.0163783 0.00560293 0.0152605 0.00385532
internal_weight=219.112 109.702 29.606 26.3217 23.8036 3.28433 80.0963 109.409 67.3536 15.9358 51.4178 42.0559 49.6566 15.3749 34.2817 2.54147 21.2622 79.6494 1.76118 41.1108 40.6563 20.4125 20.2438 2.51804 1.25128 14.2954 13.2457 78.2025 11.9829 66.2196
internal_count=5765 2592 698 579 510 119 1894 3173 1940 604 1336 1233 1298 392 906 59 451 1875 38 1211 1198 436 762 69 35 575 531 1848 309 1539
is_linear=0
shrinkage=0.05


Tree=42
num_leaves=31
num_cat=0
split_feature=0 1 3 5 2 0 3 3 3 5 5 6 6 6 5 5 1 0 2 2 6 0 3 3 5 5 5 1 6 5
split_gain=1.49562 0.982444 1.86624 1.52782 2.13547 0.897367 1.97302 1.58318 0.814147 0.805002 0.777598 1.06977 1.43185 0.741218 1.67839 0.736284 0.627863 1.01651 0.575979 0.853645 0.742748 0.784159 0.816549 0.643505 1.38978 0.928757 0.542507 1.8798 0.658777 0.529203
threshold=0.60832500000000012 8.1500000000000004 3.5000000000000004 0.34514106583072107 3.0229339164774318 0.81667500000000015 1.0000000180025095e-35 1.5000000000000002 1.5000000000000002 0.32993197278911568 0.41833333333333339 68.500000000000014 44.500000000000007 39.500000000000007 0.54897260273972615 0.27254641909814331 7.4500000000000011 0.96250000000000013 2.5116186471417885 2.6437602321021623 46.500000000000007 0.41875000000000001 3.5000000000000004 4.5000000000000009 0.36914510317720278 0.52440476190476204 0.16859903381642513 6.5500000000000007 37.000000000000007 0.52440476190476204
decision_type=2 2 2 2 2 2 2 2 2 2 2 2 2 2 2 2 2 2 2 2 2 2 2 2 2 2 2 2 2 2
left_child=18 8 3 4 15 6 -5 -7 9 -2 11 12 -4 -12 -15 -3 29 -18 -1 20 21 -20 -23 26 -25 -26 27 -21 -28 -11
right_child=1 2 10 5 -6 7 -8 -9 -10 16 13 -13 -14 14 -16 -17 17 -19 19 23 -22 22 -24 24 25 -27 28 -29 -30 -31
leaf_value=-0.050186568098016526 -0.055385887021305973 -0.067042574654634507 0.01343948133123297 0.044971278753964207 0.048250576691833927 -0.050228642267383099 -0.028847543926538495 0.02345859739930797 0.0014396077647999522 -0.003599963151515919 0.033787169828315831 -0.0099583269398450941 0.056442936018151701 -0.031285698993997517 0.039874957025109709 0.011231094867562704 -0.053182126872761429 0.018366676066988046 -0.039029656523643867 0.067300640109485374 -0.0080084685662313738 -0.012782387372056739 0.056377545409283226 -0.041368974025061761 -0.0012221119628381693 -0.026842296142816094 0.0052090213436839098 -0.036264290324162181 -0.0097682548943065339 0.057205132720246792
leaf_weight=0.74637542676646162 1.1732569271698583 0.64636104740203026 3.25426137447357 1.0371944401413182 2.9553361358121037 0.9161631022579958 7.1121013306546956 3.5667994944378734 118.65622664918192 1.2070588762871923 1.8846080861985672 1.2946672476828087 4.7772269658744335 2.2429625354707245 1.3140702517703173 0.56136953085660934 1.3201648939866575 0.79557327181100834 0.35106241074390654 1.0283965133130539 2.1874938873806968 0.55018649110570583 1.9029024336487053 3.9527972609503221 12.418675238324797 4.9462357870070255 10.717504110652952 0.76340625714510668 23.311206733109429 0.50861352495849121
leaf_count=51 24 11 29 10 25 15 89 40 2110 25 21 9 33 21 13 11 47 6 28 9 126 26 33 349 662 250 329 58 1298 7
internal_value=-1.91629e-05 0.00261605 0.0104896 -0.000910995 0.0253582 -0.00956822 -0.0194523 0.00839946 0.000606411 -0.0191479 0.0234554 0.0322194 0.0390185 0.00843522 -0.00499691 -0.0306599 -0.00805113 -0.0262779 -0.00652477 -0.00600026 0.0138287 0.0308637 0.0408661 -0.00773253 -0.0146108 -0.00851979 -0.00363911 0.0231763 -0.00505109 0.0144258
internal_weight=218.1 155.224 31.5631 16.7953 4.16307 12.6323 8.1493 4.48296 123.661 5.00467 14.7678 9.32616 8.03149 5.44164 3.55703 1.20773 3.83141 2.11574 62.8762 62.1299 4.99165 2.80415 2.45309 57.1382 21.3177 17.3649 35.8205 1.7918 34.0287 1.71567
internal_count=5765 2546 327 201 47 154 99 55 2219 109 126 71 62 55 34 22 85 53 3219 3168 213 87 59 2955 1261 912 1694 67 1627 32
is_linear=0
shrinkage=0.05


Tree=43
num_leaves=31
num_cat=0
split_feature=0 2 1 2 2 6 0 6 0 5 2 2 2 0 2 2 2 5 6 2 2 6 2 6 5 1 5 6 5 1
split_gain=1.23075 0.975771 1.11649 0.915035 2.03006 0.875602 0.796084 0.773453 1.04519 0.680148 0.620545 0.883304 0.561691 1.57888 1.72736 1.15102 1.83921 1.1024 0.65714 0.545768 0.90121 0.924719 0.568447 0.535868 0.717805 0.531371 0.526606 0.487965 0.38899 0.136079
threshold=0.61832500000000012 5.7445296940494162 7.2500000000000009 3.4369016171537843 3.4000282246878273 20.500000000000004 0.6316750000000001 30.500000000000004 0.62750000000000006 0.43570116350275573 5.4024352020554556 5.4755168397381269 2.6153478486952397 0.71457500000000007 2.5824491666626233 2.7685484973886085 2.7806802694834509 0.20293040293040296 29.500000000000004 2.5116186471417885 2.6437602321021623 22.500000000000004 2.7581070768179514 48.500000000000007 0.56155303030303039 7.9500000000000011 0.56155303030303039 48.500000000000007 0.40609253321117739 6.3500000000000005
decision_type=2 2 2 2 2 2 2 2 2 2 2 2 2 2 2 2 2 2 2 2 2 2 2 2 2 2 2 2 2 2
left_child=3 6 -3 4 19 -5 7 -2 28 27 23 -12 13 18 -15 17 -17 -14 -8 29 21 -21 -22 24 -7 -25 -13 -6 -9 -1
right_child=1 2 -4 5 9 10 12 8 -10 -11 11 26 15 14 -16 16 -18 -19 -20 20 22 -23 -24 25 -26 -27 -28 -29 -30 -31
leaf_value=-0.0041045746502971102 0.077518194773127269 -0.013792054342552025 0.065072538554380388 0.055498135478663481 -0.020006611673892317 -0.019783243282241684 -0.078504580350568398 -0.047761498771099122 0.063719543076184479 0.078142301172758652 0.099436895224855049 0.014923387107994436 0.032621158848698345 -0.0006773347442841208 0.046217211880280683 0.035841011386818521 0.0013881794913153851 -0.014472712294976457 -0.0090902746823865298 0.079343733405768696 -0.019298274089037219 0.0085639921626749684 -0.0038850167755540726 -0.025503898138459321 0.034630744560500276 -0.060400235398107308 -0.060023280842192134 0.058596610505030983 0.014917802447091561 -0.059624418984389749
leaf_weight=0.13757863687351246 0.64927582815289442 0.6910304231569161 1.2801377624273298 0.39608845370821555 0.43427169695496448 4.9324954521725868 0.52959183417260447 0.53658437915146329 0.62302783131599426 0.96617212775163352 0.23704513814300199 0.81597972847521283 1.3420735262334371 3.9949415812734514 3.8621587329544127 4.0065998709760597 116.74155015998986 16.77455924579408 0.95723724761046469 0.50984135083854099 7.1633853286039075 4.8626149555202574 36.269396679301281 3.9826183932018466 0.69097684323787678 1.5024099660222416 0.32883398444391787 0.36206009471789002 0.45950535126030445 0.55796605069190264
leaf_count=16 6 17 11 11 13 240 6 15 5 19 10 49 13 68 45 45 1833 384 22 6 412 209 1796 316 30 94 11 19 9 35
internal_value=2.94188e-05 0.00247434 0.0374251 -0.00578079 -0.00278677 -0.0176912 0.0020165 0.0314128 0.0129242 0.0499438 -0.0200122 0.0115862 0.00156658 0.0134328 0.0223737 0.000768124 0.00253137 -0.010984 -0.0338149 -0.00466427 -0.00403752 0.0152809 -0.00642713 -0.0239429 -0.0130972 -0.0350624 -0.00660414 0.0157311 -0.018847 -0.0486426
internal_weight=216.598 152.448 1.97117 64.1497 51.2633 12.8864 150.477 2.26839 1.61912 1.7625 12.4904 1.38186 148.209 9.34393 7.8571 138.865 120.748 18.1166 1.48683 49.5008 48.8052 5.37246 43.4328 11.1085 5.62347 5.48503 1.14481 0.796332 0.99609 0.695545
internal_count=5765 2479 28 3286 2525 761 2451 35 29 51 750 70 2416 141 113 2275 1878 397 28 2474 2423 215 2208 680 270 410 60 32 24 51
is_linear=0
shrinkage=0.05


Tree=44
num_leaves=31
num_cat=0
split_feature=2 5 5 2 6 2 2 3 5 6 6 1 2 6 2 1 3 2 1 1 1 5 5 5 1 2 6 5 6 5
split_gain=0.697415 1.96387 2.57199 0.784684 1.31558 1.13562 1.64181 1.74192 1.65198 0.926612 1.51275 1.51601 1.31137 2.25729 1.34572 0.828952 2.59401 0.940103 0.729863 1.24194 0.652618 0.59821 0.593556 0.462091 0.458766 0.942445 0.363556 0.359129 0.207463 0.16532
threshold=5.4024352020554556 0.38006535947712422 0.56155303030303039 3.7676888832150359 73.500000000000014 3.4060603023675928 3.4369016171537843 3.5000000000000004 0.41144200626959254 43.500000000000007 30.500000000000004 6.9500000000000011 4.0998397768232238 52.500000000000007 4.1540054553390906 7.7500000000000009 3.5000000000000004 2.6064219431943121 6.4500000000000011 7.0500000000000007 6.9500000000000011 0.40192307692307699 0.53589743589743599 0.44636015325670503 7.8500000000000005 2.9508643802320873 35.500000000000007 0.24744897959183676 53.500000000000007 0.31293706293706297
decision_type=2 2 2 2 2 2 2 2 2 2 2 2 2 2 2 2 2 2 2 2 2 2 2 2 2 2 2 2 2 2
left_child=3 27 20 4 5 15 7 -7 -8 10 11 29 18 21 -15 17 -17 -1 -11 -20 -3 -14 26 -13 25 -6 -12 -2 -29 -5
right_child=1 2 -4 9 24 6 8 -9 -10 12 22 23 13 14 -16 16 -18 -19 19 -21 -22 -23 -24 -25 -26 -27 -28 28 -30 -31
leaf_value=0.011155332235428054 -0.071083682492760744 0.0092909224119965619 -0.057107546241889809 -0.019662893450075269 0.052831963657091675 0.0083916470306553258 0.015430586795245772 0.068765349951838639 -0.0074310709254206374 -0.050869854923372898 -0.074203901102314493 0.0032609375121101028 0.018467078224818988 0.035987257133234578 -0.018882384220725343 -0.0073715721178206975 0.013601296331023442 -0.0056219383107641817 0.054982370149786068 -0.020168550623355194 0.06960106286019821 0.060083643105045027 0.01190208972722567 0.058557978497311439 -0.094362370859612743 -0.072688885102510703 -0.039888761700699243 0.003625066770617311 -0.039822303276941515 -0.062610833555125964
leaf_weight=9.3224405231303518 0.38180505018681188 0.55327910906635303 0.57964750914834429 0.37084964290261568 0.23288601916283258 2.5908268956700331 17.127740837400783 2.21717449137941 14.669723783154039 1.500911826937229 1.2474081469699747 0.65825507603585698 1.5929358354769632 1.3894851021468637 5.7078557561617345 27.78343186940765 31.412391724297777 80.02458778466098 0.62235723994672287 4.7128470402385574 2.3698861310258508 1.8856912415940312 0.39518044097349037 0.8867401285097003 0.42918443214148283 0.41786448005586863 2.0246839940082282 0.64274803409352876 0.47991119674406946 0.56612347858026624
leaf_count=256 10 18 17 8 17 34 344 32 301 65 39 20 35 28 110 717 496 2840 14 116 41 35 11 21 11 19 59 16 16 19
internal_value=0.000144298 0.0185857 0.0391071 -0.000295862 0.000791822 0.00111278 0.00900099 0.0362325 0.00488339 -0.00889289 -0.0255782 0.00456686 -0.00300032 0.0080316 -0.00814026 -0.000831118 0.00375773 -0.0038714 -0.0200675 -0.0114021 0.0581859 0.0410266 -0.04598 0.0349983 -0.054234 -0.0277684 -0.0529706 -0.029194 -0.0149477 -0.0456122
internal_weight=214.797 5.00728 3.50281 209.79 186.228 185.148 36.6055 4.808 31.7975 23.5613 6.14924 2.48197 17.4121 10.576 7.09734 148.543 59.1958 89.347 6.83612 5.3352 2.92317 3.47863 3.66727 1.545 1.07993 0.65075 3.27209 1.50446 1.12266 0.936973
internal_count=5765 118 76 5647 5067 5020 711 66 645 580 177 68 403 208 138 4309 1213 3096 195 130 59 70 109 41 47 36 98 42 32 27
is_linear=0
shrinkage=0.05


Tree=45
num_leaves=31
num_cat=0
split_feature=3 1 6 1 5 3 1 5 1 5 6 6 5 2 5 5 2 6 5 5 1 2 2 5 5 5 5 2 2 6
split_gain=0.826494 0.979828 0.83464 0.864966 0.750255 0.922734 0.743365 2.82111 0.953667 0.705264 1.22333 0.780884 0.650659 0.643491 1.64177 1.39563 0.714182 1.09623 0.606309 0.60966 0.604396 0.553748 0.543724 0.414956 0.408527 0.248777 0.155214 0.127065 0.121504 0.105932
threshold=1.5000000000000002 8.2500000000000018 22.500000000000004 8.0500000000000025 0.27254641909814331 1.0000000180025095e-35 5.4500000000000011 0.2869249394673124 5.7500000000000009 0.39852941176470597 40.500000000000007 67.000000000000014 0.18263888888888893 5.4024352020554556 0.38762626262626271 0.56330128205128216 4.5516818502987642 49.500000000000007 0.38348416289592763 0.27254641909814331 8.6500000000000004 2.8524677714753515 5.7665570805572965 0.39545896066051484 0.34983896940418685 0.24744897959183676 0.40761518262115071 3.4162823587507689 2.8840101815541477 57.500000000000007
decision_type=2 2 2 2 2 2 2 2 2 2 2 2 2 2 2 2 2 2 2 2 2 2 2 2 2 2 2 2 2 2
left_child=1 2 -1 4 -4 -6 7 12 25 10 -9 -12 -2 16 22 -16 20 -18 19 -3 -10 -20 -15 24 -5 -8 -25 -14 -21 -11
right_child=6 18 3 23 5 -7 8 9 13 29 11 -13 27 14 15 -17 17 -19 21 28 -22 -23 -24 26 -26 -27 -28 -29 -30 -31
leaf_value=0.040449569516582046 0.015966868924246019 -0.021795140559191295 -0.068830982042127439 -0.069001676301075898 0.011217778118979543 -0.03280498285883398 0.0039176087467737725 0.054301300158354465 -0.0015733493285694266 -0.068986575698138056 -0.070571343811476894 0.019549555838066102 0.046673485945852411 -0.0052527066000080903 0.047793008153419282 -0.035836841838439805 -0.047388978953177119 -0.0023130052307862585 0.014062456633242147 0.022717234429981775 -0.056773581034387934 -0.058865537294168352 -0.062401083981205634 -0.098091700435836204 0.0035349865779174755 -0.052761901013348912 -0.061240260924945195 0.069855980606377557 0.049271149017620725 -0.028806250692040625
leaf_weight=0.46148256747983207 1.42823720537126 0.60368478158488859 0.64219693187624205 0.33339637797325883 2.3312361986609176 2.4321653709048405 0.23239564150571723 0.55928843747824464 179.08333756934735 0.72642998117953528 0.65469509176909901 0.3798137130215764 1.1395537815988064 1.553390676621347 3.1412448938936 0.59305730927735556 2.1972274684812865 3.4931957259541377 0.49365115491673328 0.82526064198464133 0.49726056752842751 0.55063390487339348 0.56854087789542962 0.40503507666289784 0.46461744094267488 1.1595943093416279 0.97009615425486118 1.2280704490840435 0.90128498489502817 0.21188243565848097
leaf_count=13 11 12 24 10 90 118 7 10 4814 31 18 9 17 32 50 19 59 75 20 13 24 31 21 5 12 65 37 8 8 24
internal_value=-0.00226014 -0.015344 -0.0248344 -0.0288096 -0.0180995 -0.01126 -0.00150907 0.0153532 -0.00206332 -0.0255222 -0.0052751 -0.037484 0.04262 -0.001763 0.0145553 0.0345115 -0.0022788 -0.0197181 0.00726806 0.0214561 -0.0017262 -0.0243912 -0.0205648 -0.0554505 -0.0267696 -0.0432991 -0.0720946 0.0586981 0.0365788 -0.0599134
internal_weight=210.262 11.4147 8.04023 7.57874 5.4056 4.7634 198.847 6.32797 192.519 2.53211 1.5938 1.03451 3.79586 191.127 5.85623 3.7343 185.271 5.69042 3.37452 2.33023 179.581 1.04429 2.12193 2.17315 0.798014 1.39199 1.37513 2.36762 1.72655 0.938312
internal_count=5687 393 309 296 232 208 5294 128 5166 92 37 27 36 5094 122 69 4972 134 84 33 4838 51 53 64 22 72 42 25 21 55
is_linear=0
shrinkage=0.05


Tree=46
num_leaves=31
num_cat=0
split_feature=2 5 5 2 1 5 1 5 2 2 1 2 5 5 6 6 2 5 2 5 5 6 5 6 1 6 6 5 1 2
split_gain=1.07874 1.36681 1.11582 2.49151 0.686666 2.57863 1.228 0.694499 0.656429 1.00921 0.871508 0.755549 0.923041 0.580298 1.03897 0.72368 0.558228 0.556731 0.459544 0.341205 0.320448 0.250699 0.14849 0.093331 0.084404 0.0706874 0.0634128 0.0542909 0.0456935 0.0201765
threshold=5.4024352020554556 0.38762626262626271 0.47140522875816998 5.4755168397381269 5.4500000000000011 0.2869249394673124 5.7500000000000009 0.15323955669224212 4.1540054553390906 4.1875676371385344 6.9500000000000011 4.0998397768232238 0.40462577962577967 0.39852941176470597 40.500000000000007 67.000000000000014 2.7607058823271244 0.41444372153545878 5.7665570805572965 0.20293040293040296 0.56155303030303039 46.500000000000007 0.3053613053613054 57.500000000000007 7.2500000000000009 39.500000000000007 65.500000000000014 0.48499103942652338 5.6500000000000012 3.4974003497794723
decision_type=2 2 2 2 2 2 2 2 2 2 2 2 2 2 2 2 2 2 2 2 2 2 2 2 2 2 2 2 2 2
left_child=4 18 17 -4 5 7 19 -1 11 -10 -11 16 -13 14 -7 -16 -8 -3 22 -6 -5 -9 -2 29 -20 28 -27 -25 -21 -15
right_child=1 2 3 20 6 13 8 21 9 10 -12 12 -14 23 15 -17 -18 -19 24 25 -22 -23 -24 27 -26 26 -28 -29 -30 -31
leaf_value=0.00099376573928443334 -0.019281886784183713 0.020539349180471782 0.081768687681094243 -0.015136080649176731 0.014241860526960769 0.048017765479957508 -0.0078892245905254604 0.034077156203495856 -0.074972866125453994 -0.036554254789534939 -0.0021323780974670773 -0.012087776962260186 0.054347916085261877 -0.058013658467050477 -0.069962369035408395 0.017472547023817803 -0.001110690191825448 0.07392383725188359 -0.038889012283260221 -0.05418088314365363 -0.066750894446715392 0.064885833332844034 0.012599017167907524 -0.0028989518065558762 -0.080356857139007296 -0.05144385929597739 -0.011284466121823288 -0.054443401807800822 -0.078947204785914604 -0.075414836841151897
leaf_weight=0.84441521111875717 0.67684286413714179 0.70014176471158895 0.70353128062561143 0.75022005988284923 0.19765949714928766 0.54600019846111569 38.404140183120035 1.0869609275832774 0.66041867062449355 2.4833976912777853 7.084709789021872 0.88424567133188192 1.2791472754906861 0.30691675329580892 0.63798737619072177 0.37620530370622873 145.22872709654621 1.6146860830485819 0.26922664255835105 0.3761927383020518 0.50187903945334256 1.6822261582128701 0.79333896888419986 0.10140606504864991 0.22548179887235165 0.51040567917516455 0.12174385809339583 0.10295025922823697 0.36883645737543702 0.36432245280593634
leaf_count=7 12 12 10 13 5 10 1163 11 12 78 138 22 27 18 18 9 3916 16 14 15 18 18 20 13 7 34 16 11 11 13
internal_value=-0.00207919 0.0184064 0.0342855 0.00647902 -0.00270642 0.0138871 -0.00321443 0.0406886 -0.00286113 -0.0151928 -0.0110666 -0.00218224 0.0271936 -0.0258741 -0.00759145 -0.0375292 -0.00252832 0.0577772 -0.016105 -0.0471903 -0.0358249 0.0527928 -0.00207833 -0.0584512 -0.0577895 -0.0560073 -0.0437097 -0.0288659 -0.0664418 -0.0674583
internal_weight=209.884 6.23535 4.27046 1.95563 203.649 6.04939 197.6 3.6136 196.025 10.2285 9.56811 185.796 2.16339 2.43579 1.56019 1.01419 183.633 2.31483 1.96489 1.57484 1.2521 2.76919 1.47018 0.875596 0.494708 1.37718 0.63215 0.204356 0.745029 0.671239
internal_count=5687 122 69 41 5565 128 5437 36 5356 228 216 5128 49 92 37 27 5079 28 53 81 31 29 32 55 21 76 50 24 26 31
is_linear=0
shrinkage=0.05


Tree=47
num_leaves=31
num_cat=0
split_feature=0 2 5 5 2 0 1 5 1 6 6 5 5 2 0 5 1 1 0 5 2 5 5 2 6 6 5 0 2 6
split_gain=0.887716 0.699631 0.947252 1.11334 2.2773 1.02812 0.54994 1.37272 0.974242 0.793857 1.01416 0.790427 0.716648 0.588083 0.962623 0.521137 0.827268 0.499504 0.404776 0.307809 0.26675 0.225521 0.702477 0.253051 0.192781 0.19204 0.165369 0.114062 0.14461 0.0626242
threshold=0.46625000000000005 5.4024352020554556 0.40761518262115071 0.47140522875816998 5.5440414091679253 0.84500000000000008 5.2500000000000009 0.2869249394673124 5.7500000000000009 40.500000000000007 67.000000000000014 0.20293040293040296 0.20293040293040296 4.5516818502987642 0.72917500000000002 0.16859903381642513 6.8500000000000005 8.6500000000000004 0.88750000000000007 0.61285846438482905 2.9368840838484194 0.45521390374331555 0.42640692640692646 2.6684427410952467 41.500000000000007 41.500000000000007 0.33809523809523817 0.30750000000000005 2.7541698915195858 54.500000000000007
decision_type=2 2 2 2 2 2 2 2 2 2 2 2 2 2 2 2 2 2 2 2 2 2 2 2 2 2 2 2 2 2
left_child=15 6 5 -4 -5 25 7 12 11 -9 -11 -8 -2 17 -15 16 -1 -10 -6 21 -21 22 26 -24 -13 -3 -17 -23 -29 -27
right_child=1 2 3 4 18 -7 8 9 13 10 -12 24 -14 14 -16 19 -18 -19 -20 20 -22 27 23 -25 -26 29 -28 28 -30 -31
leaf_value=0.04763746464717375 0.01296996860708239 -0.089645590769377601 0.064691975741986527 0.079256767861759919 -0.05942449439782832 0.01416859335317569 0.031705284756955762 0.025958953246936551 -0.0011552363140832848 -0.079906615048399979 0.012875041542199171 -0.067786489297434818 0.064202084635687759 -0.055387177762486042 -0.005902177609256546 -0.030314550312629446 -0.048651785690338969 -0.054333791588032698 0.00087618896695904167 0.0041836518480849226 0.15013030246742712 -0.048459080791457367 -0.05758226365396777 0.033335213450992482 -0.033217606728478018 -0.016199389679463577 -0.014490417843827354 -0.045369818788494116 -0.01766099989646111 -0.053215835834478691
leaf_weight=0.73967510275542625 1.398005094379186 0.27947132568806354 1.5215756902471187 0.68552096327766765 0.7045895073097197 1.6081873923540113 0.34380822628736396 0.67717194650322188 178.50682435295312 0.7133636428043244 0.50162952661048621 0.86978942714631535 1.3338693948462603 1.3106671208515752 3.928223698399961 2.5287433681078202 0.3193803180474788 0.44267131618107569 0.45998029317706823 0.086929879849777403 0.048930675722658634 0.69127263524569693 0.083820594241842517 0.88037292729131877 0.75198486784938723 0.20126473228447139 4.7566528817405924 0.65178388834465328 1.6964506602380423 0.26431116834282875
leaf_count=8 9 8 18 10 21 18 6 16 4014 22 17 29 14 49 50 271 35 21 7 11 12 64 12 103 53 14 508 62 189 16
internal_value=-0.00202531 -0.00120394 0.0160187 0.0330101 0.00695389 -0.00832621 -0.00172076 0.0153121 -0.00214386 -0.017422 -0.0416002 -0.0371587 0.0379846 -0.00177019 -0.0182823 -0.014954 0.0185994 -0.00128679 -0.035607 -0.0180643 0.0567469 -0.0189646 -0.014675 0.0254315 -0.0517576 -0.0568813 -0.0199829 -0.0306072 -0.025352 -0.0372139
internal_weight=208.987 196.503 5.7249 3.37167 1.85009 2.35323 190.778 4.62404 186.154 1.89217 1.21499 1.96558 2.73187 184.188 5.23889 12.484 1.05906 178.949 1.16457 11.425 0.135861 11.2891 8.24959 0.964194 1.62177 0.745047 7.2854 3.03951 2.34823 0.465576
internal_count=5687 4412 112 56 38 56 4300 78 4222 55 39 88 23 4134 99 1275 43 4035 28 1232 23 1209 894 115 82 38 779 315 251 30
is_linear=0
shrinkage=0.05


Tree=48
num_leaves=31
num_cat=0
split_feature=2 5 5 0 2 0 2 2 2 0 0 5 1 2 2 5 5 2 1 0 5 5 2 0 5 5 2 2 1 2
split_gain=0.754725 1.26142 1.20109 0.91066 0.723693 0.710714 0.705696 1.4108 1.16784 1.21632 1.27778 1.12836 0.997432 1.31855 0.979688 0.775356 0.638143 0.620532 0.578766 0.539425 0.472462 0.45922 1.51264 1.42028 0.592524 1.07563 0.732953 0.574008 0.389878 0.323063
threshold=5.4024352020554556 0.40192307692307699 0.56155303030303039 0.96250000000000013 5.4359270417206025 0.55832500000000007 2.7685484973886085 2.7741811991874781 2.6225977269441549 0.57250000000000012 0.74500000000000011 0.21807065217391305 8.0500000000000025 2.9411966330899992 2.8005987924319804 0.18898809523809526 0.27622890682318418 5.6574867333774366 6.7500000000000009 0.55832500000000007 0.10172413793103451 0.47722567287784684 2.8161569419805268 0.46625000000000005 0.45521390374331555 0.45307917888563054 3.0876272012535479 3.3235600470473003 7.2500000000000009 2.5872375780558694
decision_type=2 2 2 2 2 2 2 2 2 2 2 2 2 2 2 2 2 2 2 2 2 2 2 2 2 2 2 2 2 2
left_child=5 3 19 4 -2 20 8 -8 9 29 -11 15 14 -14 -9 -10 -6 -4 -13 -3 -1 24 23 -23 25 -22 -26 -24 -21 -7
right_child=1 2 17 -5 16 6 7 12 11 10 -12 18 13 -15 -16 -17 -18 -19 -20 28 21 22 27 -25 26 -27 -28 -29 -30 -31
leaf_value=0.045127083128397104 0.01516168762569477 0.080079199169011725 0.031549940700532582 0.042875889416127501 0.004586377218551695 0.022860208888117781 0.039823674275402204 -0.029405161524457071 -0.013930091706521716 -0.020479636056746898 0.011124368690032511 -0.037426493330602238 0.026270040716242657 0.0017981944268694768 -0.0017181062166149814 0.059702659282179764 -0.075589259754509142 -0.068587204458999573 -0.01495393171351167 0.0066600753793514701 -0.012892811099442587 -0.027708627409323585 -0.026062707794102871 0.048233997805527229 -0.054026824329722715 0.055729168908306162 0.0058331306645548336 0.0054359600983119021 0.053855092460106585 0.068496329136268616
leaf_weight=0.39455061662010749 0.60139300301670973 0.95782122574746686 0.2668589032255112 0.57129331678152073 0.35122948652133323 0.8161239125765849 2.2280673757195464 3.2990890420041969 0.65501280780881888 5.5368675761274044 7.5720287528820336 3.6558572419453439 7.2830241308547583 22.537703740032157 101.28915993971168 0.78717415314167738 0.84592936653643847 0.36812361632473767 13.24580945598427 0.76749918330460776 19.958196315332323 0.84247454075375428 4.0293542398139834 2.2868481086334214 1.7720010182820254 0.58787204488180478 0.71882361429743458 2.2562345894984901 1.0180544666945932 0.73891582526266575
leaf_count=18 9 15 8 6 15 20 28 108 16 105 101 148 97 323 2100 7 29 14 320 13 1496 93 227 73 68 33 36 139 13 9
internal_value=-0.00201867 0.015847 0.0354644 -0.0121187 -0.0295872 -0.00252583 -0.0012224 0.000362614 -0.00778362 0.00273534 -0.00222437 -0.0161924 -0.000291523 0.00777488 -0.00259146 0.0262601 -0.0520669 -0.0265034 -0.0198148 0.0498075 -0.00925778 -0.009919 -0.000615095 0.0277888 -0.0137214 -0.0109294 -0.0367519 -0.0147561 0.0335689 0.0445453
internal_weight=208.239 5.7482 3.37836 2.36985 1.79855 202.491 169.645 136.637 33.0078 14.6639 13.1089 18.3439 134.409 29.8207 104.588 1.44219 1.19716 0.634983 16.9017 2.74337 32.8464 32.4518 9.41491 3.12932 23.0369 20.5461 2.49082 6.28559 1.78555 1.55504
internal_count=5687 122 63 59 53 5565 3382 2656 726 235 206 491 2628 420 2208 23 44 22 468 41 2183 2165 532 166 1633 1529 104 366 26 29
is_linear=0
shrinkage=0.05


Tree=49
num_leaves=31
num_cat=0
split_feature=2 5 5 1 6 2 3 5 5 6 6 2 2 6 6 3 1 5 6 5 1 5 5 5 6 1 6 6 6 1
split_gain=0.842935 1.04168 1.10196 0.647203 0.909225 0.542158 0.478601 1.10439 0.973822 0.823624 1.80658 0.762519 1.96432 0.844217 2.46994 0.841447 0.810864 2.57952 1.14224 0.753228 1.27196 0.738593 0.669447 0.556814 0.553758 0.4998 0.317592 0.298923 0.243562 0.145007
threshold=5.4024352020554556 0.40761518262115071 0.56155303030303039 8.1500000000000004 51.500000000000007 5.6574867333774366 2.5000000000000004 0.18263888888888893 0.57855191256830618 56.000000000000007 43.500000000000007 2.6225977269441549 2.7334904123527184 47.500000000000007 57.500000000000007 4.5000000000000009 6.5500000000000007 0.31293706293706297 18.500000000000004 0.27254641909814331 6.9500000000000011 0.49305555555555564 0.33809523809523817 0.41833333333333339 58.500000000000007 8.0500000000000025 38.500000000000007 60.500000000000007 39.500000000000007 7.2500000000000009
decision_type=2 2 2 2 2 2 2 2 2 2 2 2 2 2 2 2 2 2 2 2 2 2 2 2 2 2 2 2 2 2
left_child=6 3 26 4 29 -4 7 -1 9 10 -9 13 15 19 23 22 17 -14 -18 -8 -21 -11 -13 -15 -16 -17 -3 -6 -10 -2
right_child=1 2 5 -5 27 -7 11 8 28 21 -12 12 16 14 24 25 18 -19 -20 20 -22 -23 -24 -25 -26 -27 -28 -29 -30 -31
leaf_value=-0.067773462602997339 -0.044391851284828088 0.024271503030036425 0.028639688634425176 0.047704309654875529 0.027465474157154154 -0.066314981582343155 0.063069165677907491 0.0006691876668314051 -0.018571763869132955 0.015498753836606477 -0.034676321241799583 -0.038374521277024454 0.027255507213966468 -0.017831780180650045 0.06975505474887006 -0.034949854854513795 -0.055512685987955383 -0.0067793038140320522 -0.0022615274949012941 -0.020854212153515156 0.034440333075655492 -0.041282976914890378 -0.0046510314645672344 -0.069580131771455306 0.013691231295414767 -0.092365581548869591 0.061272490454942846 -0.025528057954985479 -0.067333511063777274 -0.088508010604996967
leaf_weight=0.77986560342833655 0.43082680134102647 0.85945623554289419 0.26510596345178772 0.41666205227375019 0.69946232018992283 0.34720458253286779 1.0289719318971018 10.918045401107529 0.37698466680012532 5.8926764611387616 5.4047940855380139 1.9475497554521988 9.6092684417963046 0.94581021275371346 0.50562443863600526 3.5123896828154106 1.0149539709091175 13.234668105258605 128.86883468052838 1.5690873116254804 3.0846123925875872 0.63435240869875986 6.0217454616795294 1.1541631557047365 3.4169019457767718 0.42488082591444243 1.7831893442198632 0.42950981599278748 0.79854905678075738 0.32813370134681463
leaf_count=33 17 13 8 7 16 14 11 266 15 228 189 82 181 26 7 162 14 533 3316 43 49 37 225 17 83 7 25 12 41 10
internal_value=-0.0021819 0.0170237 0.035235 -0.00869766 -0.0211454 -0.0252034 -0.00271273 -0.0092156 -0.00731481 -0.00503158 -0.0110344 -0.00179799 -0.00267469 0.0105328 -0.00251073 -0.0222353 -0.00114976 0.00753739 -0.00267765 0.0243564 0.0157967 0.00998022 -0.0128924 -0.0462731 0.020918 -0.0411457 0.0492388 0.00730444 -0.051696 -0.0634653
internal_weight=206.704 5.55955 3.25496 2.30459 1.88793 0.612311 201.145 24.8053 24.0254 22.8499 16.3228 176.339 164.634 11.7052 6.0225 11.9066 152.728 22.8439 129.884 5.68267 4.6537 6.52703 7.9693 2.09997 3.92253 3.93727 2.64265 1.12897 1.17553 0.758961
internal_count=5687 122 60 62 55 22 5565 809 776 720 455 4756 4520 236 133 476 4044 714 3330 103 92 265 307 43 90 169 38 28 56 27
is_linear=0
shrinkage=0.05


Tree=50
num_leaves=28
num_cat=0
split_feature=2 0 3 2 5 2 2 0 5 5 6 6 3 5 5 6 3 2 5 6 5 5 6 2 6 1 6
split_gain=1.00309 1.03277 1.05709 0.959861 1.66876 1.50174 1.36409 1.68733 1.31748 1.20829 1.01856 0.807558 0.706251 0.674471 0.750086 0.898502 0.769445 0.561634 1.36805 0.841881 0.560359 0.734744 0.334227 0.126102 0.0852555 0.145 0.0307419
threshold=5.7445296940494162 0.61832500000000012 2.5000000000000004 2.6153478486952397 0.28320802005012535 2.7685484973886085 2.7806802694834509 0.78167500000000012 0.20293040293040296 0.18263888888888893 68.500000000000014 61.500000000000007 4.5000000000000009 0.10172413793103451 0.41144200626959254 53.500000000000007 4.5000000000000009 2.5980120931240029 0.40609253321117739 41.500000000000007 0.47140522875816998 0.38956639566395673 22.500000000000004 5.8091117636764453 65.500000000000014 8.0500000000000025 68.500000000000014
decision_type=2 2 2 2 2 2 2 2 2 2 2 2 2 2 2 2 2 2 2 2 2 2 2 2 2 2 2
left_child=1 2 22 4 12 8 7 -7 -5 -8 -10 20 -3 -4 16 -16 -15 18 -6 -19 21 23 -1 -2 25 -24 -26
right_child=11 3 13 5 17 6 9 -9 10 -11 -12 -13 -14 14 15 -17 -18 19 -20 -21 -22 -23 24 -25 26 -27 -28
leaf_value=0.0045012352277813954 -0.0030561425383945464 -0.044138080697992903 0.045236455550868304 0.03451678633309218 0.038508097651606774 0.062271482907422383 -0.030123944232472541 -0.0077899394475389617 -0.022889775498747322 0.001818552281175815 0.025831402713946183 0.066224635525791442 0.010437220473318182 -0.0053062499048406537 -0.0069084612109067264 0.0095523657543075419 -0.025409752980789336 0.0039263714370696466 -0.008029624222621953 0.06261650296082133 -0.034584494976534576 0.047015635620224469 -0.019333930432592829 -0.054364061481107909 -0.053459877396998493 -0.040322221556360588 -0.036811779859719743
leaf_weight=0.66954495012760062 0.26075480645522464 1.4401328749954692 0.67092206468805571 1.2546422956511367 3.3542114151641709 2.0272088581696148 3.0422310605645171 1.4917644755914805 13.155727096833287 110.28829051333014 1.167972152121364 0.94032643001992244 1.0075219552963972 12.651559769059533 22.41464017884573 13.155615957424741 7.6301904862048096 0.90535018499940667 2.9841207142453641 1.8795429551973937 0.51899483194574703 1.1387783931568263 1.7194675489445219 0.22146466793492436 0.57258222519885726 1.578225544770248 0.53769300796557218
leaf_count=18 7 18 26 15 44 21 61 21 323 1778 44 16 10 749 701 625 656 11 55 17 14 15 175 13 63 148 65
internal_value=-0.000717892 -0.00114221 -0.00656032 0.00117558 0.0149858 -3.10923e-05 0.00191304 0.032571 -0.0146136 0.000961092 -0.018917 0.0276034 -0.0216734 -0.00459719 -0.00519582 -0.000820444 -0.0128694 0.0248211 0.0165979 0.0435367 0.010633 0.0251103 -0.0284138 -0.0266199 -0.0334134 -0.0293786 -0.0453974
internal_weight=208.679 205.599 61.6004 143.999 11.5709 132.428 116.849 3.51897 15.5783 113.331 14.3237 3.08032 2.44765 56.5229 55.852 35.5703 20.2818 9.12323 6.33833 2.78489 2.13999 1.621 5.07751 0.482219 4.40797 3.29769 1.11028
internal_count=5709 5644 3226 2418 155 2263 1881 42 382 1839 367 65 28 2757 2731 1326 1405 127 99 28 49 35 469 20 451 323 128
is_linear=0
shrinkage=0.05


Tree=51
num_leaves=31
num_cat=0
split_feature=0 2 5 2 5 2 2 6 2 2 0 0 6 5 5 2 2 6 2 0 2 6 5 2 2 5 5 5 2 0
split_gain=0.983678 1.06272 1.26729 1.04641 0.943615 1.56889 0.933594 0.890206 0.771809 1.83747 1.4466 1.09597 1.00804 0.816668 0.747903 0.903178 0.678267 1.70023 0.689923 0.610958 0.580224 0.510114 0.274003 0.21232 0.391082 0.200718 0.624585 0.238657 0.110043 0.0944223
threshold=0.46625000000000005 3.1567830665350254 0.6043478260869567 2.6336138048967253 0.20293040293040296 4.589410143454125 3.1635937962205944 71.500000000000014 2.7607058823271244 2.8232224082588302 0.76500000000000012 0.96250000000000013 46.500000000000007 0.21638795986622075 0.18263888888888893 3.1990806349003873 2.5824491666626233 22.500000000000004 2.5670225209637745 0.96250000000000013 5.7445296940494162 68.500000000000014 0.61285846438482905 3.5367618019359481 3.8508873188580268 0.45521390374331555 0.44365079365079368 0.36038961038961043 2.9368840838484194 0.6316750000000001
decision_type=2 2 2 2 2 2 2 2 2 2 2 2 2 2 2 2 2 2 2 2 2 2 2 2 2 2 2 2 2 2
left_child=14 3 4 7 5 19 -6 16 12 10 -10 -11 13 -5 15 -1 18 -18 -2 -3 -8 -14 25 29 -25 26 27 -16 -24 -4
right_child=1 2 23 8 6 -7 20 -9 9 11 -12 -13 21 -15 22 -17 17 -19 -20 -21 -22 -23 28 24 -26 -27 -28 -29 -30 -31
leaf_value=0.050105481211362914 0.0069245401817974346 -0.022067783800435548 -0.037838132409094893 0.047478058589300355 0.04700885707534265 0.040953773329291294 0.0045343361584156963 -0.057750736954873351 0.019430859642337692 -0.010647272591095245 -0.012382631213609649 0.011108714405973311 -0.033146425391592731 -0.0077683187482580594 -0.02885529597324531 -0.051814225167562677 -0.050993210289734019 0.025601829175377844 -0.029881096933233556 -0.072126143392791095 0.027290111065632672 -0.0019483367643664236 0.018339017204676612 0.028420262895322648 -0.04443706307436876 -0.030826289107556505 0.041098481204195084 -0.010992135882446501 0.11354120510134409 -0.070690573927601169
leaf_weight=0.84783793101087102 5.6276348624378505 2.1870213593356311 0.40399423887720221 0.72376848571002739 1.3659381810575713 0.84690003655850876 79.851611484453315 0.49931487999856372 12.97587428300176 45.64346801902866 4.9312072847969821 6.6294725295156232 6.9116883778478932 8.8279778051655722 3.327914118475741 0.29231152613647282 0.79264371795579691 8.4291811059229058 1.6455487371422348 0.84505553543567646 2.9030969263985744 1.6167200873605905 0.082135626813397589 0.27476984541863203 0.55871190573088825 2.8500234706443743 0.46135724894702423 4.2675736177479848 0.048145888140425086 0.47690087929368019
leaf_count=29 129 80 17 11 19 11 1536 16 319 1289 88 78 294 214 378 18 8 136 26 9 53 76 11 9 18 307 51 463 9 7
internal_value=-0.000791424 6.96722e-05 0.00406809 -0.00333839 0.00489754 -0.0192137 0.00600936 0.00802298 -0.005526 -0.00315278 0.0106701 -0.00788809 -0.0147379 -0.00358211 -0.0145783 0.0239753 0.010014 0.0190183 -0.00140269 -0.0360193 0.00533263 -0.0272322 -0.0185609 -0.038508 -0.0204185 -0.0194219 -0.0153877 -0.0188188 0.0535212 -0.0556239
internal_weight=207.146 194.969 89.714 105.255 87.9996 3.87898 84.1206 16.9943 88.2602 70.18 17.9071 52.2729 18.0802 9.55175 12.1773 1.14015 16.495 9.22182 7.27318 3.03208 82.7547 8.52841 11.0371 1.71438 0.833482 10.9069 8.05684 7.59549 0.130282 0.880895
internal_count=5709 4443 1759 2684 1708 100 1608 315 2369 1774 407 1367 595 225 1266 47 299 144 155 89 1589 370 1219 51 27 1199 892 841 20 24
is_linear=0
shrinkage=0.05


Tree=52
num_leaves=25
num_cat=0
split_feature=2 5 1 1 6 6 6 1 5 5 1 2 2 6 6 5 5 2 1 2 6 6 2 5
split_gain=0.82379 1.84077 1.1861 0.912958 0.748218 0.643191 0.523469 0.509904 0.47034 1.19699 0.844775 0.632182 0.563518 0.886089 0.859887 0.40469 0.344249 0.342808 1.32575 0.263445 0.359412 0.178046 0.0376586 0.0126463
threshold=5.4024352020554556 0.44058823529411767 8.1500000000000004 7.0500000000000007 56.000000000000007 20.500000000000004 38.500000000000007 8.6500000000000004 0.15323955669224212 0.10172413793103451 7.0500000000000007 2.5296351104100774 3.0876272012535479 47.500000000000007 47.500000000000007 0.53137254901960795 0.38006535947712422 2.8347413390871714 7.9500000000000011 3.1567830665350254 19.500000000000004 49.500000000000007 2.9845437387886795 0.43760810476896467
decision_type=2 2 2 2 2 2 2 2 2 2 2 2 2 2 2 2 2 2 2 2 2 2 2 2
left_child=5 2 3 4 16 17 -3 8 9 10 -7 -11 14 -14 -10 -8 -2 -1 19 22 -21 -5 -19 -9
right_child=1 6 -4 21 -6 7 15 23 12 11 -12 -13 13 -15 -16 -17 -18 18 -20 20 -22 -23 -24 -25
leaf_value=0.0032991111983712955 0.00077839025408123587 0.015390817312778636 0.055258318070670456 -0.091953321679765762 -0.042578705860366599 0.044695074725009908 0.074420848891447219 -0.06728425203982849 0.0014980839354839645 0.035180642265910771 -0.045441794551014832 -0.04850807061666073 -0.003237998295192042 0.0066208709980697519 -0.0078747699659108949 0.028883030051429781 0.05908230408219356 -0.057148227261386665 0.038530480123486581 -0.05543586962954157 -0.00046527159991505281 -0.045665361065564632 -0.076235816526869199 -0.048254484341401109
leaf_weight=1.0199012393131845 0.6755731515586374 1.0756215341389181 0.57810030877590168 0.38582912413403381 0.74207148747518648 0.94869661564007335 1.3689811807125809 0.22199860122054715 50.702124550822191 0.25254528224468265 0.35804586997255683 2.1194406105205417 39.809235990396701 53.312878739146981 47.297046544030309 0.75803995539899904 0.40491656633093953 0.54835330415517158 0.55682191438972939 0.69225627230480291 0.52125185821205378 0.4501017713919282 0.48870039777830243 0.14389314656727947
leaf_count=19 16 19 9 12 18 16 13 11 1236 2 26 71 890 1394 1854 19 8 10 8 13 10 14 10 11
internal_value=-0.000659065 0.0169423 -0.00965048 -0.0237652 -0.0039215 -0.00122863 0.0438169 -0.000830554 -0.000719791 -0.0184285 0.0199977 -0.0395977 -0.000378931 0.00240625 -0.00302551 0.0581918 0.0226279 -0.0215278 -0.0305472 -0.047638 -0.0318237 -0.0670299 -0.066143 -0.0598005
internal_weight=205.432 6.43924 3.23659 2.65849 1.82256 198.993 3.20264 195.166 194.8 3.67873 1.30674 2.37199 191.121 93.1221 97.9992 2.12702 1.08049 3.82728 2.80738 2.25056 1.21351 0.835931 1.03705 0.365892
internal_count=5709 128 77 68 42 5581 51 5511 5489 115 42 73 5374 2284 3090 32 24 70 51 43 23 26 20 22
is_linear=0
shrinkage=0.05


Tree=53
num_leaves=31
num_cat=0
split_feature=2 0 0 2 2 1 6 2 2 1 3 2 6 6 0 2 2 6 6 2 2 6 6 6 3 6 2 0 6 6
split_gain=1.02072 0.791078 0.788755 1.10086 1.63421 1.05278 0.938491 0.85546 0.666154 0.621468 1.22342 0.631838 1.14198 0.792454 0.576551 0.578484 0.569085 0.552379 0.54617 0.512074 1.02704 0.836348 0.620081 0.509326 1.4337 1.07112 0.423326 0.435306 0.419487 0.370535
threshold=5.4024352020554556 0.59375000000000011 0.61832500000000012 3.4369016171537843 3.4000282246878273 6.5500000000000007 56.000000000000007 3.049960005733658 3.4762696173592693 8.1500000000000004 3.5000000000000004 2.9411966330899992 32.500000000000007 47.500000000000007 0.72917500000000002 5.7445296940494162 3.3257366126566468 48.500000000000007 40.500000000000007 3.1062888222224907 3.049960005733658 42.500000000000007 37.000000000000007 58.500000000000007 2.5000000000000004 48.500000000000007 3.1439995651035022 0.96250000000000013 25.500000000000004 48.500000000000007
decision_type=2 2 2 2 2 2 2 2 2 2 2 2 2 2 2 2 2 2 2 2 2 2 2 2 2 2 2 2 2 2
left_child=2 -2 3 4 5 7 -6 -1 -5 19 23 13 -13 -12 -3 -16 -7 18 -10 20 21 -4 -22 25 -25 -11 27 -21 -28 -17
right_child=1 14 9 8 6 16 -8 -9 17 10 11 12 -14 -15 15 29 -18 -19 -20 26 22 -23 -24 24 -26 -27 28 -29 -30 -31
leaf_value=-0.0017099557029876832 0.044648260688311736 -0.030481020727619264 0.0053371944679343856 -0.065968809477260248 0.0038167292225414861 -0.0069537392302155476 0.069364131697470133 0.034005485623332145 -0.014716343358973911 0.0010060366839171934 0.0085251673274952654 0.052509428426963302 0.0046242071464606231 0.057949062409781496 -0.0052711386084056053 0.014406579236796996 -0.040637858431451512 -0.030165550603918442 0.024164974575032448 0.010517565720719988 -0.057258621212473916 -0.007722978642277863 -0.015930920185891425 0.032554677993249334 -0.039320092315719965 -0.035822099636603988 -0.01481738666632551 0.057064455302650224 0.002655275188441537 0.060077117183701984
leaf_weight=4.0436884695081963 2.0519336301367721 0.83158433996140946 21.265602659899741 0.75440812658052792 1.0113475085236125 38.19142944162013 1.1870268889470024 2.864107763627544 4.226474962604696 8.3504695231094974 1.3802999369800084 1.4804098680615405 7.8325223848223686 1.966525614261627 1.6685041785240176 0.95341010717675068 1.2964771974366147 4.4903171148325782 1.148677102057263 2.150348808150738 1.2159702260978509 28.940808914601803 3.5792281858157367 2.6797102050622921 0.93622122355736781 2.5856618718244126 3.6838513584807506 0.65537402965128411 50.873193763778545 0.83139661513268948
leaf_count=287 60 18 361 46 26 1969 25 102 184 94 11 15 70 14 23 17 86 376 86 46 23 807 80 42 16 42 47 7 719 10
internal_value=-0.000635447 0.0191194 -0.00126517 -0.00610062 -0.00291355 -0.00490947 0.0392095 0.0130984 -0.0206839 0.000786227 0.00756591 0.0189325 0.0122362 0.0375656 0.00689418 0.0158944 -0.00805966 -0.017221 -0.00640735 -0.00085564 -0.00430271 -0.00219117 -0.0264108 -0.00232257 0.0139452 -0.00770135 0.00244954 0.0213902 0.00147547 0.0356808
internal_weight=205.127 6.33683 198.79 59.214 48.5941 46.3957 2.19837 6.9078 10.6199 139.576 27.2118 12.6598 9.31293 3.34683 4.2849 3.45331 39.4879 9.86547 5.37515 112.364 55.0016 50.2064 4.7952 14.5521 3.61593 10.9361 57.3628 2.80572 54.557 1.78481
internal_count=5709 128 5581 3187 2495 2444 51 389 692 2394 304 110 85 25 68 50 2055 646 270 2090 1271 1168 103 194 58 136 819 53 766 27
is_linear=0
shrinkage=0.05


Tree=54
num_leaves=31
num_cat=0
split_feature=2 5 1 5 2 2 2 2 5 1 6 5 2 2 6 1 5 5 5 1 2 6 5 1 2 3 5 5 6 6
split_gain=0.783611 1.2662 1.19262 0.786838 1.45231 0.606406 1.40646 1.37735 1.03463 0.896292 0.75065 0.721524 0.706427 0.690835 0.673851 0.579238 0.512863 0.829058 0.619151 0.509297 0.49828 0.476064 1.86536 0.644936 0.475779 0.44579 0.917134 0.476475 0.389783 0.383438
threshold=5.4024352020554556 0.4491379310344828 8.1500000000000004 0.47140522875816998 5.5440414091679253 2.6225977269441549 2.7607058823271244 2.7806802694834509 0.21807065217391305 6.8500000000000005 34.500000000000007 0.28320802005012535 2.5872375780558694 2.5670225209637745 51.500000000000007 7.0500000000000007 0.58411949685534603 0.56330128205128216 0.61285846438482905 8.6500000000000004 5.6574867333774366 56.000000000000007 0.45080645161290328 8.4500000000000011 3.1567830665350254 4.5000000000000009 0.40192307692307699 0.38348416289592763 38.500000000000007 48.500000000000007
decision_type=2 2 2 2 2 2 2 2 2 2 2 2 2 2 2 2 2 2 2 2 2 2 2 2 2 2 2 2 2 2
left_child=5 2 15 -3 -5 11 8 9 -7 -8 -11 13 25 14 -1 29 17 -10 -18 24 -17 23 -23 -14 -9 26 -13 -27 -6 -2
right_child=1 3 -4 4 28 6 7 19 16 10 -12 12 21 -15 -16 20 18 -19 -20 -21 -22 22 -24 -25 -26 27 -28 -29 -30 -31
leaf_value=0.025162408841521683 -0.039899962722876825 0.078440240850150167 0.055409026801888285 0.069575110593264489 -0.044765376692031844 0.021809304970696025 -0.03922826915219281 -0.004205922693047601 -0.018453034922216945 0.056521798913752412 0.016856348694909842 0.016048233562011245 0.023020059598625821 -0.061396788325757491 -0.036603260857092507 -0.088022095688916599 -0.078895283785643658 0.028822762687402661 0.0064638942688432016 -0.060492335507869505 -0.0097261970607746273 0.065541026303123598 -0.040083582719852039 -0.02915737273938563 0.0013949819553391706 -0.021808551177749772 -0.024585886076970629 0.042454090302967672 0.013120978900524841 0.011087401750256652
leaf_weight=1.04552729148418 0.52027549082413305 0.93169289827346835 0.66029176115989674 0.93846948258578811 0.54635267332196213 1.812952743377539 0.53632217820268024 66.848391722480301 16.407769779732924 1.6782233775593338 4.1233037939528003 2.704478867352007 3.5668377617839724 0.63902310421690334 0.76444480591453601 0.47231583343818773 0.69080966035835345 0.98291158187203009 0.30678270291537046 0.3609335545625062 0.35664562415331602 1.883745623752475 0.53719752654433239 0.71014152467250813 87.608130841545062 0.38889617606764648 2.8541256232419983 1.1167147511150686 0.6217578100040555 1.2659130252432076
leaf_count=12 16 7 10 13 8 44 32 2129 694 22 99 63 69 18 15 13 22 53 14 22 14 28 22 6 2088 13 81 35 19 28
internal_value=-0.000409069 0.0169308 -0.00463455 0.0401796 0.0232578 -0.000963204 -0.0017914 -0.000232447 -0.014228 0.0226135 0.0283305 0.00830197 0.0127518 -0.0167036 -0.000924427 -0.0197948 -0.017781 -0.015781 -0.0526454 -0.00116771 -0.0543367 0.0243856 0.0421034 0.0143566 -0.00102908 0.00172117 -0.00481579 0.0258552 -0.0139538 -0.00376404
internal_weight=203.881 6.31371 3.27544 3.03827 2.10658 197.568 181.357 161.155 20.2012 6.33785 5.80153 16.2111 13.7621 2.449 1.80997 2.61515 18.3883 17.3907 0.997592 154.817 0.828961 6.69792 2.42094 4.27698 154.457 7.06422 5.5586 1.50561 1.16811 1.78619
internal_count=5709 128 81 47 40 5581 5219 4392 827 153 121 362 317 45 27 71 783 747 36 4239 27 125 50 75 4217 192 144 48 27 44
is_linear=0
shrinkage=0.05


Tree=55
num_leaves=31
num_cat=0
split_feature=0 0 2 2 1 5 0 1 5 5 5 2 1 5 2 2 2 2 5 3 3 5 5 5 5 1 5 5 4 2
split_gain=1.17084 1.4014 1.37965 1.36195 1.04219 0.965284 0.918783 1.02223 1.10428 1.25823 0.996576 0.811135 0.809398 0.731181 1.1006 0.71849 1.13699 1.11603 0.702388 0.674624 0.671794 0.529142 0.512659 0.437336 0.419421 0.400983 1.83846 2.95903 0.547125 1.17899
threshold=0.73667500000000008 0.6775000000000001 2.6153478486952397 4.6981319499382073 8.4500000000000011 0.42052631578947369 0.46625000000000005 6.4500000000000011 0.31293706293706297 0.18898809523809526 0.16859903381642513 2.5116186471417885 6.7500000000000009 0.57855191256830618 4.9113694734042541 2.8005987924319804 2.7913174313277689 2.9090836105909128 0.32993197278911568 2.5000000000000004 3.5000000000000004 0.34580419580419586 0.2869249394673124 0.61285846438482905 0.47420634920634924 8.1500000000000004 0.34698996655518399 0.37590579710144933 1.0000000180025095e-35 3.0368495884589435
decision_type=2 2 2 2 2 2 2 2 2 2 2 2 2 2 2 2 2 2 2 2 2 2 2 2 2 2 2 2 2 2
left_child=1 6 5 25 13 19 10 8 9 -8 -1 -9 -13 15 20 16 -4 -17 -6 21 -15 -2 -5 -12 -7 28 -27 -28 29 -3
right_child=2 3 4 22 18 24 7 11 -10 -11 23 12 -14 14 -16 17 -18 -19 -20 -21 -22 -23 -24 -25 -26 26 27 -29 -30 -31
leaf_value=0.030081237487075946 -0.014339986538873452 -0.017512782555908362 -0.0072378730877844834 -0.0012555286944849881 0.066773670147042677 -0.049203532287449753 -0.065991908504560534 -0.061360003737241632 -0.032174735227483937 0.023749234871512787 -0.019467528951082069 0.019442156652681623 0.0017923149799806684 -0.004223573385261665 -0.04460023313208078 0.022771303220033241 -0.079451978483051799 0.00027555835425878493 0.0073003333682567055 0.047767930594751901 0.051613696014696009 0.031958922394678478 0.060310419116887143 0.061704799705904922 0.00922739813846799 0.035859273563913059 -0.099505538147117684 -0.0023499597592955999 -0.010597851972076536 -0.055972576492220677
leaf_weight=1.1847393964417268 1.0061371810734265 6.9054438117891639 12.234101859387007 0.58646790497004875 1.026416391134261 0.51926004374399759 0.47203584434464518 0.4841467784717669 4.4086400449741632 2.2636611764319241 10.708004555664953 7.226461522281169 64.227507098286878 0.73359123629052181 0.48908679746091355 6.1491807233542195 0.57048915419727642 53.317560771480203 0.96149131283164013 3.4542579157277942 2.0273814797401428 1.5961006283760069 0.79853445431217551 0.16854724509175945 0.75173002271912992 1.857592649757861 0.99389221519231785 3.7058699335902929 7.4518449169117948 2.800927524222061
leaf_count=41 12 168 267 10 8 12 22 21 289 70 1198 246 1947 22 8 115 15 717 15 35 44 11 13 24 16 21 7 44 246 53
internal_value=-0.000233262 -0.00349267 0.00423282 -0.013954 0.00227234 0.0249706 -0.000611674 0.00134884 -0.0166897 0.00826469 -0.0134662 0.00314029 0.00357732 0.00133168 0.0245315 0.00028838 -0.0104553 0.00260174 0.0380082 0.033284 0.0367777 0.0140578 0.0342408 -0.0182097 -0.0146444 -0.0167686 -0.00625168 -0.0228961 -0.0207878 -0.028611
internal_weight=201.081 116.244 84.8368 25.1006 77.5093 7.32749 91.1437 79.0825 7.14434 2.7357 12.0613 71.9381 71.454 75.5214 3.25006 72.2713 12.8046 59.4667 1.98791 6.0565 2.76097 2.60224 1.385 10.8766 1.27099 23.7156 6.55735 4.69976 17.1582 9.70637
internal_count=5717 4420 1297 562 1211 86 3858 2595 381 92 1263 2214 2193 1188 74 1114 282 832 23 58 66 23 23 1222 28 539 72 51 467 221
is_linear=0
shrinkage=0.05


Tree=56
num_leaves=31
num_cat=0
split_feature=0 2 6 6 1 5 2 5 0 2 2 2 5 3 2 1 6 6 5 5 3 3 1 1 5 5 6 5 0 1
split_gain=0.928243 1.39807 1.16691 1.14634 1.06205 1.09678 1.03594 1.26742 0.985729 0.939887 0.906114 0.88833 0.647058 0.640868 0.958882 0.674161 0.589871 0.610646 0.552836 0.980838 0.516228 0.512856 0.903139 0.524553 0.475049 0.825815 0.402358 0.176288 0.110125 0.0886013
threshold=0.73667500000000008 2.6153478486952397 38.500000000000007 44.500000000000007 8.4500000000000011 0.57855191256830618 5.4024352020554556 0.38348416289592763 0.72917500000000002 2.6266587346166723 4.5412782988227152 4.6981319499382073 0.32993197278911568 2.5000000000000004 2.8768637889878934 7.8500000000000005 71.500000000000014 57.500000000000007 0.2869249394673124 0.39415279556124633 4.5000000000000009 3.5000000000000004 7.5500000000000007 7.2500000000000009 0.40761518262115071 0.45620204603580566 39.500000000000007 0.43760810476896467 0.6316750000000001 7.2500000000000009
decision_type=2 2 2 2 2 2 2 2 2 2 2 2 2 2 2 2 2 2 2 2 2 2 2 2 2 2 2 2 2 2
left_child=6 2 -2 -4 5 9 8 -8 10 -3 13 16 -6 14 -1 -15 17 -10 -5 -20 -11 22 -7 -23 28 -26 -9 -28 -12 -29
right_child=1 4 3 18 12 21 7 26 11 20 24 -13 -14 15 -16 -17 -18 -19 19 -21 -22 23 -24 -25 25 -27 27 29 -30 -31
leaf_value=-0.030809275433792773 0.054317044914923923 -0.054929360777880791 -0.040607853829312736 -0.0072938190296246959 0.066674523756064571 0.0533345940019921 -0.054647651906630547 0.00028388660697211966 -0.02416390306620746 0.0043986093383073504 -0.050466319014770833 0.034622233840305196 0.0093612732425640607 -0.0028689956872805849 0.0010364638663412976 0.0069312974180034724 -0.076819829415698038 -0.00027860684063017244 0.06011283082580219 0.0051529975320271353 -0.0041346026315587725 0.0066879863740182946 -0.057799918971101684 0.055414323167176975 0.058195937590145075 -0.04366701930725185 0.027123062619979762 0.071522585224628968 -0.090531998751365306 0.045379241847137326
leaf_weight=4.4248349358676915 2.261665102094411 0.78486511949449678 0.88233767636120308 1.1946658231317995 0.98330045118927845 0.33346565254032556 0.40529366303235237 0.48207632359117303 9.3232619082555122 35.086696361657232 0.34471338149160047 0.81265913322568017 0.98655438609421253 62.540336184145417 5.0746316665317863 24.391945433570072 0.43008317891508419 3.7530684599187216 1.6150038763880732 1.6322687792126087 35.815902440808713 0.81350760255008969 0.40463027777150273 1.7204194655641911 0.27103021368384339 0.74837424501311034 0.53295828262343992 0.81143578910268821 0.34132933430373669 0.53959738090634346
leaf_count=266 18 15 9 18 8 9 29 11 200 542 35 13 15 2701 301 618 12 131 13 28 557 24 13 28 20 39 17 14 5 8
internal_value=-0.000230272 0.00374966 0.0242286 0.0114476 0.00173025 0.00077789 -0.00314941 0.0270504 -0.00389365 -0.000514232 -0.00210553 -0.0161487 0.0379706 -0.0014666 -0.0137972 -0.000119175 -0.0192035 -0.0173085 0.0217878 0.0324868 8.81229e-05 0.0290873 -0.00759026 0.0397709 -0.0382328 -0.0165846 0.0410448 0.0514747 -0.0704003 0.061081
internal_weight=199.743 84.5153 7.58594 5.32428 76.9293 74.9595 115.228 2.77136 112.456 71.6875 98.1372 14.3191 1.96985 96.4317 9.49947 86.9323 13.5064 13.0763 4.44194 3.24727 70.9026 3.27202 0.738096 2.53393 1.70545 1.0194 2.36607 1.88399 0.686043 1.35103
internal_count=5717 1297 86 68 1211 1188 4420 79 4341 1114 3985 356 23 3886 567 3319 343 331 59 41 1099 74 22 52 99 59 50 39 40 22
is_linear=0
shrinkage=0.05


Tree=57
num_leaves=31
num_cat=0
split_feature=0 1 2 5 5 2 3 1 0 2 0 5 1 1 2 5 5 5 5 1 0 0 5 5 2 2 5 5 5 5
split_gain=0.815098 1.16242 0.961228 1.05895 0.818565 0.831276 0.717626 0.806135 0.655897 0.87716 0.68783 0.758452 1.30614 0.641062 0.565441 0.571256 0.544809 2.16406 1.03482 0.544766 1.45118 0.977646 0.525455 0.456765 0.347467 0.312577 0.593593 0.179809 0.0958264 0.0533728
threshold=0.73667500000000008 8.4500000000000011 5.4024352020554556 0.38348416289592763 0.57855191256830618 2.3662658803096654 3.5000000000000004 6.7500000000000009 0.72917500000000002 4.6981319499382073 0.55832500000000007 0.16859903381642513 6.5500000000000007 7.4500000000000011 2.3662658803096654 0.18263888888888893 0.39545896066051484 0.43929824561403513 0.34698996655518399 6.6500000000000012 0.83667500000000017 0.96250000000000013 0.34514106583072107 0.28851224105461398 3.118745169810095 5.4755168397381269 0.47420634920634924 0.4491379310344828 0.53137254901960795 0.27622890682318418
decision_type=2 2 2 2 2 2 2 2 2 2 2 2 2 2 2 2 2 2 2 2 2 2 2 2 2 2 2 2 2 2
left_child=2 4 8 29 5 -2 13 -8 10 16 11 12 -1 -6 -12 -16 18 -18 -10 20 -7 -21 -3 -13 -9 -5 27 -27 -28 -4
right_child=1 22 3 25 6 19 7 24 9 -11 14 23 -14 -15 15 -17 17 -19 -20 21 -22 -23 -24 -25 -26 26 28 -29 -30 -31
leaf_value=0.060643841690108773 0.072264697101281708 0.064546393084363579 -0.025630867737431097 0.071133584533000047 0.036047425010818986 0.035560251114444351 -0.022461894784429191 0.068069914659161998 -0.013824091163858437 0.035328868911198567 -0.062681843614304608 -0.026056486166982619 -0.029112082495271769 -0.054823885477674819 -0.039708489199077879 0.0017064609069161081 0.043707034816023033 -0.024876026400747389 -0.054900916195160354 -0.0046907048412889278 0.00025633168789987275 0.0089561831783845705 0.015744782921494831 -0.0075908101316207108 0.028874811786273848 0.034565355395903906 0.010839893726186794 0.076127401436786993 -0.025721902557805244 -0.064187675455807183
leaf_weight=1.00658206176013 0.41510732471942802 1.0759178176522248 0.14129378856159691 0.5751107428222898 0.34124476136639659 4.0293118085246524 0.45368191972374949 1.2615116764791312 5.3066498637199366 0.85843661800026971 0.3484436459839334 3.8466817351290983 0.67857046774588514 0.4500457146205008 0.84337343578226764 65.411585172347259 1.6176771102473138 3.9802785804495215 2.1562474421225488 44.696508920518681 10.486020286567507 18.578632870689034 1.1318128043785689 25.879137043899391 1.0247784517705438 0.60254620946943738 0.38185677304863919 0.45806027203798294 0.3377052997238934 0.24606229504570365
leaf_count=10 2 9 11 7 9 76 12 23 130 13 16 298 63 15 44 1734 49 119 45 727 164 223 16 1820 21 18 6 4 15 18
internal_value=-1.66199e-05 0.0037271 -0.00275707 0.0264873 0.00276011 0.00169687 0.0263074 0.0384204 -0.00347363 -0.0136301 -0.00203127 -0.00813048 0.0245013 -0.0156355 0.000845184 0.00117928 -0.016848 -0.00505714 -0.0256924 0.0013203 0.0100563 -0.000683752 0.0395278 -0.00998037 0.0505016 0.039087 0.0287338 0.0525154 -0.00631931 -0.0501235
internal_weight=198.621 83.9446 114.676 2.74264 81.7368 78.2056 3.53126 2.73997 111.934 13.9193 98.0144 31.411 1.68515 0.79129 66.6034 66.255 13.0609 5.59796 7.4629 77.7905 14.5153 63.2751 2.20773 29.7258 2.28629 2.35528 1.78017 1.06061 0.719562 0.387356
internal_count=5717 1297 4420 79 1272 1192 80 56 4341 356 3985 2191 73 24 1794 1778 343 168 175 1190 240 950 25 2118 44 50 43 22 21 29
is_linear=0
shrinkage=0.05


Tree=58
num_leaves=30
num_cat=0
split_feature=0 5 5 2 0 6 1 5 2 1 5 0 6 5 6 5 5 1 5 6 2 0 1 1 1 0 1 2 5
split_gain=0.760683 0.854263 0.796592 0.659897 1.24982 1.13976 1.11164 1.88921 0.95046 0.643896 0.922189 0.650817 0.505794 0.467452 0.358427 0.298677 0.526059 0.334724 0.245703 0.240525 0.183939 0.0913695 0.834434 0.0890076 0.0967107 0.0577642 0.0149581 0.00204811 0.000670823
threshold=0.46625000000000005 0.16859903381642513 0.10172413793103451 4.589410143454125 0.88750000000000007 48.500000000000007 6.3500000000000005 0.38956639566395673 4.5516818502987642 5.7500000000000009 0.34698996655518399 0.9125000000000002 25.500000000000004 0.61285846438482905 67.000000000000014 0.45521390374331555 0.42640692640692646 8.4500000000000011 0.26086335048599202 69.500000000000014 2.9368840838484194 0.37917500000000004 6.8500000000000005 8.2500000000000018 6.4500000000000011 0.66457500000000003 7.1500000000000012 3.3583378512247672 0.1252535496957404
decision_type=2 2 2 2 2 2 2 2 2 2 2 2 2 2 2 2 2 2 2 2 2 2 2 2 2 2 2 2 2
left_child=1 21 25 8 5 12 -6 -8 9 10 -4 -11 -5 15 -7 16 17 -3 -10 -18 -15 22 -1 24 -17 -2 -20 -25 -24
right_child=2 13 3 4 6 14 7 -9 18 11 -12 -13 -14 20 -16 23 19 -19 26 -21 -22 -23 28 27 -26 -27 -28 -29 -30
leaf_value=0.055056201883229697 -0.038499693251725468 -0.020350131710147327 -0.00078778861542805009 -0.043984792479551851 0.038465476441575691 0.049510596658361918 -0.087740062813519912 0.0013594068648276017 -0.0075013974731972903 -0.00040630245245385649 -0.04594246085621418 0.0086710715689025299 0.010752386419914751 0.014923897864578562 0.013495706120836535 -0.052255591896142456 0.036224257156655705 0.048708985798323501 -0.071933217234336613 -0.018847975159229771 0.11650119086330064 0.04234811600114273 -0.055085061921288064 -0.053293586045208466 -0.024824338094493317 -0.068921862095304223 -0.057361145741846968 -0.061257224214330844 -0.060378642397398555
leaf_weight=0.45884361118078121 0.2801361195743074 6.4611413553939165 3.0190577153116456 0.51464292663149391 0.86869547143578563 3.2776738894172013 0.86335065960884128 1.9136125510558484 0.25463580619543691 145.95490385877201 1.8077825551736166 22.83530041994527 2.3453638514038175 0.094113043043763223 0.87533191731199611 0.38237953418865878 0.70546022802591313 0.18036072491668154 0.36008750135079026 0.27575771417468786 0.084657828789204359 0.53258566767908633 0.098369162995368242 0.22671582165639836 2.0118093353230506 0.35221427213400602 0.34467421192675829 0.12538947258144617 0.15282972110435367
leaf_count=4 14 745 44 14 6 59 10 29 5 3779 101 277 57 12 28 44 76 28 12 37 12 10 10 22 236 11 8 10 17
internal_value=-0.000202488 -0.012518 0.00057874 0.000769991 0.0128478 0.0251924 -0.0108991 -0.0263414 3.25877e-05 0.000306838 -0.0176994 0.000821758 0.000902724 -0.0171374 0.0419197 -0.0185195 -0.013426 -0.0184747 -0.049597 0.020747 0.0630263 0.0266933 0.014951 -0.0326574 -0.0292054 -0.0554446 -0.0648065 -0.0561295 -0.0583057
internal_weight=197.658 11.7904 185.867 185.235 10.6587 7.01301 3.64566 2.77696 174.576 173.617 4.82684 168.79 2.86001 10.5478 4.15301 10.369 7.62272 6.6415 0.959398 0.981218 0.178771 1.24263 0.710042 2.74629 2.39419 0.63235 0.704762 0.352105 0.251199
internal_count=5717 1263 4454 4429 203 158 45 39 4226 4201 145 4056 71 1222 87 1198 886 773 25 113 24 41 31 312 280 25 20 32 27
is_linear=0
shrinkage=0.05


Tree=59
num_leaves=31
num_cat=0
split_feature=2 2 6 5 5 2 2 5 5 3 2 5 5 6 6 3 1 5 6 2 2 3 2 5 2 2 1 5 5 3
split_gain=0.735354 0.594522 0.779935 0.747162 0.53882 0.796177 0.498934 0.853898 1.1233 0.757775 0.644351 0.595761 1.03248 0.60728 0.569609 0.54176 0.905484 1.08556 0.785606 0.952186 0.621341 0.540928 0.486021 0.931467 0.507279 0.439103 0.437859 0.374121 0.330036 0.376885
threshold=5.4024352020554556 5.9693946024263989 28.500000000000004 0.38762626262626271 0.15323955669224212 5.4359270417206025 2.6546845354323731 0.34698996655518399 0.36491677336747769 3.5000000000000004 2.7440927505788149 0.44365079365079368 0.48499103942652338 50.500000000000007 24.500000000000004 4.5000000000000009 5.1500000000000012 0.38006535947712422 69.500000000000014 3.2100353706170854 3.6094017520887385 1.5000000000000002 2.5116186471417885 0.38956639566395673 2.6064219431943121 2.5980120931240029 7.3500000000000005 0.27254641909814331 0.43167701863354041 4.5000000000000009
decision_type=2 2 2 2 2 2 2 2 2 2 2 2 2 2 2 2 2 2 2 2 2 2 2 2 2 2 2 2 2 2
left_child=6 2 -2 4 -4 -6 7 21 9 -9 11 28 13 -13 -14 18 -17 -18 20 -20 -12 27 23 -10 -24 26 -23 -1 29 -8
right_child=1 -3 3 -5 5 -7 10 8 22 -11 15 12 14 -15 -16 16 17 -19 19 -21 -22 25 24 -25 -26 -27 -28 -29 -30 -31
leaf_value=-0.054108634255340821 -0.041997853209090961 -0.02919518131957648 0.058976161298263732 0.041639716706634737 0.02218550005858607 -0.060254530886602466 -0.012211296706467213 -0.0079432146188734253 0.028161683986375897 -0.09496617550395578 -0.0010065767230131432 0.052715550986241991 0.024784773024159455 -0.016444539923797657 -0.030985104242607 0.042286973727548291 -0.014038267970548191 -0.00046137810004349532 0.0026853575772298847 0.038359674643509631 0.013690248606331144 0.025658923257410999 0.014972376195702615 -0.054426128652034222 -0.0078758615349740126 0.044044245759636225 -0.014593420681213241 0.0096217090464338004 -0.06969940245726429 -0.037814293538148795
leaf_weight=0.35733317956328636 0.42678944393992324 0.61483082687482227 0.29777940036728967 3.3331925990059972 0.62713868729770161 0.54946492169983685 6.3167777000926399 0.49809445720165857 0.54450269043445476 0.50255307229235768 73.222371512325481 1.1877485099248577 0.60853820620104704 0.43316487636184309 1.8488793541328048 1.0408247327432025 21.409682798548602 47.139889016340021 4.6365245752385809 3.1353193780814763 7.9748006373993112 2.83586362679489 7.0696496780728904 0.91533408360555768 3.7010828510392457 2.2508150858338922 0.88689306552987535 0.64766880171373487 0.32128568575717587 1.8607844297075642
leaf_count=12 10 15 4 61 8 25 256 11 15 16 1890 34 10 40 108 23 690 1440 201 85 191 43 150 46 150 53 20 13 15 82
internal_value=-0.00014722 0.0173163 0.0227795 0.0285301 -0.00110723 -0.0163134 -0.000681056 0.00674866 -0.000715411 -0.0516486 -0.00155844 -0.0124519 0.00325731 0.0342336 -0.0171746 -0.000694359 -0.00399898 -0.00470177 0.00189047 0.0170771 0.000436876 0.0209004 0.0034517 -0.0236218 0.00712117 0.0266102 0.0160694 -0.0130379 -0.0199902 -0.0180372
internal_weight=197.196 5.8492 5.23437 4.80758 1.47438 1.1766 191.346 20.2098 13.2312 1.00065 171.137 12.5772 4.07833 1.62091 2.45742 158.559 69.5904 68.5496 88.969 7.77184 81.1972 6.97857 12.2306 1.45984 10.7707 5.97357 3.72276 1.005 8.49885 8.17756
internal_count=5717 123 108 98 37 33 5594 529 388 27 5065 545 192 74 118 4520 2153 2130 2367 286 2081 141 361 61 300 116 63 25 353 338
is_linear=0
shrinkage=0.05


Tree=60
num_leaves=31
num_cat=0
split_feature=2 0 5 6 5 0 6 2 2 5 2 4 6 6 6 0 3 5 0 3 6 6 6 6 5 6 3 6 6 0
split_gain=0.586494 0.910412 0.835632 0.748448 0.640882 0.815732 0.546427 0.460829 0.450605 1.31611 0.344626 1.16443 1.10906 1.06813 0.580515 0.535418 1.12642 1.35366 1.19353 0.764927 1.10831 0.752336 0.321962 0.535097 0.554382 0.297621 0.89052 0.402813 0.64048 0.409876
threshold=5.4024352020554556 0.55832500000000007 0.44058823529411767 47.500000000000007 0.29905613512170898 0.69000000000000006 57.500000000000007 3.7676888832150359 5.7445296940494162 0.47420634920634924 2.6153478486952397 1.0000000180025095e-35 22.500000000000004 37.000000000000007 44.500000000000007 0.76500000000000012 3.5000000000000004 0.42640692640692646 0.96250000000000013 3.5000000000000004 21.500000000000004 50.500000000000007 58.500000000000007 46.500000000000007 0.46998799519807927 20.500000000000004 3.5000000000000004 26.500000000000004 28.500000000000004 0.53375000000000006
decision_type=2 2 2 2 2 2 2 2 2 2 2 2 2 2 2 2 2 2 2 2 2 2 2 2 2 2 2 2 2 2
left_child=1 7 3 -2 -5 6 -6 25 -4 -10 11 12 -3 -14 -13 19 18 -18 -17 20 -12 -21 23 -9 -25 26 -1 29 -29 -27
right_child=2 10 8 4 5 -7 -8 22 9 -11 15 14 13 -15 -16 16 17 -19 -20 21 -22 -23 -24 24 -26 27 -28 28 -30 -31
leaf_value=0.058033390547071365 -0.03881391366170707 -0.067622084923048748 0.056785411594749029 0.055701054213649098 0.067125902640196342 -0.046140057233541885 -0.01927096448470984 -0.033731093117472986 0.068240863069595523 -0.034086489205795358 -0.04752604195595634 0.012039631382579317 0.031890526708609569 -0.004998110431087343 0.05907050617408393 -0.026923309316836064 -0.006124188916566466 0.011807695270887894 0.0019251962564780717 -0.0052563962009423522 0.011798124014190557 0.0057038717350515284 -0.05321128147854251 -0.0060113291197953856 0.11156000574772705 -0.017359441363799397 -0.021714801182262863 0.047203996848926857 -0.0067657626611430394 -0.070006479350540843
leaf_weight=0.66268687974662188 0.94685832806862835 0.55308397859334846 1.3458826595451685 0.65558628505095873 0.43653492070734479 0.63276808336377144 0.31511990539729595 1.2024509098264382 0.60585273057222344 0.65281995595432818 0.81238040886819618 1.1735279648564749 2.7063375394791347 7.1384967698832043 1.4881726717576382 8.8476691156392899 27.869595814496279 16.910162420710549 6.0280458480119696 33.841953958617523 25.494201746099861 29.137573752377648 0.8785875198082066 0.340737621532753 0.1420690652448684 2.6688836499815838 0.74203286785632372 0.56329585541971283 22.815230664564297 0.42914054496213783
leaf_count=11 30 5 24 11 11 8 13 77 7 18 12 19 33 133 26 187 398 288 74 777 580 889 73 42 11 133 20 23 1759 12
internal_value=1.08208e-05 -0.000452983 0.0159741 -0.00207584 0.0149759 -0.00430925 0.0309053 -0.00838593 0.0366735 0.015168 0.00103787 0.00882589 0.00127207 0.00514255 0.0383349 0.00035499 -0.00331255 0.000647421 -0.0152331 0.00280542 0.00996612 -0.000185612 -0.0286717 -0.0158783 0.0285848 -0.00652053 0.015907 -0.00771043 -0.00546538 -0.0246521
internal_weight=198.038 192.446 5.59142 2.98687 2.04001 1.38442 0.751655 30.4451 2.60456 1.25867 162.001 13.0596 10.3979 9.84483 2.6617 148.942 59.6555 44.7798 14.8757 89.2861 26.3066 62.9795 2.56385 1.68526 0.482807 27.8813 1.40472 26.4766 23.3785 3.09802
internal_count=5704 5582 122 73 43 32 24 2161 49 25 3421 216 171 166 45 3205 947 686 261 2258 592 1666 203 130 53 1958 31 1927 1782 145
is_linear=0
shrinkage=0.05


Tree=61
num_leaves=31
num_cat=0
split_feature=2 0 5 1 6 5 6 2 6 2 6 6 1 6 5 1 1 6 5 6 5 0 0 1 2 5 6 0 2 1
split_gain=0.982153 0.789743 0.78972 0.628607 1.02983 1.32188 0.571934 0.608707 0.531904 0.512762 0.574066 0.496531 0.449382 0.393181 0.329585 1.01638 0.547426 0.490623 0.449451 0.33299 0.318382 0.347607 0.303315 0.708511 0.280595 1.04383 0.233743 0.138202 0.131136 0.0954083
threshold=5.4024352020554556 0.55832500000000007 0.44058823529411767 8.4500000000000011 58.500000000000007 0.35504201680672276 47.500000000000007 5.8091117636764453 73.500000000000014 4.8513053071537007 32.500000000000007 46.500000000000007 6.5500000000000007 69.500000000000014 0.18263888888888893 6.5500000000000007 5.9500000000000011 60.500000000000007 0.21807065217391305 70.500000000000014 0.39680527383367142 0.88750000000000007 0.64500000000000013 7.8500000000000005 5.7445296940494162 0.47420634920634924 42.500000000000007 0.84500000000000008 2.8586513120689103 7.2500000000000009
decision_type=2 2 2 2 2 2 2 2 2 2 2 2 2 2 2 2 2 2 2 2 2 2 2 2 2 2 2 2 2 2
left_child=1 14 6 8 5 -5 26 20 9 12 -11 -7 -3 -6 15 -1 -16 18 -18 -19 21 -8 23 -10 -4 -26 27 -2 29 -17
right_child=2 3 24 4 13 11 7 -9 22 10 -12 -13 -14 -15 16 28 17 19 -20 -21 -22 -23 -24 -25 25 -27 -28 -29 -30 -31
leaf_value=0.045448817546573518 -0.035210550091803967 0.0075339414738353223 0.056127486989583024 0.034787425816907379 0.057669156034556995 -0.009658105896146494 -0.017871123900231 -0.02714770613191126 -0.0076535233081741613 0.023095361974734697 -0.036281415467586307 -0.060868369622959266 -0.00015525832575917221 0.018936260869940751 -0.044379836517524501 -0.032899678137905029 -0.049216797869990926 -0.028328857734158885 -0.0029400360683304412 -0.0038126971353663374 0.05757998476575879 0.044409020609223873 0.0044377312849157883 -0.10170486406067331 0.067634617597001664 -0.025844269058271342 -0.061518214743939814 0.016449105911161912 -0.048106558595778885 0.024054618961352508
leaf_weight=1.025509675033393 0.25568349845707361 22.278942135628313 1.4067397245671602 1.6462288890033949 1.4575065174140038 1.7826229885686191 0.45243771886453055 0.57150575681589533 0.44189552450552472 0.52726937923580353 1.7856541053624821 0.64446358871646214 129.17690988088725 1.1902610312972681 1.0580137656070316 0.15140649769455183 0.53832807275467232 4.1224240405717856 20.698778418067377 2.0858617085323203 0.7222691448405385 0.44381283968687057 0.36903094127774239 0.36617172788828611 0.62819942831993081 0.56925208191387355 0.35974124143831432 0.26225854456424713 0.45289569604210556 0.14296153513714671
leaf_count=14 16 592 24 19 20 25 16 11 29 10 36 18 2640 13 103 11 38 439 1311 190 12 4 11 8 7 18 10 4 43 12
internal_value=0.000230055 -0.000375882 0.0207356 0.00101204 0.015982 0.000202257 0.00354578 0.017213 0.000362695 0.000619007 -0.0227455 -0.023256 0.000975812 0.0402574 -0.00778705 0.0131312 -0.00908806 -0.00772757 -0.00411308 -0.0200919 0.0328769 0.0129693 -0.0331203 -0.0502724 0.040985 0.023196 -0.0305571 -0.00905282 -0.03122 -0.00523949
internal_weight=197.615 191.943 5.6719 161.667 6.72108 4.07332 3.06771 2.19003 154.946 153.769 2.31292 2.42709 151.456 2.64777 30.2762 1.77277 28.5034 27.4454 21.2371 6.20829 1.61852 0.896251 1.1771 0.808067 2.60419 1.19745 0.877683 0.517942 0.747264 0.294368
internal_count=5704 5582 122 3421 95 62 73 43 3326 3278 46 43 3232 33 2161 80 2081 1978 1349 629 32 20 48 37 49 25 30 20 66 23
is_linear=0
shrinkage=0.05


Tree=62
num_leaves=31
num_cat=0
split_feature=2 0 2 2 1 5 2 0 5 1 2 2 2 5 1 0 0 2 1 5 1 5 5 0 2 5 2 2 0 0
split_gain=1.20138 0.776926 0.666979 1.07029 0.509521 0.684281 0.686553 0.893913 0.439628 0.609033 0.384926 2.67707 2.42436 1.40202 0.801452 0.775026 0.375325 0.343987 0.33326 0.306107 0.973906 0.346158 0.382341 0.276839 0.259824 0.138554 0.130555 0.0652917 0.0202329 0.0172458
threshold=5.4024352020554556 0.55832500000000007 5.8091117636764453 5.8956072372094459 8.4500000000000011 0.42640692640692646 3.7359650897473711 0.69000000000000006 0.43760810476896467 6.6500000000000012 3.4762696173592693 3.3643075840091208 3.4841737449602026 0.34698996655518399 7.7500000000000009 0.60832500000000012 0.54500000000000015 5.7445296940494162 5.2500000000000009 0.18263888888888893 6.5500000000000007 0.21807065217391305 0.25378787878787884 0.72917500000000002 5.7445296940494162 0.45620204603580566 2.8586513120689103 2.8161569419805268 0.41875000000000001 0.54500000000000015
decision_type=2 2 2 2 2 2 2 2 2 2 2 2 2 2 2 2 2 2 2 2 2 2 2 2 2 2 2 2 2 2
left_child=1 18 8 -4 10 6 7 -6 9 -2 11 14 -12 -13 -3 -14 -11 -18 28 20 -20 27 -23 25 29 -7 -22 -21 -1 -10
right_child=2 4 3 -5 5 23 -8 -9 24 16 12 13 15 -15 -16 -17 17 -19 19 21 26 22 -24 -25 -26 -27 -28 -29 -30 -31
leaf_value=-0.038537747541165984 0.051972001099778176 -0.0043744746449500826 -0.062244960509481057 0.031164690184053156 -0.00075753003651099883 -0.020016956687927231 -0.0060556559048485295 0.053250580714994361 0.052453653582998319 0.043188347416450612 -0.074982106330885992 -0.00747596130859209 -0.021722519258869376 0.030706093819149145 0.0047343807048386586 0.00093832973511548921 -0.035280700827184555 0.014372503083772928 0.048778131898598531 -0.014900487529727233 -0.0035466507844985938 0.020178653388935267 -0.0087119100268802842 -0.041046904097673378 0.01823539291053581 0.01483609725626351 -0.04677779857704964 -0.050592635810435729 -0.059853442287844894 0.06291569062757052
leaf_weight=0.19981490168720739 0.85342611558735315 64.162718766892795 0.5519935213960705 0.68998620379716158 1.1286065115127706 0.46298024803400017 1.3489619111642239 2.3856718502938747 0.74488425510935508 0.40329881035722781 1.1643601651303459 3.0798919391818336 4.2699889614013946 10.959133154712616 38.722021045628935 32.427643608767539 0.73024897370487429 0.6677770996466279 0.89816337730735785 0.16617306112312036 0.29461976047605276 1.1982510008383567 25.862404303392395 0.561877867206931 0.55554540082812298 0.74240672565065324 0.42883694218471646 0.55968361045233905 0.25138644874095917 0.83598020533099771
leaf_count=13 8 1854 9 20 23 8 17 20 11 17 18 39 208 127 622 458 15 14 12 13 23 55 1937 11 14 16 43 48 17 14
internal_value=0.000333401 -0.000359514 0.0223017 -0.0103509 0.00101104 0.0145838 0.0242667 0.0359059 0.030766 0.017179 0.000429628 0.0018485 -0.00395207 0.0223297 -0.000946237 -0.0016984 0.000694901 -0.0115635 -0.00776858 -0.00711429 0.0140019 -0.00834663 -0.00743263 -0.0120618 0.0476495 0.0014493 -0.0291724 -0.0424215 -0.0504138 0.0579861
internal_weight=197.309 191.276 6.03314 1.24198 161.416 6.63051 4.86324 3.51428 4.79116 2.65475 154.786 116.924 37.862 14.039 102.885 36.6976 1.80132 1.39803 29.8593 29.4081 1.62162 27.7865 27.0607 1.76726 2.13641 1.20539 0.723457 0.725857 0.451201 1.58086
internal_count=5704 5582 122 29 3421 95 60 43 93 54 3326 2642 684 166 2476 666 46 29 2161 2131 78 2053 1992 35 39 24 66 61 30 25
is_linear=0
shrinkage=0.05


Tree=63
num_leaves=31
num_cat=0
split_feature=2 0 1 6 0 6 5 2 5 2 2 1 1 2 2 5 6 6 3 1 5 1 5 1 5 2 6 0 6 3
split_gain=1.5506 0.591276 0.625317 1.00939 1.04239 0.479753 0.586952 0.544105 0.388072 0.929761 1.35732 0.985709 0.572424 1.26195 0.744586 0.338968 0.313863 0.303287 0.896151 0.478552 0.306477 0.778594 0.775256 0.482716 0.290857 0.257074 0.200977 0.187076 0.167392 0.134001
threshold=5.4024352020554556 0.55832500000000007 8.4500000000000011 58.500000000000007 0.72917500000000002 48.500000000000007 0.44058823529411767 5.8091117636764453 0.57855191256830618 3.0694006811697876 3.0224958868299914 6.5500000000000007 6.5500000000000007 3.7155792478796408 2.7081161456422262 0.34514106583072107 69.500000000000014 20.500000000000004 3.5000000000000004 7.2500000000000009 0.18263888888888893 6.5500000000000007 0.34384236453201977 6.4500000000000011 0.39680527383367142 5.7445296940494162 35.500000000000007 0.96250000000000013 42.500000000000007 4.5000000000000009
decision_type=2 2 2 2 2 2 2 2 2 2 2 2 2 2 2 2 2 2 2 2 2 2 2 2 2 2 2 2 2 2
left_child=1 17 8 4 26 6 27 24 12 10 -10 -11 13 -3 -14 -6 -5 18 -1 -20 21 -19 29 -24 -7 -8 -4 28 -2 -22
right_child=5 2 3 16 15 7 25 -9 9 11 -12 -13 14 -15 -16 -17 -18 20 19 -21 22 -23 23 -25 -26 -27 -28 -29 -30 -31
leaf_value=0.054953732270272518 -0.014276013892565893 0.012501591574639313 -0.051067155941719317 0.055781325835006369 0.047757191987997827 0.024801658609300042 0.050966257978858953 -0.007056142541886929 0.004798639433426035 -0.039078039274926715 -0.084777408192327472 0.039868362339613654 0.0083132695678141792 -0.017881105085864723 -0.0033845363391467442 0.0056649233006201291 0.019242193797640111 0.04075104998641204 0.013951843061720114 -0.059649668758505248 -0.023397039774825316 -0.028001566071976548 -0.029086518793654412 -0.0034388372052623485 0.056841924814903327 0.0075010540021851237 -0.015344556484197611 0.010163774591088713 -0.067940694561377371 -0.042925433831269968
leaf_weight=0.73310961760580784 0.28610777528956477 18.185002488433387 0.53973862645216231 1.4733690591529014 0.95367331802844979 1.1123990016058094 0.6237684085499493 0.59481908590532828 4.6168951102881675 0.45271099067758802 0.4655453641898929 3.1226252592168748 15.579475570237262 4.2086355584906405 107.24762069212738 0.95951473992317915 0.97770692920312274 0.99765163939446455 0.48299435572698712 0.40690774098038673 3.0039351133746122 0.70121991913765669 2.0188899512286325 20.094837551703677 1.9499329735990611 0.74826621357351542 1.4555038355756549 0.25037152320146561 0.29528126656077802 1.2414994116406886
leaf_count=11 17 473 11 20 10 18 13 14 156 21 11 74 361 108 2122 11 13 14 14 13 278 66 210 1400 30 15 30 4 11 155
internal_value=0.000268662 -0.00051303 0.000687679 0.016052 0.000277185 0.0255987 0.00717061 0.0367035 5.26994e-05 0.0103364 -0.00340642 0.0298721 -0.000560393 0.0067915 -0.00190078 0.0266468 0.0412063 -0.00699526 0.0140195 -0.0197024 -0.00821085 0.012373 -0.0095375 -0.00578036 0.0452032 0.0272616 -0.025008 -0.0259707 -0.0415317 -0.0291078
internal_weight=195.78 189.919 160.238 6.35951 3.90843 5.86095 2.2038 3.65715 153.879 8.65778 5.08244 3.57534 145.221 22.3936 122.827 1.91319 2.45108 29.681 1.62301 0.889902 28.058 1.69887 26.3592 22.1137 3.06233 1.37203 1.99524 0.831761 0.581389 4.24543
internal_count=5704 5582 3421 95 62 122 60 62 3326 262 167 95 3064 581 2483 21 33 2161 38 27 2123 80 2043 1610 48 28 41 32 28 433
is_linear=0
shrinkage=0.05


Tree=64
num_leaves=30
num_cat=0
split_feature=0 1 5 1 5 6 1 1 6 6 5 1 1 6 0 5 1 6 0 6 6 0 5 6 1 1 1 5 3
split_gain=0.491668 0.335416 1.27371 1.02919 0.619433 1.16393 0.470023 1.32109 1.6484 1.59798 0.693718 1.84623 0.736556 0.443156 0.401397 0.348685 0.27869 0.229941 0.170189 0.153373 0.246976 0.0991807 0.105119 0.0886639 0.0886869 0.0605268 0.0291468 0.037713 0.00693544
threshold=0.30750000000000005 5.7500000000000009 0.34698996655518399 5.8500000000000005 0.26696832579185525 48.500000000000007 6.5500000000000007 6.4500000000000011 33.500000000000007 21.500000000000004 0.18263888888888893 6.8500000000000005 6.8500000000000005 58.500000000000007 0.72082500000000016 0.4491379310344828 4.5500000000000007 48.500000000000007 0.88750000000000007 29.500000000000004 34.500000000000007 0.96250000000000013 0.37729468599033822 61.500000000000007 8.0500000000000025 7.9500000000000011 6.0500000000000007 0.20293040293040296 4.5000000000000009
decision_type=2 2 2 2 2 2 2 2 2 2 2 2 2 2 2 2 2 2 2 2 2 2 2 2 2 2 2 2 2
left_child=19 2 4 14 17 -6 7 9 -9 -5 11 -8 -12 -7 15 -3 -4 18 -2 28 -21 22 -18 24 25 -22 -25 -28 -1
right_child=1 3 16 6 5 13 10 8 -10 -11 12 -13 -14 -15 -16 -17 21 -19 -20 20 23 -23 -24 26 -26 -27 27 -29 -30
leaf_value=-0.062146719091269988 -0.0052581678088656067 -0.042196534878639447 0.010384649476267865 0.060827138148111415 0.063416428023413449 0.021680515573436619 0.03640555751231881 -0.027004332049763269 0.038327284677427263 -0.0051598826029695087 -0.0095388034778427638 -0.044530001115443696 0.0014531369650173011 -0.061487476152778657 0.055026411410302137 0.050756283407404727 -0.073591168862558273 0.010357255551240197 -0.037365254844196762 0.049845113514587064 -0.014629757012211598 -0.076022503374671688 -0.038543435220623319 -0.066850901262273624 0.033775110188051675 -0.059343397308874057 -0.0039744231248269755 -0.041895952024441678 -0.048031731864714169
leaf_weight=0.17638254957273503 0.81874109432101183 0.23387504834681649 0.21458971267566118 0.98456174461171286 0.98033692035824038 0.29754456924274564 0.97398258093744461 1.1794686540961254 5.3224393287673593 13.464259950735139 17.048079693689942 2.5476694079115987 143.7329632412584 0.34692256967537105 1.2186516197398303 0.17743094079196453 0.25879679527133692 0.86689463770017017 0.83230055123567581 0.12199315801262844 0.66128987574484177 0.30229392275214184 1.2344911244581451 0.086529797408729792 0.086347485892474651 0.085466204676777124 0.079732408747076988 0.36893098708242178 0.17178545880597085
leaf_count=9 13 19 7 13 16 9 12 25 148 546 551 119 3855 13 10 8 11 13 7 14 81 7 98 6 13 8 10 51 12
internal_value=0.000430907 0.000676003 -0.0108105 0.00105418 0.00503615 0.0291044 0.000706135 0.00775906 0.0264759 -0.00066344 -0.000193204 -0.0221457 0.00028763 -0.0230896 0.0406115 -0.00209815 -0.0434686 -0.0104949 -0.0214436 -0.0253039 -0.0183236 -0.0499046 -0.0446174 -0.0244013 -0.0141999 -0.0197472 -0.0402812 -0.0351569 -0.0551824
internal_weight=194.875 193.036 6.15291 186.883 4.14274 1.6248 185.253 20.9507 6.50191 14.4488 164.303 3.52165 160.781 0.644467 1.62996 0.411306 2.01017 2.51794 1.65104 1.83846 1.49029 1.79558 1.49329 1.3683 0.833104 0.746756 0.535193 0.448663 0.348168
internal_count=5704 5500 194 5306 71 38 5269 732 173 559 4537 131 4406 22 37 27 123 33 20 204 183 116 109 169 102 89 67 61 21
is_linear=0
shrinkage=0.05


Tree=65
num_leaves=31
num_cat=0
split_feature=2 2 5 2 5 5 1 5 5 5 5 2 2 0 0 0 3 0 2 5 2 0 2 2 5 2 0 0 2 0
split_gain=0.877896 1.44956 1.1045 0.810786 1.07059 0.885385 1.21313 1.26836 0.782478 1.14798 0.7708 0.770189 1.22457 0.749147 0.913022 0.79593 0.733436 0.683373 0.679397 0.668831 0.685487 0.653962 0.640204 1.31799 0.802355 0.624091 0.622256 0.59368 0.374785 0.606812
threshold=4.0537383911602278 3.7676888832150359 0.36491677336747769 3.0694006811697876 0.15323955669224212 0.50423728813559332 6.5500000000000007 0.21807065217391305 0.47987117552334951 0.47420634920634924 0.48331479421579543 2.8232224082588302 2.8065067579406118 0.69000000000000006 0.6316750000000001 0.74500000000000011 2.5000000000000004 0.96250000000000013 3.9575540059567773 0.55530303030303041 4.1371425000421622 0.96250000000000013 4.1503388690745311 4.589410143454125 0.38548951048951058 3.5838188022235569 0.88750000000000007 0.64500000000000013 5.4024352020554556 0.83667500000000017
decision_type=2 2 2 2 2 2 2 2 2 2 2 2 2 2 2 2 2 2 2 2 2 2 2 2 2 2 2 2 2 2
left_child=1 3 -3 4 -1 6 27 -8 9 17 13 12 -6 14 -4 -15 26 22 -12 28 -21 -13 24 -24 -2 -18 -7 -5 29 -10
right_child=8 2 10 5 11 16 7 -9 19 -11 18 21 -14 15 -16 -17 25 -19 -20 20 -22 -23 23 -25 -26 -27 -28 -29 -30 -31
leaf_value=-0.051413815868544203 0.004578573135003202 -0.059757209431123497 -0.026550267247408887 -0.0011074715916304285 -0.0027234980700854405 -0.049056648449239099 -0.04108359527588578 -0.0015154162687816327 0.0039796519182168878 -0.063971714933902607 -0.012876629678884305 -0.011316015280139145 0.021139882952448202 -0.064137521213904453 0.043418986220994257 0.0037487214832825585 0.02339257345641849 -0.022698188047453494 -0.084176453545552643 0.071490513216309656 -0.015797818839939758 0.0082502630638269219 -0.024376780580226784 0.014946365884252591 0.057773734145557171 -0.01235921714040962 0.037701240468033248 0.023831233720615852 0.061827043734337839 0.057989318470396567
leaf_weight=1.2051490596495558 1.4381558336317533 1.7105847308412183 0.72041028284002173 3.6065952128265035 44.850992769323057 0.75282223377143853 2.1108014932833603 50.002718839794397 1.2500833321246316 0.61356145143508989 0.72081001402693778 36.674910501867998 6.1081729083089149 0.76463243504986145 1.3214697409421203 0.99183191452175379 9.42900649725925 1.8526442237198359 0.62277476879535243 0.27169356588274229 1.3064687515143303 4.8332698340527704 2.9461113498546165 7.7003258087206632 1.3978672611992804 1.4021743164630596 0.28488829359412193 7.0536647458793595 1.1511654136702416 0.89053774252533902
leaf_count=56 33 74 51 159 1537 41 92 1185 47 7 28 1380 140 17 21 14 243 25 20 11 52 66 91 162 28 39 5 94 18 9
internal_value=-0.00125812 -0.00241178 -0.0249541 -0.00149403 -0.0045918 0.00239351 2.56331e-05 -0.00311808 0.00844876 0.00309227 -0.013376 -0.00398155 0.000136864 -0.00186232 0.0187326 -0.0258038 0.014917 0.00577552 -0.0459253 0.0259908 -0.000770418 -0.00903769 0.00968813 0.00406476 0.0307983 0.0187642 -0.0252385 0.0153939 0.0388208 0.0264487
internal_weight=195.986 175.168 6.85251 168.315 93.6725 74.6427 62.7738 52.1135 20.8186 15.9487 5.14193 92.4673 50.9592 3.79834 2.04188 1.75646 11.8689 15.3351 1.34358 4.86995 1.57816 41.5082 13.4825 10.6464 2.83602 10.8312 1.03771 10.6603 3.29179 2.14062
internal_count=5745 5262 225 5037 3179 1858 1530 1277 483 346 151 3123 1677 103 72 31 328 339 48 137 63 1446 314 253 61 282 46 253 74 56
is_linear=0
shrinkage=0.05


Tree=66
num_leaves=31
num_cat=0
split_feature=2 2 0 6 2 2 6 2 1 6 6 3 2 2 0 1 0 1 1 6 2 2 0 1 6 1 1 2 0 6
split_gain=1.21031 0.680051 0.561276 1.25127 0.51952 0.993672 1.17933 1.03064 1.50999 0.947423 1.22416 1.01711 0.818766 0.78265 0.762031 1.14334 0.862127 1.18573 0.758535 0.752786 0.666279 0.650874 0.644291 0.634723 0.522835 0.819335 0.48052 0.555651 0.488733 0.469631
threshold=5.4024352020554556 5.4755168397381269 0.59375000000000011 67.000000000000014 3.3583378512247672 3.4475878423115245 64.000000000000014 3.5635952952329242 6.6500000000000012 43.500000000000007 53.500000000000007 3.5000000000000004 3.2569227723197582 3.3955816338872329 0.83667500000000017 6.4500000000000011 0.76500000000000012 6.3500000000000005 6.9500000000000011 47.500000000000007 2.9090836105909128 3.1849257630629064 0.88750000000000007 7.7500000000000009 38.500000000000007 7.1500000000000012 8.3500000000000032 3.4369016171537843 0.72917500000000002 57.500000000000007
decision_type=2 2 2 2 2 2 2 2 2 2 2 2 2 2 2 2 2 2 2 2 2 2 2 2 2 2 2 2 2 2
left_child=4 -2 -3 -4 12 6 26 8 22 11 -11 -9 14 18 16 20 23 -18 -8 -10 -16 -17 -7 -1 25 -14 28 -28 -6 -26
right_child=1 2 3 -5 5 7 13 9 19 10 -12 -13 24 -15 15 21 17 -19 -20 -21 -22 -23 -24 -25 29 -27 27 -29 -30 -31
leaf_value=-0.0070814188206685391 0.045601971351571235 0.032285247306453317 -0.029036962188798195 0.043216895567368553 0.022112787628507637 0.012382139628906516 0.053904514093377667 0.019343539556423799 -0.0052333965704971777 0.022199119942991861 -0.00071927982146434844 -0.016297256542863816 -0.047308993367557124 0.061218778826878664 -0.040935335732375795 0.0046531193279537508 0.051745106488002304 -0.027061481308362452 -0.025826542798030646 -0.028982709102167978 0.0038844330007127819 0.028336425645275949 0.078366253078858084 0.0020805631486017673 -0.039216311912771099 0.016421275801263846 -0.071071143367211084 0.022294208983469111 -0.0018412348887793314 -0.0071058703075268367
leaf_weight=48.95235532472725 1.8888967027887691 1.685346490005031 1.7684130156412723 0.90627146326005448 3.8381441688397864 1.5317260330775746 0.53854916337877445 2.5819840240292242 6.1815242940792796 10.274827609537171 13.45816819948959 8.9080790603184123 0.69310223520733361 1.9010705687105653 2.0746285975910754 24.212940079160038 0.51348975161090393 6.7744841170497239 0.66870198445394635 7.2500524666393176 1.3812648938037453 3.2959254039451471 0.4877553954720496 30.795873129856773 3.455800645519048 1.8516398642677812 0.41313263383926901 0.25942380435299128 4.7829566150903702 1.6982651094440369
leaf_count=2310 27 54 33 9 100 42 9 50 108 225 405 237 27 33 46 405 11 153 15 160 27 42 5 873 128 34 18 8 42 109
internal_value=-0.00110716 0.0205421 0.00968542 -0.00455497 -0.0018238 0.00187902 0.0145645 -0.00122563 -0.0119919 0.00349712 0.00920288 -0.00828825 -0.00368188 0.0412252 -0.00265113 0.0040853 -0.00504774 -0.021509 0.00974111 -0.0180527 -0.0230216 0.00749069 0.028319 -0.00354339 -0.0194803 -0.000936708 0.00564765 -0.0350575 0.00882318 -0.0286359
internal_weight=195.025 6.24893 4.36003 2.67468 188.776 63.0761 12.402 50.6741 15.4511 35.2231 23.733 11.4901 125.7 3.10832 118.001 30.9648 87.0362 7.28797 1.20725 13.4316 3.45589 27.5089 2.01948 79.7482 7.69881 2.54474 9.29366 0.672556 8.6211 5.15407
internal_count=5745 123 96 42 5622 1457 225 1232 315 917 630 287 4165 57 3867 520 3347 164 24 268 73 447 47 3183 298 61 168 26 142 237
is_linear=0
shrinkage=0.05


Tree=67
num_leaves=31
num_cat=0
split_feature=2 6 5 6 6 1 2 2 2 5 1 2 1 6 2 3 1 5 2 6 1 5 2 3 2 2 2 5 6 5
split_gain=1.07197 1.01224 0.970247 0.809518 0.823445 1.37775 1.02958 0.688667 0.724093 1.10069 1.0856 0.596158 0.776997 0.813293 0.798071 0.642922 0.772691 0.591679 0.588697 1.17553 0.819492 0.539375 0.601501 0.528375 0.527672 0.523039 0.923469 0.504294 0.502551 0.473306
threshold=3.0694006811697876 33.500000000000007 0.15323955669224212 31.500000000000004 34.500000000000007 7.0500000000000007 2.8513998426050788 5.4024352020554556 3.1021172551641576 0.45307917888563054 7.9500000000000011 2.784856905053958 7.0500000000000007 28.500000000000004 2.6690321316788999 2.5000000000000004 8.2500000000000018 0.34580419580419586 3.0160486938698843 37.000000000000007 6.4500000000000011 0.21807065217391305 3.4369016171537843 1.5000000000000002 5.9693946024263989 3.1306100746835805 3.1635937962205944 0.4491379310344828 23.500000000000004 0.43570116350275573
decision_type=2 2 2 2 2 2 2 2 2 2 2 2 2 2 2 2 2 2 2 2 2 2 2 2 2 2 2 2 2 2
left_child=2 21 -1 11 5 -5 -7 8 9 10 -3 12 14 -14 -4 16 -13 -17 20 -20 -6 22 -2 -23 27 28 -27 29 -25 -9
right_child=1 7 3 4 18 6 -8 24 -10 -11 -12 15 13 -15 -16 17 -18 -19 19 -21 -22 23 -24 25 -26 26 -28 -29 -30 -31
leaf_value=-0.050011357484185164 -0.0018693787612897449 0.021901225230317609 0.011774893306367667 -0.063524669839075162 -0.022618314837825407 0.0079696133730097259 -0.034676601785927116 0.023274331562093548 0.0025326080007536883 0.060189061328403563 -0.081086190091119281 -0.071077353205757393 0.015469085440764616 0.062902650058674833 -0.042431544789186655 -0.026474393681585402 0.0097110169811246011 0.0066198923490771227 0.078734311287907699 -0.022083222010848714 -0.001596159095485411 -0.04515405936506952 -0.069584130563373425 0.013720117338517197 -0.026299432518177481 0.047648355251589072 -0.0040936579718348276 0.046675281122840473 -0.046792527339527906 -0.02809005528820209
leaf_weight=1.1885098400525738 0.5984265399165476 1.0766163095831864 1.9490473670884987 1.6228185878135253 5.086016047600423 3.1289784391410649 2.5840556670445949 2.5101668774150308 73.038485793280415 1.382066444319207 0.33565886877477158 0.71773769613355287 5.0483321539359167 1.1007169641088692 1.0420474277343599 1.6379755027592162 0.50366444792598486 7.6974273414816707 0.30085205193608899 7.425093031662982 52.377195458160713 0.81485662749037402 0.72559287352487445 0.4744814326986696 0.51705313054844726 0.92014139238744874 13.72620531148277 1.9430810012854633 1.2391735459677873 0.54606082290410984
leaf_count=56 14 41 41 56 301 65 54 53 1978 31 9 20 89 28 35 40 11 177 5 266 1935 21 20 13 12 14 287 35 33 5
internal_value=-0.00127345 0.00232834 -0.00512348 -0.00454498 -0.00698629 -0.0228683 -0.0113196 0.00472905 0.00348827 0.0284672 -0.00257604 0.004444 0.0137925 0.02396 -0.00710972 -0.00364997 -0.037763 0.00081322 -0.00519906 -0.0181573 -0.00345681 -0.00822881 -0.0389786 -0.00585829 0.021786 -0.00390106 -0.00084302 0.0267592 -0.0300376 0.014097
internal_weight=193.259 99.8481 93.4105 92.222 72.525 7.33585 5.71303 81.3492 75.8328 2.79434 1.41228 19.6969 9.14014 6.14905 2.99109 10.5568 1.2214 9.3354 65.1892 7.72595 57.4632 18.4989 1.32402 17.1749 5.51636 16.36 14.6463 4.99931 1.71365 3.05623
internal_count=5745 2566 3179 3123 2682 175 119 2164 2059 81 50 441 193 117 76 248 31 217 2507 271 2236 402 34 368 105 347 301 93 46 58
is_linear=0
shrinkage=0.05


Tree=68
num_leaves=31
num_cat=0
split_feature=2 6 5 5 6 5 2 5 5 3 2 6 0 2 2 2 6 5 3 5 2 2 5 5 5 2 2 2 6 0
split_gain=0.812253 1.18702 0.748757 1.36076 1.13517 0.693034 0.604647 0.557002 0.501954 0.446526 0.989797 0.812568 0.445756 0.44557 0.690625 1.22261 0.559799 0.553084 0.971323 0.543456 0.356794 0.712244 0.350385 0.369264 0.305766 0.290126 0.0475231 0.0415726 0.0057988 0.00109737
threshold=4.0537383911602278 23.500000000000004 0.38348416289592763 0.28851224105461398 41.500000000000007 0.1252535496957404 3.9829067764226105 0.32235621521335811 0.26086335048599202 4.5000000000000009 4.1503388690745311 67.000000000000014 0.66457500000000003 3.0694006811697876 2.8513998426050788 2.8768637889878934 31.500000000000004 0.21807065217391305 3.5000000000000004 0.26442841287458385 3.27500908986377 3.0694006811697876 0.45307917888563054 0.34514106583072107 0.47722567287784684 4.0881677204756794 2.6609929469832676 4.0054454785074496 37.000000000000007 0.55832500000000007
decision_type=2 2 2 2 2 2 2 2 2 2 2 2 2 2 2 2 2 2 2 2 2 2 2 2 2 2 2 2 2 2
left_child=5 24 3 4 -3 20 13 -5 -6 -4 12 -12 -11 14 16 -16 -7 18 -15 -19 21 26 23 -8 -2 -9 -1 -25 -24 -28
right_child=1 2 9 7 8 6 22 25 -10 10 11 -13 -14 17 15 -17 -18 19 -20 -21 -22 -23 28 27 -26 -27 29 -29 -30 -31
leaf_value=-0.079351508233142284 -0.078726710161917332 -0.053905440336000789 -0.021112558475657812 -0.080534494422069114 0.044774367061054664 0.0085859409926062058 -0.063406992990302058 0.023180299151645895 0.0050428770880984481 0.016634290598953282 0.02132831549216585 -0.014226162104704791 0.075690620725003335 0.015366332941249379 -0.038212090975773522 -0.0065045685751716183 -0.0032960428058307965 0.021856066677848226 -0.041102298760665658 0.0010996275429547774 -0.071348692739019198 0.022658890158568645 -0.078414905234754292 0.019137820167363637 -0.016349861223405968 -0.025523739208509106 -0.044990273462722531 -0.0088884733529151407 -0.066871368637350534 -0.050287815621289117
leaf_weight=0.17474196478724369 0.44886933593079703 0.48489220160991253 0.69441162422299108 0.42668912373483214 1.8924449251499029 12.747539044823496 0.27969220560043939 0.35387395089492235 1.3707249471917746 0.45742503250949162 8.6356320463237335 1.9743906268267881 1.0598867796361444 1.2445427048951381 3.3728974260156965 30.821566604834516 44.575745804060716 3.3001777583267531 1.9622001813258974 70.97401518758852 0.47547110728919495 0.52566490788012743 0.18119339179247618 0.31375451106578112 0.34938506502658129 2.2494220291264355 0.16014554351568222 0.22881233505904675 0.27227117706206627 0.25092729181051254
leaf_count=5 16 11 13 10 37 268 8 8 22 25 181 57 12 41 134 1094 1655 67 74 1827 13 10 5 13 10 81 14 9 16 9
internal_value=-0.00109189 0.00834148 0.0107756 -0.0026655 0.0174776 -0.00221152 -0.001905 -0.0275823 0.0280848 0.0178811 0.0201139 0.0147121 0.0578869 -0.00164613 -0.00400841 -0.00963216 -0.00065373 0.00114411 -0.0191867 0.00202189 -0.0351006 -0.0195943 -0.0361983 -0.0167388 -0.0514252 -0.0189033 -0.057509 0.00731852 -0.0714839 -0.048224
internal_weight=192.259 20.398 19.5998 6.77805 3.74806 171.861 170.274 3.02999 3.26317 12.8217 12.1273 10.61 1.51731 168.999 91.5177 34.1945 57.3233 77.4809 3.20674 74.2742 1.58695 1.11148 1.27572 0.822259 0.798254 2.6033 0.585815 0.542567 0.453465 0.411073
internal_count=5745 483 457 169 70 5262 5211 99 59 288 275 238 37 5160 3151 1228 1923 2009 115 1894 51 38 51 30 26 89 28 22 21 23
is_linear=0
shrinkage=0.05


Tree=69
num_leaves=29
num_cat=0
split_feature=2 5 5 5 2 5 1 2 2 5 0 5 0 5 1 5 5 2 5 5 0 2 5 5 5 2 0 1
split_gain=0.713133 0.542553 0.811656 0.597212 0.807767 0.498724 0.735995 0.400427 0.580796 0.973711 0.812872 1.29059 0.805888 0.718035 0.432966 1.61942 0.837043 1.38762 0.52095 0.348332 0.331432 0.322276 0.287523 0.678641 0.258058 0.184442 0.0261226 0.000986589
threshold=5.4024352020554556 0.48212005108556838 0.47140522875816998 0.56155303030303039 5.5440414091679253 0.1252535496957404 7.0500000000000007 3.0694006811697876 3.0533169851264135 0.44058823529411767 0.86250000000000016 0.48331479421579543 0.69000000000000006 0.21807065217391305 6.5500000000000007 0.20293040293040296 0.2869249394673124 3.6598862654191655 0.45521390374331555 0.44365079365079368 0.78167500000000012 3.3932659910160905 0.42640692640692646 0.38762626262626271 0.54897260273972615 3.220832220387837 0.66457500000000003 7.5500000000000007
decision_type=2 2 2 2 2 2 2 2 2 2 2 2 2 2 2 2 2 2 2 2 2 2 2 2 2 2 2 2
left_child=5 2 19 -3 -5 6 21 8 10 12 13 -12 -10 -7 16 25 20 -18 -17 22 -9 -1 23 -2 -11 -16 27 -8
right_child=1 3 -4 4 -6 7 26 14 9 24 11 -13 -14 -15 15 18 17 -19 -20 -21 -22 -23 -24 -25 -26 -27 -28 -29
leaf_value=0.019224807419669639 -0.0048500494683746849 0.061216748983999106 -0.054659578089013963 0.062412671131915058 -0.050633760429323819 0.015423738135569005 -0.061218437757117161 0.013233856955316493 0.019296403956945346 -0.04339141735124083 0.001229314707196812 0.039929131480055571 -0.042781967534187171 -0.0065452043968196056 -0.015983824395240577 -0.0025338600374473965 0.012180053384144369 -0.028320942498943048 0.0061436832121092976 0.054364035285167381 0.039253600987847706 -0.029576878426668771 -0.015411759574597943 0.049543817487813495 -0.092310610099060442 -0.061558542821403932 -0.077656764820178512 -0.05489065285398919
leaf_weight=0.67601133417338066 1.3912579878233375 1.1236709132790563 0.48418100550770748 0.28915125317871559 0.34844315145164728 3.9430411467328659 0.099683660548180231 2.5454170850571236 1.3729227781295774 0.77262957708444424 15.343873496400194 2.506207089405506 0.84430176578462113 65.562610050576041 0.27390928938984771 49.378761993604712 7.451403685146941 2.9529392958793323 26.620073809259338 0.47043821588158596 2.3572164913639426 0.67718002945184708 0.91680442541837681 0.975495921447873 0.41406170639675111 1.1713973135920239 0.39878571126610041 0.16122988983988762
leaf_count=13 43 17 7 5 17 132 10 65 44 25 260 46 20 2613 18 1247 218 158 632 6 23 8 8 20 11 54 11 14
internal_value=-0.00100596 0.0159604 0.0062674 0.0392849 0.000633185 -0.00155462 -0.0263072 -0.00128311 -0.00364421 -0.0239066 -0.00285466 0.00666289 -0.00434255 -0.00529891 0.00102729 -0.000491466 0.00871128 0.000685144 0.000505619 0.0141256 0.0257443 -0.00519711 0.00836061 0.0175693 -0.0604604 -0.0529214 -0.0696088 -0.0573082
internal_weight=191.523 5.99944 4.23818 1.76127 0.637594 185.524 2.01289 183.511 90.7596 3.40392 87.3557 17.8501 2.21722 69.5057 92.7511 77.4441 15.307 10.4043 75.9988 3.754 4.90263 1.35319 3.28356 2.36675 1.18669 1.44531 0.659699 0.260914
internal_count=5745 123 84 39 22 5622 56 5566 3151 100 3051 306 64 2745 2415 1951 464 376 1879 77 88 21 71 63 36 72 35 24
is_linear=0
shrinkage=0.05


Tree=70
num_leaves=31
num_cat=0
split_feature=0 6 2 4 1 5 6 2 5 4 1 1 1 2 5 6 2 6 0 1 0 2 5 1 2 0 2 2 5 0
split_gain=1.67115 1.02288 0.781658 0.781562 0.715546 1.45248 1.48462 1.18087 1.17782 0.957982 1.96093 0.659812 0.610343 0.926851 0.597956 1.56207 0.612625 0.575913 0.53465 0.595642 0.516002 0.508076 0.471684 1.83773 0.79395 0.709436 0.70218 0.525957 0.410908 0.397217
threshold=0.86250000000000016 69.500000000000014 5.4024352020554556 1.0000000180025095e-35 7.7500000000000009 0.37729468599033822 41.500000000000007 3.0063754226394113 0.48212005108556838 1.0000000180025095e-35 7.5500000000000007 7.4500000000000011 7.9500000000000011 2.9920734793724502 0.37729468599033822 42.500000000000007 3.7155792478796408 39.500000000000007 0.51457500000000012 6.7500000000000009 0.84500000000000008 4.7168406480655465 0.20293040293040296 6.8500000000000005 3.220832220387837 0.46625000000000005 3.078801454774291 4.589410143454125 0.43760810476896467 0.78167500000000012
decision_type=2 2 2 2 2 2 2 2 2 2 2 2 2 2 2 2 2 2 2 2 2 2 2 2 2 2 2 2 2 2
left_child=2 4 21 12 5 6 7 -2 14 10 -7 -8 13 -3 15 -6 -16 -11 -4 -20 28 22 23 26 -25 -24 -1 -27 -21 -23
right_child=1 3 18 -5 8 9 11 -9 -10 17 -12 -13 -14 -15 16 -17 -18 -19 19 20 -22 29 25 24 -26 27 -28 -29 -30 -31
leaf_value=0.048060997068834099 0.0095138232502699829 0.033743694069113275 0.041664540243422837 -0.048887551951425967 -0.061957547569224461 -0.0043449296312172937 0.012004301928271646 0.06693560111547231 0.064330660114487667 -0.012678978367335093 -0.07214348558154865 -0.03716330912788067 0.043717365422291307 -0.064308361552705293 0.018228520239990786 0.017729161599719052 0.060146568487469056 0.018417582297474987 0.035036115882818464 -0.078830210592647221 0.012767265230536066 -0.041756709753139769 -0.015842758249293092 -0.0038089596521010483 -0.06044289293827957 -0.0020269944240483835 0.0064928593083885995 0.033829827586399179 -0.0054658488238729479 0.0043229026930759447
leaf_weight=2.6006055679172269 1.4428129959851532 0.43628255371004254 1.6390516727697093 1.2576639531180263 0.81016537174582337 5.1794716846197826 8.738554260693487 2.3596063107252121 1.4285135231912125 2.1889353496953845 1.343045452609658 0.74013488180935461 0.59872838552109897 0.53847368527203798 6.35544578358531 2.5528062474913895 1.0101723112165926 4.6558562922291458 1.0409328986424955 0.39474607678130247 0.88222239445894957 1.4292750180466094 9.5807773175765742 2.5323645849712197 0.81897851091343898 127.80681426502997 1.6672603739425538 1.0309457252733398 0.36952448077499866 0.69514402351342131
leaf_count=41 16 11 37 21 9 102 107 21 16 38 25 12 7 11 73 32 12 90 23 14 12 77 1161 118 54 3549 36 15 7 10
internal_value=0.000633191 0.00951123 -0.00179094 -0.019503 0.011628 0.00704216 0.0187532 0.0451471 0.0216803 -0.00459332 -0.0183053 0.00816509 0.00398368 -0.0204221 0.0160014 -0.00146797 0.0239775 0.00847303 0.019158 0.00543127 -0.0132853 -0.00240266 -0.00204952 0.0100622 -0.0176488 -0.0027162 0.0318222 -0.00174007 -0.0433586 -0.0266787
internal_weight=194.125 41.6367 152.489 2.83115 38.8055 26.6484 13.2811 3.80242 12.1571 13.3673 6.52252 9.47869 1.57348 0.974756 10.7286 3.36297 7.36562 6.84479 4.32648 2.68743 1.64649 148.162 146.038 7.61921 3.35134 138.419 4.26787 128.838 0.764271 2.12442
internal_count=5757 603 5154 50 553 411 156 37 142 255 127 119 29 22 126 41 85 128 93 56 33 5061 4974 249 172 4725 77 3564 21 87
is_linear=0
shrinkage=0.05


Tree=71
num_leaves=31
num_cat=0
split_feature=2 0 3 5 5 5 5 2 2 2 5 2 5 6 0 2 5 3 2 6 0 2 0 0 0 6 2 2 2 2
split_gain=1.33542 1.01546 0.730238 1.10315 0.845095 0.664554 1.18358 0.725899 0.703245 0.655687 0.636293 0.618219 0.595337 0.527669 0.529197 0.51436 0.958719 0.854858 0.493746 0.461737 0.528396 0.459191 0.416758 0.40324 0.289937 0.333417 0.250588 0.419783 0.152305 0.150763
threshold=5.4024352020554556 0.86250000000000016 2.5000000000000004 0.4491379310344828 0.44365079365079368 0.21807065217391305 0.26696832579185525 2.6949564733353122 2.9466204764652528 3.4931488817109 0.40761518262115071 4.7168406480655465 0.56155303030303039 58.500000000000007 0.51457500000000012 2.8451419081642224 0.21807065217391305 4.5000000000000009 5.6574867333774366 32.500000000000007 0.78167500000000012 2.6609929469832676 0.78167500000000012 0.96250000000000013 0.72917500000000002 48.500000000000007 2.8393707346920736 3.1062888222224907 5.6574867333774366 3.3464062818502818
decision_type=2 2 2 2 2 2 2 2 2 2 2 2 2 2 2 2 2 2 2 2 2 2 2 2 2 2 2 2 2 2
left_child=1 2 3 4 10 9 23 21 -9 26 -1 15 13 14 -2 16 -4 -17 -14 20 -5 -8 -13 -7 -16 -26 -3 -28 -15 -25
right_child=12 5 11 19 -6 6 7 8 -10 -11 -12 22 18 28 24 17 -18 -19 -20 -21 -22 -23 -24 29 25 -27 27 -29 -30 -31
leaf_value=-0.0022007747843497886 0.044381192221773634 -0.049202918638033097 0.030549992295952479 0.013787484848217325 0.064650296568758578 0.062916671668356558 0.014053601462302688 -0.010765506727820661 0.0075307921480212998 0.027776071174814898 -0.030736442729620169 -0.044935103937261328 0.02165309492121938 0.035659271570987291 -0.026406745976454461 0.0023084278016986324 0.0020459009679384787 -0.0074452564677497035 -0.069241642635236564 -0.047540504789929383 -0.063186657934237903 0.048907510189814221 0.0032901546600944127 0.014424104748446569 -0.0081530176318331919 0.038625078407505321 0.011213360229047585 -0.038526372411025148 0.064834269565795022 0.041105106815443507
leaf_weight=10.651095149107276 1.2110421201214188 0.82881217170506705 3.2190662785433224 0.76548292150255226 0.41967269126325923 1.0619696900248521 3.033461147453635 6.923611304722729 21.752249564277008 0.70797710213810194 2.3923137563979262 1.3123493215534825 0.30450909072533239 0.82075777370482661 0.60198424616828594 45.780382919532713 35.288489451486384 44.108696362905903 0.29332186607643962 2.5933524203428533 0.31457221508026123 1.372593881562352 0.68019448360428203 1.2908230200409891 0.78405203856527783 0.74088289961218834 0.78402431588619925 0.92423212062567472 0.9832137948833406 0.89763934910297383
leaf_count=377 24 15 70 46 9 14 48 139 289 6 113 77 8 13 19 1241 1307 1600 12 206 5 22 10 15 15 8 12 13 16 8
internal_value=0.000526051 -0.000202708 -0.00211058 -0.0118141 -0.00518751 0.00690894 0.00884525 0.00601648 0.00311326 -0.0147705 -0.00743455 -0.000835294 0.0242819 0.0297726 0.0179976 -0.000406402 0.00442872 -0.00247772 -0.0229438 -0.0361005 -0.00863167 0.0249114 -0.0284725 0.0376357 0.00297511 0.0145739 -0.0266432 -0.0156977 0.0515604 0.0253678
internal_weight=192.843 187.103 147.526 17.1365 13.4631 39.5774 36.3323 33.0819 28.6759 3.24505 13.0434 130.389 5.73976 5.14193 3.33796 128.397 38.5076 89.8891 0.597831 3.67341 1.08006 4.40606 1.99254 3.25043 2.12692 1.52493 2.53707 1.70826 1.80397 2.18846
internal_count=5757 5642 5061 756 499 581 535 498 428 46 490 4305 115 95 66 4218 1377 2841 20 257 51 70 87 37 42 23 40 25 29 23
is_linear=0
shrinkage=0.05


Tree=72
num_leaves=31
num_cat=0
split_feature=0 6 3 5 5 5 3 2 5 2 2 2 2 2 0 5 0 3 5 5 5 6 2 2 5 5 3 5 0 0
split_gain=1.03828 0.809285 1.04409 1.10084 1.09606 1.04772 0.924181 1.35949 0.842876 0.882131 1.94372 0.780122 1.76062 0.759488 0.722647 0.718252 0.560907 0.482163 0.888745 1.10098 0.987547 0.509972 0.595929 0.506561 0.876131 0.77141 0.757041 0.912436 0.760455 0.611981
threshold=0.86250000000000016 69.500000000000014 3.5000000000000004 0.48212005108556838 0.39545896066051484 0.4152394775036285 3.5000000000000004 2.9411966330899992 0.48212005108556838 4.0713817066961413 3.1819828491719071 2.6949564733353122 2.8078352006066667 5.4024352020554556 0.96250000000000013 0.34698996655518399 0.51457500000000012 2.5000000000000004 0.4491379310344828 0.44058823529411767 0.40761518262115071 32.500000000000007 2.7607058823271244 2.8451419081642224 0.21807065217391305 0.6043478260869567 4.5000000000000009 0.39680527383367142 0.84500000000000008 0.74500000000000011
decision_type=2 2 2 2 2 2 2 2 2 2 2 2 2 2 2 2 2 2 2 2 2 2 2 2 2 2 2 2 2 2
left_child=13 2 3 4 15 -6 -3 -8 11 10 -10 14 -13 17 -4 -2 -15 18 19 20 -1 22 -20 24 29 -26 28 -28 -25 -19
right_child=1 6 8 -5 5 -7 7 -9 9 -11 -12 12 -14 16 -16 -17 -18 23 21 -21 -22 -23 -24 26 25 -27 27 -29 -30 -31
leaf_value=-0.0014775246807184669 -0.011176951589661872 0.029114025284999547 0.066878594843539835 0.038624824645944571 -0.075288271101654383 -0.01522644874007003 0.021647584744188555 -0.063270888862358085 -0.019544166147804454 -0.055443341901944089 0.070827663039067776 -0.035594428530459243 0.019010520505811774 0.041624060489803431 0.012400375387758943 0.027031663334570889 0.0047236180891757238 0.011831323013961462 0.034241875548461975 0.053202591948727479 -0.040165975033552688 -0.044430780092719849 -0.038595472265908079 0.0028595332259610915 0.0001309618300741992 0.037974071257725721 -0.016951234032245764 -0.0021272388780401628 -0.031618043477830052 0.056264783008612665
leaf_weight=10.633736023621166 2.9571160876657796 0.76891175424680058 1.4767646174877944 1.3111862833611656 0.9827768383547667 2.7799133928492665 0.70798402046784792 1.4099275860935447 2.2104151067323983 0.76100701838731755 0.81413133069872845 1.5936141517013336 20.033387980423868 1.7119481549598266 1.0355989765375853 2.1058768061921 2.5846573961898685 2.0575051773339506 0.53653670847415857 0.79469875688664693 1.9522551846457652 2.4911079408484511 0.58920170029159635 44.200273422233295 33.9763303680229 1.40221592132002 16.324456928414293 28.507831759925466 1.6593812191858877 1.2431189054623244
leaf_count=377 45 10 22 23 19 39 16 24 40 11 10 39 259 37 18 28 56 59 21 23 99 206 30 1212 1265 42 697 990 29 11
internal_value=0.000625311 0.00768524 0.00962107 -0.00412372 -0.0104747 -0.030914 -0.017838 -0.034884 0.0146105 -0.00732534 0.00478164 0.0180505 0.0149869 -0.00129347 0.0444226 0.00471536 0.0194263 -0.0019017 -0.00981884 -0.00387467 -0.00747862 -0.0318096 -0.00388056 -0.000861495 0.00392936 0.00163086 -0.00290474 -0.00752499 0.001612 0.0285664
internal_weight=191.614 40.9486 38.0618 10.1369 8.82568 3.76269 2.88682 2.11791 27.9249 3.78555 3.02455 24.1394 21.627 150.665 2.51236 5.06299 4.29661 146.369 16.9975 13.3807 12.586 3.61685 1.12574 129.371 38.6792 35.3785 90.6919 44.8323 45.8597 3.30062
internal_count=5757 603 553 154 131 58 50 40 399 61 50 338 298 5154 40 73 93 5061 756 499 476 257 51 4305 1377 1307 2928 1687 1241 70
is_linear=0
shrinkage=0.05


Tree=73
num_leaves=31
num_cat=0
split_feature=2 0 2 5 2 5 6 0 6 6 3 2 5 2 3 5 5 5 2 5 5 6 5 2 6 6 0 6 2 5
split_gain=0.905898 0.859637 0.675873 0.620724 0.880402 1.57831 0.820547 0.600018 0.995368 0.665686 0.596812 0.961084 0.54257 0.51497 0.500949 1.14334 0.833021 0.812636 0.570116 0.596257 0.494169 0.489679 0.510119 0.444075 0.42367 0.408128 0.36553 0.357748 0.343505 0.266515
threshold=5.4024352020554556 0.81667500000000015 2.6949564733353122 0.39680527383367142 2.8065067579406118 0.34698996655518399 40.500000000000007 0.84500000000000008 69.500000000000014 68.500000000000014 4.5000000000000009 2.6609929469832676 0.56155303030303039 2.6153478486952397 2.5000000000000004 0.37729468599033822 0.31293706293706297 0.34698996655518399 3.5941812513034272 0.4152394775036285 0.27622890682318418 49.500000000000007 0.42264752791068588 4.7168406480655465 18.500000000000004 25.500000000000004 0.60832500000000012 52.500000000000007 2.6064219431943121 0.38548951048951058
decision_type=2 2 2 2 2 2 2 2 2 2 2 2 2 2 2 2 2 2 2 2 2 2 2 2 2 2 2 2 2 2
left_child=1 14 10 4 5 -4 -6 9 -9 -5 11 13 21 -3 15 16 20 -18 19 -17 -1 22 -2 24 -16 -26 -24 -25 -12 -20
right_child=12 2 3 7 6 -7 -8 8 -10 -11 28 -13 -14 -15 23 18 17 -19 29 -21 -22 -23 26 27 25 -27 -28 -29 -30 -31
leaf_value=-0.0022614904130174108 -0.035086660645056993 0.0093930349699957658 -0.059282514431897242 0.0035907400943484772 0.030949751312063702 0.015284267965599114 0.0068158863467235684 -0.0025091226758082071 -0.037812867167419335 0.052222087967072686 0.05755039174917799 0.057861793170225585 -0.02543071225124684 -0.031010904987488798 -0.03362073017931775 -0.046358596199080823 0.050646771866908163 0.002061189627627572 0.081762645826482641 -0.016780850898742011 -0.051085219017812281 0.037584158057696083 0.044386699104485908 -0.053497493110594888 0.0075958127568018273 -0.0019009308392537738 -0.0059348778244959835 0.0085169427567954904 0.017743572696007789 0.0038893363818987546
leaf_weight=1.5398998172022387 0.55032405559904818 3.9479335849173349 1.2677644842769979 3.0123592338059129 4.4691215362399843 1.6119481995701788 16.619086152175441 18.213665592018518 2.2423641602508715 0.91816443717107166 1.261424692347646 0.88670101948082436 0.59009613003581751 0.9854926886036991 0.99323489842936297 2.7235524175921455 1.3392378651769834 2.4082861375063658 0.14719736482948054 4.5511909036431462 0.78117983520496626 3.1210756516084075 0.79102126508951165 0.72259598423261084 12.764906089403665 99.481009332841495 0.66362902894616127 0.34292433905648068 0.95017201825976361 0.43328161630779505
leaf_count=85 24 50 33 61 49 29 222 299 45 19 13 12 20 32 18 132 38 71 3 302 43 50 11 43 290 3672 10 35 20 26
internal_value=0.000367804 -0.000239175 0.004906 0.00267499 0.00838926 -0.017543 0.0119305 -0.00294119 -0.00637907 0.014951 0.0183377 0.00993589 0.0199714 0.00132201 -0.00250168 -0.0114559 0.00484507 0.019424 -0.0240493 -0.0278543 -0.0186935 0.025198 0.0059169 -0.00141093 -0.00110863 -0.000820936 0.0214294 -0.0335389 0.0404481 0.0236364
internal_weight=190.331 184.615 56.3862 48.3545 23.9679 2.87971 21.0882 24.3866 20.456 3.93052 8.03172 5.82013 5.71615 4.93343 128.228 13.9238 6.0686 3.74752 7.85522 7.27474 2.32108 5.12605 2.00497 114.305 113.239 112.246 1.45465 1.06552 2.2116 0.580479
internal_count=5757 5642 884 757 333 62 271 424 344 80 127 94 115 82 4758 700 237 109 463 434 128 95 45 4058 3980 3962 21 78 33 29
is_linear=0
shrinkage=0.05


Tree=74
num_leaves=31
num_cat=0
split_feature=0 1 6 2 5 6 1 5 2 6 4 6 5 5 6 5 5 0 5 4 1 2 4 2 5 2 2 2 4 5
split_gain=0.731427 0.924303 0.929702 0.817355 0.878217 1.16372 0.736822 0.641987 0.619741 0.620097 0.577603 2.09567 1.17777 0.628273 0.56929 0.546768 0.447536 0.440744 0.735077 0.631641 0.529835 0.451953 1.44878 0.850597 0.422772 0.409702 1.07272 0.779516 0.396748 0.393008
threshold=0.86250000000000016 7.8500000000000005 71.500000000000014 2.6153478486952397 0.37729468599033822 41.500000000000007 7.9500000000000011 0.38762626262626271 5.6574867333774366 59.500000000000007 1.0000000180025095e-35 56.000000000000007 0.34698996655518399 0.39545896066051484 48.500000000000007 0.43760810476896467 0.25378787878787884 0.46625000000000005 0.23182397959183676 1.0000000180025095e-35 6.8500000000000005 2.6064219431943121 1.0000000180025095e-35 2.5872375780558694 0.39415279556124633 2.7334904123527184 2.7806802694834509 2.7162497024783385 1.0000000180025095e-35 0.41444372153545878
decision_type=2 2 2 2 2 2 2 2 2 2 2 2 2 2 2 2 2 2 2 2 2 2 2 2 2 2 2 2 2 2
left_child=8 2 3 16 5 -5 24 -6 17 15 12 -12 14 -14 -8 29 -2 18 19 20 -1 22 23 -19 -3 27 -27 -23 -18 -10
right_child=1 6 -4 4 7 -7 10 -9 9 -11 11 -13 13 -15 -16 -17 28 21 -20 -21 -22 25 -24 -25 -26 26 -28 -29 -30 -31
leaf_value=0.057982875373083269 -0.0063816165439690396 0.017467248445204354 -0.053374095408435795 0.036056436384847346 -0.038725199335319226 0.00081512336800297353 0.0086224525590815962 -0.0041429253296842196 0.002253844002586458 0.066458159161036104 0.032784490609470703 -0.071505947810162798 0.051560696479059913 0.016867985859905944 -0.051364605954112325 -0.026702972969297141 0.020595524124477266 -0.0097478246164984308 -0.016371082868959178 -0.047957284975653373 -0.0070158270136593225 -0.0061392794475099537 0.053760018346613175 0.026200218776034092 0.062614414060873966 0.016386002582597831 -0.0018217698403517149 -0.050806828149276784 0.062258000247025803 0.066567588974582023
leaf_weight=0.856936047784983 0.7272215280681914 0.85186064988374655 0.73912372998893161 3.2638813722878721 1.4996568132191885 8.2984630577266199 0.86994062550365725 12.767147546401246 0.5027287655975663 0.64646039833314706 1.1376694850623605 0.83541612327098835 2.111537859775126 3.4165607490576804 0.72522973967716098 0.65479824529029429 1.3261446803808212 5.4018424292444234 9.3348898441472539 0.28291173314210016 0.49441408249549568 10.035623969335573 1.5775141045451162 2.3664491453673691 1.3252442777156828 8.7563186926126928 106.20172840086161 1.0820589900249604 1.004094336181879 0.45030764862895012
leaf_count=12 10 7 14 36 26 110 12 245 23 13 13 10 24 45 12 13 13 145 1168 29 59 358 30 40 14 251 2954 55 12 4
internal_value=0.000714207 0.00663552 0.00199877 0.0034156 0.000521905 0.0107632 0.0188205 -0.00777805 -0.000915023 0.0251016 0.012567 -0.0113727 0.019198 0.0301194 -0.0186501 0.00847345 0.0278613 -0.00131566 -0.0109554 0.0199792 0.034202 -0.000534842 0.0100743 0.001203 0.0449492 -0.00132128 -0.000434889 -0.0104867 0.0385478 0.0326419
internal_weight=189.544 40.8992 29.6257 28.8866 25.8291 11.5623 11.2735 14.2668 148.645 2.2543 9.09635 1.97309 7.12327 5.5281 1.59517 1.60783 3.05746 146.391 10.9692 1.63426 1.35135 135.422 9.34581 7.76829 2.1771 126.076 114.958 11.1177 2.33024 0.953036
internal_count=5757 603 466 452 417 146 137 271 5154 53 116 23 93 69 24 40 35 5101 1268 100 71 3833 215 185 21 3618 3205 413 25 27
is_linear=0
shrinkage=0.05


Tree=75
num_leaves=31
num_cat=0
split_feature=2 1 4 2 6 2 2 6 5 3 1 1 5 5 6 2 5 5 6 1 2 5 3 2 5 2 2 2 1 6
split_gain=0.595712 1.16026 1.01418 0.577017 1.44138 1.00051 1.3609 1.05814 0.939205 1.4764 1.11429 0.862307 1.75345 1.98698 1.44219 1.26414 0.814119 1.18384 0.623944 0.792774 0.885195 0.712994 0.774384 0.602057 0.579902 0.571247 1.20853 0.817993 0.494999 0.45955
threshold=2.6153478486952397 6.1500000000000012 1.0000000180025095e-35 3.3643075840091208 41.500000000000007 3.2569227723197582 3.3179759011960215 43.500000000000007 0.34983896940418685 4.5000000000000009 8.3500000000000032 7.4500000000000011 0.36914510317720278 0.45867486338797819 73.500000000000014 3.3932659910160905 0.29905613512170898 0.47722567287784684 34.500000000000007 6.6500000000000012 3.5367618019359481 0.49305555555555564 1.5000000000000002 3.5838188022235569 0.35504201680672276 2.6949564733353122 2.8103057858889695 2.6225977269441549 8.3500000000000032 68.500000000000014
decision_type=2 2 2 2 2 2 2 2 2 2 2 2 2 2 2 2 2 2 2 2 2 2 2 2 2 2 2 2 2 2
left_child=1 -1 29 5 18 7 28 25 9 -9 -10 14 24 -14 15 -6 -8 -18 21 23 -21 22 -5 -20 -13 27 -27 -2 -7 -3
right_child=3 2 -4 4 11 6 16 8 10 -11 -12 12 13 -15 -16 -17 17 -19 19 20 -22 -23 -24 -25 -26 26 -28 -29 -30 -31
leaf_value=-0.036904280455331166 0.047953660993156871 0.0098877367871627111 0.0433504541796517 -0.073868898957115806 0.065765800586626053 -0.049938730319046581 0.036317211243901783 0.015488456088915177 -0.0087357650268272847 -0.017039286760623652 -0.039696840932264207 -0.02666181256187021 0.020272775539560056 -0.018061455955126558 -0.077662764212551416 0.011220307742301136 -0.03070530584720807 0.033664334011395486 0.042851319626631613 -0.064660035185088768 -0.018151786043966552 0.017756756738950854 -0.0070750644856653446 -0.036588562084853164 -0.082505089384199454 0.018776204233293087 -0.00049883182631431909 -0.018750236405417928 -0.0087575827138055683 -0.03006482641106907
leaf_weight=1.2456881346879516 0.50835039094090362 8.9314897360745782 2.3376949290977782 0.45703325653448956 1.1060841789003522 3.2825495884171669 1.0855759861879049 9.4855045801959914 39.055790128215449 5.517756013898178 3.1396914895158252 2.2356308025773646 8.4325091145001334 5.6420624628663054 0.44184431293979187 26.791471176838968 2.6103237818460916 0.98336853750515718 0.70625869557261356 1.4329454660473855 3.5770950042642653 2.9779789304593569 8.5855975904269126 0.36012121336534619 0.58694626344367851 11.485928473819511 27.851433586445637 4.7933365718927234 0.93828314798884083 0.78283824143000025
leaf_count=37 9 217 54 12 22 165 25 396 1707 227 88 110 191 128 12 645 75 34 12 27 77 68 196 23 17 294 734 139 18 33
internal_value=-0.0011653 0.00903503 0.0137833 -0.00194453 0.00186202 -0.00412158 -0.0201981 -0.00271658 -0.00721905 0.00352571 -0.0110395 0.00663293 -0.00230722 0.00490576 0.0119634 0.0133829 -0.00162873 -0.0130914 -0.0100636 -0.0231217 -0.0314538 -0.0034628 -0.010451 0.0160241 -0.0382743 0.00305271 0.00512919 -0.0123544 -0.0407842 0.00666812
internal_weight=187.369 13.2977 12.052 174.071 63.3336 110.738 8.9001 101.838 57.1987 15.0033 42.1955 45.2365 16.8971 14.0746 28.3394 27.8976 4.67927 3.59369 18.097 6.07642 5.01004 12.0206 9.04263 1.06638 2.82258 44.639 39.3374 5.30169 4.22083 9.71433
internal_count=5792 341 304 5451 1540 3911 317 3594 2418 623 1795 1125 446 319 679 667 134 109 415 139 104 276 208 35 127 1176 1028 148 183 250
is_linear=0
shrinkage=0.05


Tree=76
num_leaves=31
num_cat=0
split_feature=2 2 5 5 6 5 2 2 6 5 2 0 6 6 2 2 2 5 6 0 5 2 6 6 6 6 3 2 2 3
split_gain=0.521557 0.820669 1.01674 1.1232 0.785203 0.687569 0.557746 1.48623 1.46819 1.04469 1.25299 0.905097 0.747461 1.01894 0.889292 0.587713 1.41333 1.07819 1.03189 0.95655 0.810394 0.870653 0.766702 0.719266 0.687709 0.651771 0.632251 0.632026 0.624576 0.519515
threshold=2.6153478486952397 2.5872375780558694 0.36491677336747769 0.34514106583072107 35.500000000000007 0.42264752791068588 3.3955816338872329 3.4369016171537843 64.000000000000014 0.50423728813559332 3.4060603023675928 0.22875000000000001 40.500000000000007 57.500000000000007 3.5941812513034272 3.2569227723197582 3.3179759011960215 0.47722567287784684 46.500000000000007 0.57750000000000001 0.40192307692307699 2.6949564733353122 39.500000000000007 70.500000000000014 68.500000000000014 65.500000000000014 2.5000000000000004 2.6684427410952467 2.8393707346920736 3.5000000000000004
decision_type=2 2 2 2 2 2 2 2 2 2 2 2 2 2 2 2 2 2 2 2 2 2 2 2 2 2 2 2 2 2
left_child=1 4 3 -3 5 -1 15 8 9 10 -8 -9 14 -14 -13 20 19 18 -18 -17 23 27 -23 24 -2 -19 -21 -22 -25 -4
right_child=6 2 29 -5 -6 -7 7 11 -10 -11 -12 12 13 -15 -16 16 17 25 -20 26 21 22 -24 28 -26 -27 -28 -29 -30 -31
leaf_value=0.041031748526387163 0.0017228552133962819 0.0205056425199895 0.017896248280473287 -0.068710299728605137 -0.010806597298083623 -0.016471913723007128 -0.057104338419612412 -0.090724926406692233 0.062506314216228237 0.056703272889981296 0.014242699409162674 0.0047750012690026154 0.011819912437202828 -0.0045998430065087121 -0.019539706271206939 0.001564381023205468 -0.032326158760946244 0.05391726802113183 0.0081050069021097581 -0.0059985949887434832 -0.012398151332375013 0.0034088483228282354 -0.009709677288284202 0.012215024433673283 0.031269163051536292 -0.010303641086792497 -0.064681349594357618 -0.047369444346310852 -0.06064168719986554 0.056325373165644094
leaf_weight=1.6506709707900866 45.269743841490708 1.0613359850831319 1.6043744761263952 0.5284422612749039 6.0784363738493994 0.75879800459370006 0.83353810431435649 0.27685653837397595 1.867855272721499 0.89522952958941449 2.3510550477076322 6.4722336267586789 19.10969383479096 18.688364278728841 8.9754129094071669 1.0873744859127317 3.1256985073268861 1.1718068723566828 3.1874162569874898 0.56917173997499082 3.3591666353167957 17.883257404202595 29.527475942013552 0.45510523370467015 2.0589958492200813 0.59603059641085554 2.371186226606369 2.0994250159710646 0.83180945483036339 1.9464212169405073
leaf_count=28 1507 21 47 9 179 20 25 13 30 16 38 123 473 518 242 98 59 32 93 14 160 464 1225 22 90 12 71 81 45 37
internal_value=-0.00110091 0.00831663 0.0240827 -0.00914974 -0.00123189 0.0229225 -0.00184252 0.00208043 0.0257919 0.00898303 -0.00443173 -0.000554503 -8.56528e-05 0.00370155 -0.00935236 -0.00389632 -0.0143082 -0.00224831 -0.0119129 -0.0385042 -0.00265403 -0.00693856 -0.00476139 0.00200538 0.00300824 0.032265 -0.053322 -0.0258484 -0.0348766 0.0389617
internal_weight=186.692 13.6285 5.14057 1.58978 8.48791 2.40947 173.064 59.4702 5.94768 4.07982 3.18459 53.5226 53.2457 37.7981 15.4476 113.594 12.1087 8.08095 6.31311 4.02773 101.485 52.8693 47.4107 48.6157 47.3287 1.76784 2.94036 5.45859 1.28691 3.5508
internal_count=5792 341 114 30 227 48 5451 1478 109 79 63 1369 1356 991 365 3973 379 196 152 183 3594 1930 1689 1664 1597 44 85 241 67 84
is_linear=0
shrinkage=0.05


Tree=77
num_leaves=31
num_cat=0
split_feature=2 1 4 5 5 6 2 6 6 6 5 1 6 3 5 5 6 2 2 6 5 2 2 1 6 3 1 5 2 5
split_gain=0.547531 0.904558 0.900846 0.613912 0.696205 0.683834 0.571375 1.50976 0.93738 0.868304 0.837159 0.544746 0.448198 0.423454 0.693567 0.812735 0.699265 0.464751 1.43716 0.410999 0.401738 0.384167 1.662 1.07602 1.31948 1.02272 0.829702 0.328269 0.303243 0.26695
threshold=2.6225977269441549 6.1500000000000012 1.0000000180025095e-35 0.23182397959183676 0.34698996655518399 47.500000000000007 2.6949564733353122 22.500000000000004 31.500000000000004 34.500000000000007 0.50423728813559332 6.9500000000000011 37.000000000000007 1.5000000000000002 0.4160256410256411 0.27254641909814331 60.500000000000007 3.5941812513034272 3.4931488817109 57.500000000000007 0.38348416289592763 3.3179759011960215 3.2569227723197582 7.5500000000000007 72.500000000000014 3.5000000000000004 7.7500000000000009 0.43167701863354041 2.6546845354323731 0.5128579777907657
decision_type=2 2 2 2 2 2 2 2 2 2 2 2 2 2 2 2 2 2 2 2 2 2 2 2 2 2 2 2 2 2
left_child=1 12 3 -3 11 -6 7 -2 27 -10 -11 -5 -1 14 15 -8 -17 18 -16 -14 -4 22 26 25 -25 -23 -15 28 -9 -29
right_child=6 2 20 4 5 -7 13 8 9 10 -12 -13 19 21 17 16 -18 -19 -20 -21 -22 23 -24 24 -26 -27 -28 29 -30 -31
leaf_value=0.011685784554284038 -0.068910096361001025 -0.034453074496667672 0.0067143574830749037 -0.010480276809987312 0.016721718361112151 -0.01358126262876058 -0.051924344842317963 0.080252006987816524 -0.067360283976452648 -0.0010209743237874185 -0.050809697203090878 0.041910095341399889 -0.085596745878430122 -0.0050515894741813439 -0.047637237349281658 -0.0066311170205156124 0.041916086965032039 -0.087212092320414172 0.055981098935760136 -0.012356136625638255 0.053062400878553476 0.023457313801632209 -0.040072015321175332 -0.0079389005353035069 0.05934088675451115 0.0035643326207963795 0.0050618456926262894 -0.035499988324560139 0.024533520298626748 0.032014779813533338
leaf_weight=0.36614053836092242 1.0852984711527813 0.85927135404199262 0.64579511061310713 0.6363677548943073 3.6941213696263731 3.7533306514378637 0.65713021252304216 0.37109328946098485 0.69543556368444104 5.5485799458110705 0.99580169934779394 2.2521593107376248 0.46222949330694973 54.389707217982505 1.574165245954646 2.3358463504118849 1.0868795757414771 0.36154787347186346 0.42497768613975484 0.32709667307790369 1.6938484567217527 8.0288060851162282 2.8520171602140172 23.416229472320996 0.7521470095962276 33.085603917366825 32.337151019601151 0.30271829105913628 0.71408283989876509 0.28355100488988683
leaf_count=9 18 17 18 12 82 127 31 8 24 287 60 37 14 2196 119 82 38 12 10 14 36 126 154 601 14 858 749 10 18 11
internal_value=-0.000836633 0.00842722 0.0120523 0.00615542 0.00953136 0.00144977 -0.00163109 -0.0132308 -0.00644968 -0.0142415 -0.00859689 0.030368 -0.0340368 -0.000912205 -0.0134743 -0.000993316 0.00878495 -0.0350446 -0.0256101 -0.0552458 0.0402693 -0.000389758 -0.00251571 0.00252741 -0.00584508 0.00744903 -0.00128067 0.0273005 0.0435873 -0.00284626
internal_weight=185.989 14.6904 13.5349 11.1953 10.336 7.44745 171.299 9.99656 8.91126 7.23982 6.54438 2.88853 1.15547 161.302 6.44055 4.07986 3.42273 2.36069 1.99914 0.789326 2.33964 154.862 89.5789 65.2828 24.1684 41.1144 86.7269 1.67145 1.08518 0.586269
internal_count=5792 366 329 275 258 209 5426 436 418 371 347 49 37 4990 292 151 120 141 129 28 54 4698 3099 1599 615 984 2945 47 26 21
is_linear=0
shrinkage=0.05


Tree=78
num_leaves=31
num_cat=0
split_feature=2 0 3 1 5 6 5 6 2 2 0 2 6 1 2 5 2 6 1 3 5 2 1 5 1 6 3 5 6 3
split_gain=0.44373 0.801575 0.678847 0.581909 0.693083 0.926452 0.919878 0.575489 0.634995 1.13378 0.496982 0.362609 0.747807 0.756249 1.21795 1.55494 0.763195 0.687225 0.94661 0.627012 1.36513 0.656954 0.603492 0.768281 0.591431 1.49228 1.37208 0.998502 1.02359 0.816888
threshold=2.6225977269441549 0.47250000000000003 4.5000000000000009 6.4500000000000011 0.34698996655518399 22.500000000000004 0.23182397959183676 28.500000000000004 2.6064219431943121 2.5824491666626233 0.88750000000000007 3.1849257630629064 72.500000000000014 7.4500000000000011 3.2294790785070626 0.56155303030303039 3.2807955323568465 72.500000000000014 8.1500000000000004 3.5000000000000004 0.37590579710144933 3.2076530324835146 7.4500000000000011 0.54320337197049529 7.7500000000000009 22.500000000000004 3.5000000000000004 0.45080645161290328 24.500000000000004 4.5000000000000009
decision_type=2 2 2 2 2 2 2 2 2 2 2 2 2 2 2 2 2 2 2 2 2 2 2 2 2 2 2 2 2 2
left_child=1 -1 3 10 6 -6 -5 -4 9 -9 -3 17 13 19 15 -15 -16 24 -19 20 -13 -21 23 -14 27 -26 -27 29 -29 -2
right_child=11 2 7 4 5 -7 -8 8 -10 -11 -12 12 22 14 16 -17 -18 18 -20 21 -22 -23 -24 -25 25 26 -28 28 -30 -31
leaf_value=-0.045478285061724633 0.0047288880662722139 -0.0016212156793430823 0.062149176904457717 -0.025933321187351685 -0.079285256879919136 0.00075098865962202504 0.038910169149788121 -0.0010232374481184089 -0.026803800001210895 0.060374250488884167 -0.087141739170429083 0.036590088246060866 -0.059202073885299994 0.028834762056416621 -0.03718220128151991 -0.072181255284140447 -0.0069902278809032678 -0.016611891644932989 -0.11694653526751507 -0.04741410420979713 -0.0012948217237989531 0.0021591165986043228 0.060318559101781535 0.04931926680257151 -0.047559014466011455 -0.0066230088992792471 0.014466506738117738 0.015444913557467752 -0.020115440572370802 -0.010423054257616299
leaf_weight=0.68399178964318608 21.191892011207528 0.35789671802194689 0.87770969234406848 0.70344890281557892 0.38840586692094792 5.2326618859078735 2.4582297028973699 1.6548507483676083 0.67326865810900915 1.3780676405876873 0.32336975377984345 4.2883857832057384 0.31062376499175914 3.9242291588452636 2.2709597697248709 0.42191403766628344 26.727397283277242 1.0334590134443704 0.30429273983463634 0.6811123164370646 5.3372305243392475 35.567813188215951 0.9402404737775214 0.34338017425034195 1.448246338404714 14.794339228101309 16.111106296186335 2.304324310738596 16.613639983639587 15.330446644686161
leaf_count=82 838 19 13 13 4 126 35 38 13 15 8 79 14 84 77 12 717 62 4 22 116 969 19 14 27 490 324 72 771 715
internal_value=-0.000946743 0.00737756 0.0099511 0.00230166 0.00575471 -0.00477937 0.024483 0.0257443 0.0171228 0.0268739 -0.0422144 -0.00166835 0.000757203 7.48864e-05 -0.0056552 0.0190283 -0.00935466 -0.00386752 -0.0394346 0.00423988 0.0155836 0.00122764 0.034662 -0.00222371 -0.00332557 0.00204648 0.00437102 -0.00646058 -0.015784 -0.00163122
internal_weight=184.677 14.7319 14.0479 9.46401 8.78275 5.62107 3.16168 4.5839 3.70619 3.03292 0.681266 169.945 80.8133 79.219 33.3445 4.34614 28.9984 89.1317 1.33775 45.8745 9.62562 36.2489 1.59424 0.654004 87.794 32.3537 30.9054 55.4403 18.918 36.5223
internal_count=5792 366 284 205 178 130 48 79 66 53 27 5426 2123 2076 890 96 794 3303 66 1186 195 991 47 28 3237 841 814 2396 843 1553
is_linear=0
shrinkage=0.05


Tree=79
num_leaves=31
num_cat=0
split_feature=0 1 6 5 1 5 2 2 2 2 6 0 2 6 6 6 5 6 0 2 6 5 2 2 2 6 5 1 2 6
split_gain=0.597517 0.820203 0.794808 0.73422 0.774186 0.707676 0.676134 0.714768 0.588251 0.955518 0.916176 0.941388 0.815377 0.668207 1.53857 0.783233 0.585004 0.639024 0.45425 0.545482 0.4463 0.443664 0.420057 0.437293 0.46593 0.384777 0.3189 1.06766 0.587049 1.29847
threshold=0.55832500000000007 7.4500000000000011 68.500000000000014 0.48212005108556838 6.4500000000000011 0.44058823529411767 2.591775185283987 5.6574867333774366 2.6266587346166723 2.5872375780558694 60.500000000000007 0.6316750000000001 2.6153478486952397 35.500000000000007 44.500000000000007 47.500000000000007 0.41833333333333339 20.500000000000004 0.40625000000000006 2.8393707346920736 48.500000000000007 0.4160256410256411 2.591775185283987 5.6574867333774366 3.0368495884589435 40.500000000000007 0.39415279556124633 6.2500000000000009 2.7581070768179514 50.500000000000007
decision_type=2 2 2 2 2 2 2 2 2 2 2 2 2 2 2 2 2 2 2 2 2 2 2 2 2 2 2 2 2 2
left_child=1 3 6 5 -5 16 -3 25 9 13 11 -11 -13 21 -15 -16 17 -1 -6 -20 -18 -2 -4 24 -24 -8 -10 -28 29 -29
right_child=8 2 22 4 18 -7 7 -9 26 10 -12 12 -14 14 15 -17 20 -19 19 -21 -22 -23 23 -25 -26 -27 27 28 -30 -31
leaf_value=0.052032924587988298 0.039954005073143006 0.041879341990591429 -0.11185297882400731 -0.035548216443277297 -0.0086983802907958339 -0.031306716780734989 -0.0067441631026888861 0.056500720093066129 0.0022309969325715181 0.055524125136357495 0.05222986522793667 0.014546825911153095 -0.040908570725823247 -0.07357111501044937 0.062625318594176152 -0.0072532061312494574 -0.0026952740574218256 -0.0083570956718808948 0.064854547025051279 0.019969800539648475 0.058931847698818089 -0.0066992622355672134 -0.054381608340751869 -0.10315107154906611 0.002690579135382717 -0.025582894619124205 -0.031714730882261545 0.0030696519653508596 -2.1617946641015013e-05 -0.039098109649182866
leaf_weight=0.46332266973332181 1.2743607033044084 0.56418229383416374 0.21772808488458295 0.60956127574900065 0.80710466176969919 2.2993375355144954 5.2475075557304045 0.34624878782779056 59.975440154550597 0.9350463245064019 2.0419009122997522 2.2983969375491147 0.93147460278123606 0.84697806555777777 0.45121810398995865 3.6029964529443532 0.51773795904591569 8.0319217953365278 0.95995057001709971 2.2956452374346554 0.6791543640429154 0.84917650278657664 0.77039051579777129 0.22292477451264847 0.6674284593318589 5.606252303958172 3.0274873085436402 4.3179281987249842 69.875614212593064 3.1628993795020506
leaf_count=9 15 23 4 76 94 133 279 9 1294 12 29 30 22 21 7 89 23 727 45 101 45 17 69 3 71 558 155 124 1549 159
internal_value=-0.000844105 -0.00726023 -0.016351 0.000182407 0.0169964 -0.00636884 -0.0115285 -0.0142188 0.000421918 0.0105001 0.0247945 0.011344 -0.00144616 -0.00212987 -0.0122804 0.000523998 -0.000452648 -0.00506348 0.0248801 0.0332046 0.0322739 0.0212979 -0.0465526 -0.0379916 -0.027889 -0.0164749 -0.000528147 -0.00258678 -0.0014468 -0.0147589
internal_weight=183.897 30.3064 13.6427 16.6637 4.67226 11.9915 11.7642 11.2 153.591 13.2315 6.20682 4.16492 3.22987 7.02473 4.90119 4.05421 9.69214 8.49524 4.0627 3.2556 1.19689 2.12354 1.87847 1.66074 1.43782 10.8538 140.359 80.3839 77.3564 7.48083
internal_count=5792 2269 1016 1253 316 937 869 846 3523 242 93 64 52 149 117 96 804 736 240 146 68 32 147 143 140 837 3281 1987 1832 283
is_linear=0
shrinkage=0.05


Tree=80
num_leaves=31
num_cat=0
split_feature=1 5 5 2 2 2 6 2 6 2 3 2 6 2 5 5 5 6 1 5 1 1 3 1 3 2 6 6 6 3
split_gain=0.53302 1.0604 0.879721 0.55418 0.85031 0.516998 0.67864 0.489665 0.451221 0.377901 0.381406 0.373745 1.19226 0.586941 0.364374 1.03191 0.873443 0.851273 0.659442 0.53253 0.356873 0.480019 0.332666 0.366363 0.331493 1.00662 0.304797 0.269302 0.247304 0.143083
threshold=7.0500000000000007 0.16859903381642513 0.15323955669224212 2.6225977269441549 2.5980120931240029 2.5670225209637745 44.500000000000007 2.5296351104100774 73.500000000000014 2.6153478486952397 3.5000000000000004 4.0998397768232238 53.500000000000007 3.8508873188580268 0.59411764705882364 0.54320337197049529 0.48331479421579543 58.500000000000007 6.0500000000000007 0.56594202898550738 6.4500000000000011 6.7500000000000009 3.5000000000000004 6.4500000000000011 3.5000000000000004 3.1912126739005364 21.500000000000004 49.500000000000007 47.500000000000007 4.5000000000000009
decision_type=2 2 2 2 2 2 2 2 2 2 2 2 2 2 2 2 2 2 2 2 2 2 2 2 2 2 2 2 2 2
left_child=2 -2 22 4 5 7 -7 -3 11 10 -6 13 -13 -5 15 16 26 -18 -17 -20 -16 -22 -1 -24 -10 -26 -4 -25 -11 -23
right_child=1 3 14 8 9 6 -8 -9 24 28 -12 12 -14 -15 20 18 17 -19 19 -21 21 29 23 27 25 -27 -28 -29 -30 -31
leaf_value=0.053041454530248923 -0.037918847319254025 -0.0049291945082118246 0.017882383637146514 0.0012781146830417225 0.018437336034740733 -0.066791304127580012 -0.0016131907222658296 0.035081084554681001 -0.068839256505508858 0.035061301340761721 0.061418457891643075 0.027410100541537016 -0.010342264892766913 -0.018109461205025608 -0.062652750051664069 -0.03722709930889017 -0.012250002065215624 -0.051719124249947263 0.044680133156708546 0.0050485671318267139 0.033704877492687697 -0.052195372984452537 -0.014077024519505467 0.054262379838097535 -0.058837867884246269 0.057724385191020501 -0.0050521705128271487 0.0084824716049594663 -0.011894546571434933 -0.0065353724457197331
leaf_weight=0.70055166585370843 1.6895680552115653 1.5145247187465414 1.496959829237311 99.200324722914957 0.81147045223042402 0.51284135994501445 1.8049828512594102 1.5446041158866135 0.37408820632845052 0.53033809270709775 1.418225258705206 4.9273465984733757 3.6335026400629431 4.0637199245975344 0.52803243696689506 0.4465835193113884 4.7026386339566661 1.9255021606804801 1.938374735764228 1.5063033113838171 0.3710842174477873 0.47985311551019549 0.77246986702084575 0.59236459992825963 0.45547816995531321 0.31216038065031171 44.908427861053497 0.70185752352699637 0.59501382801681757 0.26706923899473622
leaf_count=11 103 46 32 2961 22 17 37 37 15 10 20 120 80 129 28 36 159 78 83 86 19 12 18 4 19 6 1561 19 11 15
internal_value=-0.000473615 0.00142006 -0.00428295 0.00196621 0.0141021 0.00177719 -0.0160345 0.0152726 0.00102814 0.0338545 0.045776 0.00134745 0.0113868 0.000515161 -0.0055845 -0.00491389 -0.00673741 -0.0237159 0.0199387 0.0273499 -0.0287763 -0.0127765 0.0232653 0.013172 -0.0302455 -0.0114378 -0.00431234 0.0294359 0.0102341 -0.0358692
internal_weight=184.726 123.388 61.3381 121.699 8.732 5.37695 2.31782 3.05913 112.967 3.35505 2.2297 111.825 8.56085 103.264 58.5708 56.9248 53.0335 6.62814 3.89126 3.44468 1.64604 1.11801 2.76724 2.06669 1.14173 0.767639 46.4054 1.29422 1.12535 0.746922
internal_count=5794 3633 2161 3530 200 137 54 83 3330 63 42 3290 200 3090 2109 2035 1830 237 205 169 74 46 52 41 40 25 1593 23 21 27
is_linear=0
shrinkage=0.05


Tree=81
num_leaves=31
num_cat=0
split_feature=1 6 0 6 0 6 6 6 0 5 0 2 2 1 5 2 2 2 2 2 5 0 2 2 1 1 6 4 2 5
split_gain=0.603702 1.6902 1.42675 1.0676 0.91946 1.28321 0.982634 0.916107 0.870415 0.82363 0.700644 1.09499 0.671824 1.90231 1.15394 1.0614 1.52203 0.634065 0.571167 1.29975 1.56185 1.02565 0.724217 0.666536 1.81349 1.06471 0.622799 0.840323 0.562689 0.55562
threshold=7.8500000000000005 67.000000000000014 0.62750000000000006 65.500000000000014 0.61832500000000012 37.000000000000007 60.500000000000007 67.000000000000014 0.66457500000000003 0.45521390374331555 0.88750000000000007 2.827372285901038 3.5838188022235569 6.7500000000000009 0.45521390374331555 3.4694401823203798 3.4000282246878273 2.8005987924319804 3.3643075840091208 3.4762696173592693 0.20293040293040296 0.63542500000000002 2.6225977269441549 3.5534682665703636 7.3500000000000005 6.8500000000000005 32.500000000000007 1.0000000180025095e-35 3.3583378512247672 0.59411764705882364
decision_type=2 2 2 2 2 2 2 2 2 2 2 2 2 2 2 2 2 2 2 2 2 2 2 2 2 2 2 2 2 2
left_child=7 3 -3 4 5 17 -6 18 -5 10 11 -4 15 14 -14 16 -9 -2 22 20 -20 -22 26 24 -21 -25 -1 -28 -24 -7
right_child=1 2 9 8 6 29 -8 12 -10 -11 -12 -13 13 -15 -16 -17 -18 -19 19 23 21 -23 28 25 -26 -27 27 -29 -30 -31
leaf_value=0.029586104402507002 0.040254178404217578 -0.016561911385977179 0.053719676033096436 0.0056090852954287646 0.0029264935892077191 -0.028612494776642728 0.033334592252485619 -0.019343963734108415 -0.069037142233655979 0.054415841142409264 0.047471866727019245 -0.0072576959674366479 0.051885860027130797 -0.028624764336321318 -0.040072375552583361 -0.053277119837167111 0.035308682994665545 -0.0023343841558287888 -0.059974857511290391 0.0079448325708610257 0.0059822956827565877 0.041655287329295312 -0.0046544740784811812 -0.0088091508193561194 -0.046281015924250116 0.011932110018499167 -0.0093554140571814933 0.0295140604529988 -0.06043933724468064 0.068811674500333847
leaf_weight=2.7865790188079682 1.1957878345856423 1.8833001552557096 0.99791553895920371 0.64353415649384149 28.333581898827109 5.9390181343187578 2.9316598307341328 10.263876431970859 0.99331938568502665 2.6831694344291463 1.6835365053266285 2.8075205232016742 1.926228461437858 2.2721574219176546 0.41456970645231184 1.8537994218058873 1.4544408785877738 3.247185529966373 0.55422487715259094 3.655277092941108 3.4653193443082255 4.8141179783269763 62.09911139390897 10.672657632676421 2.6667061869520694 14.72246038506273 4.9477524671819992 1.9340203872416166 0.45535316481254895 0.15004442678764451
leaf_count=50 36 154 14 51 381 391 47 647 16 40 19 42 44 78 25 54 21 126 7 77 82 46 2402 319 73 340 146 45 12 9
internal_value=-0.000276995 0.00419886 0.0226711 -7.76486e-05 0.00147363 -0.0113036 0.00577778 -0.00210514 -0.0396897 0.0317125 0.0206145 0.00873266 -0.0125193 0.00396519 0.0355995 -0.0181221 -0.0125606 0.00912796 -0.000425838 0.00432298 0.021285 0.0267245 -0.00309214 -0.000401182 -0.0149284 0.0032153 0.00964348 0.00156828 -0.00506055 -0.0262118
internal_weight=184.448 53.4896 10.0554 43.4341 41.7973 10.532 31.2652 130.959 1.63685 8.17214 5.48897 3.80544 18.1851 4.61296 2.3408 13.5721 11.7183 4.44297 112.774 40.5508 8.83366 8.27944 72.2228 31.7171 6.32198 25.3951 9.66835 6.88177 62.5545 6.08906
internal_count=5794 1326 269 1057 990 562 428 4468 67 115 75 56 869 147 69 722 668 162 3599 944 135 128 2655 809 150 659 241 191 2414 400
is_linear=0
shrinkage=0.05


Tree=82
num_leaves=23
num_cat=0
split_feature=1 0 2 2 4 1 2 0 2 6 1 4 1 2 3 6 1 0 0 1 0 1
split_gain=0.924622 0.644786 0.706739 0.528321 0.73174 0.829478 0.611469 1.11574 0.778698 0.713139 0.706077 0.543937 0.460904 0.372358 0.285013 0.916543 0.435133 0.379093 0.389777 0.27338 0.179714 0.0337654
threshold=3.9000000000000008 0.53375000000000006 5.5440414091679253 2.6225977269441549 1.0000000180025095e-35 6.4500000000000011 2.9956819910257435 0.96250000000000013 2.827372285901038 17.500000000000004 7.8500000000000005 1.0000000180025095e-35 7.4500000000000011 2.5980120931240029 3.5000000000000004 20.500000000000004 7.1500000000000012 0.5208250000000002 0.41875000000000001 6.5500000000000007 0.88750000000000007 7.2500000000000009
decision_type=2 2 2 2 2 2 2 2 2 2 2 2 2 2 2 2 2 2 2 2 2 2
left_child=-1 2 14 4 5 20 7 10 -9 -8 -5 -11 19 -7 15 -2 -17 18 -16 -6 -3 -4
right_child=1 3 21 6 12 13 9 8 -10 11 -12 -13 -14 -15 17 16 -18 -19 -20 -21 -22 -23
leaf_value=-0.043453234191179559 0.053237459833642892 -0.018674456869323133 0.044812033492408532 -0.011056510003952269 0.033635425987753813 0.002960392566559911 -0.080093852003165419 0.0039375668196194582 0.042615556642409624 0.0070251862747244933 0.0029011487639355772 -0.00058105379799330825 0.059216719100725623 0.02666562694751767 -0.022446799319398417 0.015959382971049499 -0.012396576950117436 -0.081339542431029199 -0.0060703798804355169 -0.0067578188750659837 -0.073705417080003902 0.02478820315399104
leaf_weight=1.2255941331386555 0.703008282929665 0.24876022920943697 0.52911312691867252 30.255810412229039 1.0595082598738366 7.2395543914753926 0.25867252424359222 4.1553659606724969 1.8946480238810179 44.85952637688024 12.934276209212838 49.374206884298474 1.077991848811507 2.1481204046867788 5.6258183657773762 1.7232242585741895 6.2959709030983504 0.19883831590414125 10.259623250865843 0.69276671297848214 0.36757092759944499 0.34966049483045936
leaf_count=9 11 15 13 1153 18 143 3 78 24 860 255 1118 14 30 684 132 559 6 635 12 10 12
internal_value=-0.000169633 0.000121438 -0.00722116 0.00132601 0.0110459 0.00469567 0.000458097 -0.00405962 0.0160501 0.00281228 -0.00687656 0.00303986 0.0334917 0.00838471 -0.00878219 -0.00150427 -0.00630324 -0.0127289 -0.0118701 0.0176658 -0.0514941 0.0368446
internal_weight=183.478 182.252 25.6853 156.567 12.8343 10.004 143.733 49.2401 6.05001 94.4924 43.1901 94.2337 2.83027 9.38767 24.8065 8.7222 8.0192 16.0843 15.8854 1.75227 0.616331 0.878774
internal_count=5794 5785 2052 3733 242 198 3491 1510 102 1981 1408 1978 44 173 2027 702 691 1325 1319 30 25 25
is_linear=0
shrinkage=0.05


Tree=83
num_leaves=31
num_cat=0
split_feature=0 3 6 0 3 5 3 5 0 2 2 2 5 0 0 2 0 2 2 6 5 6 2 5 6 2 6 5 0 5
split_gain=0.437896 0.400065 0.851178 0.350646 0.348333 1.12891 0.821109 0.728651 1.13668 0.71348 0.559229 0.611692 0.587514 1.00571 0.560808 0.545355 0.956341 0.456838 1.42324 0.812094 0.635233 0.618535 0.492538 0.387799 0.376124 0.306372 0.295793 0.227133 0.362268 0.338852
threshold=0.41875000000000001 3.5000000000000004 22.500000000000004 0.22875000000000001 1.5000000000000002 0.27254641909814331 1.0000000180025095e-35 0.38956639566395673 0.96250000000000013 3.0534585791611808 2.6225977269441549 2.5980120931240029 0.41833333333333339 0.74500000000000011 0.74500000000000011 2.6064219431943121 0.74500000000000011 2.7607058823271244 2.7806802694834509 52.500000000000007 0.58411949685534603 56.000000000000007 2.8037836452294558 0.36491677336747769 33.500000000000007 2.6266587346166723 33.500000000000007 0.36038961038961043 0.34585000000000005 0.45521390374331555
decision_type=2 2 2 2 2 2 2 2 2 2 2 2 2 2 2 2 2 2 2 2 2 2 2 2 2 2 2 2 2 2
left_child=1 2 -1 -4 5 -2 7 26 -9 23 11 12 13 -6 -14 -13 -17 19 21 25 -21 -19 -20 -8 -11 -12 -7 -3 29 -29
right_child=4 27 3 -5 10 6 9 8 -10 24 17 15 14 -15 -16 16 -18 18 22 20 -22 -23 -24 -25 -26 -27 -28 28 -30 -31
leaf_value=0.073993685154803826 -0.066845823524013193 -0.034641993256360103 -0.056484523182710869 0.00076982630885055715 -0.0070846401480190897 0.058496000463390686 -0.072741998362870861 -0.041321761374189907 0.041298970437467844 -0.038416390737358329 -0.04570589595697859 0.066874682824185058 -0.0035468093635428891 0.031175668773762866 -0.062647641973642462 0.046624240936479863 -0.026520843342748554 0.038292698308060369 -0.017991309517003767 -0.02080419620290563 -0.11246073350146268 0.0022900476863605156 0.00042091533928716564 -0.025958813554086115 0.031395356745804195 0.0016872341437250502 0.017101977478434154 0.028704660232024011 -0.025678488561434645 -0.016551778478710002
leaf_weight=0.37773408135399078 0.78057125560007801 1.6570626638131214 0.31010446103755418 1.94274193898309 3.3400864984141645 0.52595643699169192 0.66735516843618858 1.3111648061312733 0.60995635017752636 0.27139327535405744 0.35328007536008854 0.80059254355728549 1.8718788733240219 3.5358203388750553 0.51095577934756864 1.1239286181516943 0.74181594606488954 3.5537853282876304 3.7372744641033924 4.9862487840582608 0.19648579135537136 1.795837750425562 129.16706902722945 1.3173898021923376 0.66739400679944083 9.8130888777086493 2.4049329683184624 0.79557439795462437 2.233617777004838 0.86148142110323533
leaf_count=11 32 216 34 254 84 8 15 106 6 12 13 12 61 38 13 17 12 67 157 275 5 49 3369 77 37 293 48 116 230 127
internal_value=-0.000217533 -0.0115247 0.0045349 -0.00711124 0.000313668 -0.00952384 -0.0037694 0.00884301 -0.0150897 -0.0247015 0.000822166 0.0112525 0.00517553 0.0125901 -0.0162199 0.0323545 0.0175419 1.24e-05 0.000920961 -0.00817128 -0.024279 0.0262068 -9.6837e-05 -0.0416893 0.0112135 4.03287e-05 0.0245303 -0.0191397 -0.0125372 0.00517644
internal_weight=182.263 8.17832 2.63058 2.25285 174.084 8.55611 7.77554 4.85201 1.92112 2.92353 165.528 11.9251 9.25874 6.87591 2.38283 2.66634 1.86574 153.603 138.254 15.3491 5.18273 5.34962 132.904 1.98474 0.938787 10.1664 2.93089 5.54774 3.89067 1.65706
internal_count=5794 988 299 288 4806 341 309 168 112 141 4465 237 196 122 74 41 29 4228 3642 586 280 116 3526 92 49 306 56 689 473 243
is_linear=0
shrinkage=0.05


Tree=84
num_leaves=31
num_cat=0
split_feature=0 2 2 6 6 2 0 2 0 2 2 6 6 2 0 6 5 2 2 6 2 3 3 5 6 0 5 2 2 6
split_gain=0.427349 0.889255 0.397291 0.643562 1.35461 0.769707 0.633177 0.488082 0.761217 0.708625 0.579361 0.572696 1.11891 0.951961 1.09824 0.958528 0.662005 0.542396 0.959413 0.776339 0.480997 0.470947 0.444581 0.761265 0.42448 0.417445 0.313387 0.237892 0.353052 0.327433
threshold=0.50625000000000009 5.4359270417206025 2.6225977269441549 35.500000000000007 42.500000000000007 2.5980120931240029 0.74500000000000011 2.9956819910257435 0.96250000000000013 2.9411966330899992 2.9466204764652528 39.500000000000007 43.500000000000007 3.7676888832150359 0.96250000000000013 31.500000000000004 0.52440476190476204 2.827372285901038 2.7741811991874781 51.500000000000007 3.3179759011960215 3.5000000000000004 2.5000000000000004 0.29905613512170898 17.500000000000004 0.72917500000000002 0.41833333333333339 3.0087223993140477 3.1819828491719071 20.500000000000004
decision_type=2 2 2 2 2 2 2 2 2 2 2 2 2 2 2 2 2 2 2 2 2 2 2 2 2 2 2 2 2 2
left_child=1 27 3 5 25 6 21 8 9 24 -11 13 16 15 -15 -9 -13 18 -10 -19 -14 -2 23 -6 -4 -5 -24 29 -29 -1
right_child=2 -3 7 4 22 -7 -8 11 17 10 -12 12 20 14 -16 -17 -18 19 -20 -21 -22 -23 26 -25 -26 -27 -28 28 -30 -31
leaf_value=0.031797650696516792 -0.035349266327572196 0.036096508213731088 0.046607578969375472 -0.024260019011997327 -0.076016263007625207 0.064763436033682467 0.045156130107199474 0.0031234891573082555 0.013134536157209201 -0.056220086303913043 -0.014722794893378025 -0.02591965529259041 -0.0043470105688668652 -0.026189745846017055 0.038108790776472522 0.02320637360769336 0.021290778334264928 0.075253531006176613 -0.05219631343035095 0.010452597779040408 0.0050580190833655024 0.019681343386162311 0.02499743234906945 0.0028534939291495489 -0.0046234367501035156 -0.088533179628895023 0.00043803946059445552 -0.026662923229505725 -0.0076844770010255975 -0.0052625183274492828
leaf_weight=0.62995274364948883 0.74820459075272061 1.1844485017936666 0.40875973179936309 0.59745830949395784 0.35742520727217053 0.99795871227979649 0.9431372508406638 13.362467585597193 3.3305193609558037 1.120812409557401 3.3703590980730951 5.7486420175991944 20.609848197549582 3.4079626051825462 0.82483639195561398 10.698334664339198 0.8526907069608568 0.72609958797693241 0.67603270569816221 1.2717005480080841 39.937929010484368 0.80931193055585027 3.874622777570039 2.124552043969743 37.274954855558462 0.43770452775061131 1.9539815463940611 3.4933678921661331 8.2088192935334501 11.05861613791785
leaf_count=17 13 30 4 15 9 14 9 219 60 28 155 118 570 103 14 187 18 7 18 17 774 15 69 49 1244 7 45 292 725 949
internal_value=-4.06021e-05 -0.00617023 0.00092214 0.00934711 0.00249933 0.0276394 0.012824 0.000168681 -0.00393381 -0.00630518 -0.0250788 0.00223961 -0.000274505 0.00820634 -0.01366 0.0120531 -0.0198215 0.0127229 0.00211114 0.0340045 0.00185664 -0.00675443 0.00921762 -0.0085044 -0.00406773 -0.0514371 0.0167641 -0.00831051 -0.01335 -0.00326517
internal_weight=181.042 24.5752 156.466 12.8444 9.34574 3.49861 2.50065 143.622 48.1792 42.1749 4.49117 95.4427 67.1491 28.2936 4.2328 24.0608 6.60133 6.00435 4.00655 1.9978 60.5478 1.55752 8.31058 2.48198 37.6837 1.03516 5.8286 23.3908 11.7022 11.6886
internal_count=5794 2013 3781 245 194 51 37 3536 1533 1431 183 2003 1480 523 117 406 136 102 78 24 1344 28 172 58 1248 22 114 1983 1017 966
is_linear=0
shrinkage=0.05


Tree=85
num_leaves=31
num_cat=0
split_feature=6 2 2 2 2 0 0 2 3 5 5 5 0 1 5 2 0 2 0 2 6 1 1 2 6 6 6 1 2 0
split_gain=0.381638 0.933539 0.554631 0.790706 0.949308 1.19902 0.749781 0.437496 0.401239 0.679258 1.08336 0.422695 0.411797 0.400846 0.537864 0.377551 0.433955 0.350176 1.23917 0.522169 1.11209 1.39153 1.15608 0.995995 0.691503 0.525714 0.321405 0.314748 0.0972392 0.0886106
threshold=23.500000000000004 3.7676888832150359 3.4841737449602026 3.0322329303561921 2.7050789234063806 0.66457500000000003 0.71457500000000007 2.7402904316616046 1.5000000000000002 0.27254641909814331 0.39415279556124633 0.39852941176470597 0.66457500000000003 6.9500000000000011 0.31293706293706297 3.5941812513034272 0.69000000000000006 2.5116186471417885 0.78167500000000012 2.8232224082588302 42.500000000000007 7.4500000000000011 6.3500000000000005 2.8840101815541477 44.500000000000007 54.500000000000007 43.500000000000007 7.8500000000000005 4.3366373803950742 0.72917500000000002
decision_type=2 2 2 2 2 2 2 2 2 2 2 2 2 2 2 2 2 2 2 2 2 2 2 2 2 2 2 2 2 2
left_child=1 2 3 4 5 -1 27 -6 9 -2 15 -12 -13 -5 -15 16 -11 18 26 20 22 -22 -19 25 -25 -21 -10 -4 -3 -28
right_child=8 28 6 13 7 -7 -8 -9 17 10 11 12 -14 14 -16 -17 -18 19 -20 23 21 -23 -24 24 -26 -27 29 -29 -30 -31
leaf_value=0.03059936921608163 -0.056298314825008883 -0.05862470853640972 -0.028226317708535172 0.018043452128877913 0.073015551025479949 -0.04595959766091836 0.082077775965002195 0.025226967742307305 -0.078008378842678805 -0.028359022640497403 -0.086407984908838886 -0.044506966401163472 -0.007072056681052416 -0.068557542285220138 -0.010054991843716337 0.052179009032810447 0.016081823245977581 -0.037662935892326749 0.019182714451592236 -0.028876309508375015 -0.015050851532727087 0.0097986760916000861 0.018791054738841823 -0.0055837490304170082 0.0026740582273416785 -0.0005600436011567628 -0.0043442500148547234 0.036494098657843303 -0.025337963401046399 -0.045469206487021498
leaf_weight=0.96391302440314985 0.77245631744153698 0.42288005817681629 0.33191588916815884 0.91192121710628304 0.54232817143201817 1.0894307834096251 0.62969245947897434 4.0964093977818266 0.66306799557059937 0.71748505998402912 0.27747118682600591 1.2199246584204959 1.846713308477774 0.4757066608872268 2.2565614497289062 0.50878135277889658 2.34357915725559 0.96563004772178729 1.077248567715287 4.8674758325796565 10.656887856195683 11.952269877307115 14.898684437503105 39.734944362891838 70.034998655086383 2.4714027693262324 0.25306864088634029 0.43281184509396553 0.45597030560020357 0.27151171118021011
leaf_count=26 36 12 15 18 12 17 6 91 21 59 10 140 64 9 49 13 41 40 15 192 596 383 362 1028 2259 148 33 8 18 6
internal_value=-3.57604e-05 0.00834927 0.012073 0.00807979 0.0182849 -0.0100201 0.0416733 0.0308141 -0.000674491 -0.0118299 -0.00686168 -0.027311 -0.0219639 -0.0106605 -0.0202407 0.0122945 0.0056653 -0.000131276 -0.01965 0.000152868 0.00520657 -0.00191422 0.0153548 -0.00150741 -0.000315134 -0.0193407 -0.0548729 0.0084034 -0.0413547 -0.0256297
internal_weight=178.143 12.6095 11.7307 10.3363 6.69208 2.05334 1.39442 4.63874 165.534 7.68641 6.91395 3.34411 3.06664 3.64419 2.73227 3.56985 3.06106 157.847 2.2649 155.582 38.4735 22.6092 15.8643 117.109 109.77 7.33888 1.18765 0.764728 0.87885 0.52458
internal_count=5727 281 251 222 146 43 29 103 5446 363 327 214 204 76 58 113 100 5083 75 5008 1381 979 402 3627 3287 340 60 23 30 39
is_linear=0
shrinkage=0.05


Tree=86
num_leaves=31
num_cat=0
split_feature=6 2 2 2 2 0 2 3 2 0 2 5 0 5 5 0 0 5 3 5 5 2 0 2 2 2 6 6 2 2
split_gain=0.419857 0.641832 0.413417 0.487449 0.63722 0.601652 0.594512 0.834691 0.354933 0.791859 0.674471 0.348629 1.7866 0.987962 0.624353 0.499254 0.590415 0.32195 0.266517 0.516207 0.847678 0.290679 0.802728 0.783728 0.241979 0.170402 0.130328 0.0877111 0.0216454 0.0434866
threshold=23.500000000000004 3.7676888832150359 2.5980120931240029 3.0322329303561921 3.4841737449602026 0.71457500000000007 3.0160486938698843 3.5000000000000004 4.589410143454125 0.38667500000000005 4.5697052401238327 0.42640692640692646 0.60832500000000012 0.53589743589743599 0.54320337197049529 0.6316750000000001 0.51457500000000012 0.47420634920634924 1.5000000000000002 0.27254641909814331 0.39415279556124633 3.4369016171537843 0.65500000000000014 3.4060603023675928 4.8513053071537007 4.3366373803950742 71.500000000000014 33.500000000000007 5.4359270417206025 4.8513053071537007
decision_type=2 2 2 2 2 2 2 2 2 2 2 2 2 2 2 2 2 2 2 2 2 2 2 2 2 2 2 2 2 2
left_child=1 2 -1 6 17 -6 7 -4 10 26 18 15 14 -14 -13 16 -11 -5 19 27 -21 23 -23 -20 -17 -3 28 -2 29 -10
right_child=8 25 3 4 5 -7 -8 -9 9 11 -12 12 13 -15 -16 24 -18 -19 21 20 -22 22 -24 -25 -26 -27 -28 -29 -30 -31
leaf_value=-0.026776457108488375 -0.023640083358993678 -0.057210622110608733 0.04420276914501798 0.0015368053478894885 0.0046149190587729096 0.075622392201608241 0.07927671221070326 0.004255497847536845 -0.054049326012292398 0.021306053016417914 -0.074320725495955406 0.052169396902863235 -0.045964065675222467 0.031786872546038764 -0.016474603856193745 0.040296080385117172 -0.059277728720617776 -0.031588900617707132 -3.2588742409943506e-05 0.010823394374582246 -0.024687434096957669 -0.0152221600597435 0.00073311133352743012 0.024973780234076509 0.017046929908888727 -0.012706889343973585 -0.10532901054831112 -0.062826408510943788 -0.061429548778938262 0.0025097948339499678
leaf_weight=0.64227837231009921 0.2014950099401166 0.38434727420099157 2.1154656605795008 2.4479280768428002 0.73711838852614142 0.50112545862793922 0.44987113773822773 3.4244064670056105 0.079715601867063834 0.50394733692519178 0.31462950306013127 1.4478784962557254 1.8508766610175373 0.52431190153583873 0.42952762078493822 1.7137307692319153 0.41405927832238376 1.0473118908703325 107.43491197846015 3.5357640146976337 3.2028506816131994 11.714914910669902 24.101330628618598 3.2274438128806642 3.226014340762049 0.4884308404289186 0.12785686203278601 0.49021003802772611 0.089831085409969091 0.059241962619125843
leaf_count=11 6 12 42 46 23 6 9 84 10 25 14 29 29 15 20 19 26 30 3787 113 214 607 367 59 51 18 4 30 8 13
internal_value=8.01188e-05 0.00901514 0.0121882 0.014522 0.00253019 0.0333521 0.0239987 0.0195098 -0.000583849 0.00832606 -0.00118856 0.010909 1.20091e-05 -0.0288009 0.0364645 0.01882 -0.0150406 -0.00838896 -0.00103905 -0.0102772 -0.00605483 -0.000570439 -0.0044856 0.000696717 0.0251127 -0.0323051 -0.064897 -0.0514114 -0.0423018 -0.0299364
internal_weight=176.929 12.2383 11.3655 10.7232 4.73348 1.23824 5.98974 5.53987 164.691 10.467 154.224 10.1103 4.25259 2.37519 1.87741 5.85775 0.918007 3.49524 153.909 7.43032 6.73861 146.479 35.8162 110.662 4.93975 0.872778 0.356646 0.691705 0.228789 0.138958
internal_count=5727 281 251 240 105 29 135 126 5446 249 5197 214 93 44 49 121 51 76 5183 363 327 4820 974 3846 70 30 35 36 31 23
is_linear=0
shrinkage=0.05


Tree=87
num_leaves=31
num_cat=0
split_feature=6 2 2 5 6 0 0 2 2 6 3 6 2 2 2 6 6 6 0 6 0 3 5 5 2 2 6 0 5 2
split_gain=0.403069 0.395673 0.654838 0.609352 0.619648 0.609084 0.46702 0.467906 0.411304 0.390952 0.362627 0.38938 0.701948 0.34426 0.400963 0.401549 0.373852 0.661833 0.629938 0.606834 0.436982 0.279998 0.439927 0.722483 0.310566 0.968317 0.748167 0.281739 0.244593 0.704354
threshold=23.500000000000004 3.0322329303561921 2.827372285901038 0.28320802005012535 20.500000000000004 0.74500000000000011 0.73667500000000008 3.1567830665350254 3.5775695247251433 20.500000000000004 3.5000000000000004 22.500000000000004 2.9920734793724502 4.589410143454125 4.5412782988227152 51.500000000000007 40.500000000000007 62.500000000000007 0.96250000000000013 72.500000000000014 0.88750000000000007 1.5000000000000002 0.39415279556124633 0.35504201680672276 2.8232224082588302 2.8065067579406118 54.500000000000007 0.66457500000000003 0.42640692640692646 3.4931488817109
decision_type=2 2 2 2 2 2 2 2 2 2 2 2 2 2 2 2 2 2 2 2 2 2 2 2 2 2 2 2 2 2
left_child=1 2 3 -1 -5 -6 7 -3 9 -9 -4 12 -12 14 21 -16 20 -18 19 -19 -15 22 23 -2 25 -23 -26 -24 -8 -30
right_child=13 6 10 4 5 -7 28 8 -10 -11 11 -13 -14 16 15 -17 17 18 -20 -21 -22 24 27 -25 26 -27 -28 -29 29 -31
leaf_value=0.052844263727050755 -0.016393499438699038 -0.051943971236354337 0.071392908925306475 0.041208814920601557 0.0013637682258814555 -0.050758534295995618 0.036029552925085855 0.03488070632864209 -0.035106989405054731 -0.010658060342332921 -0.022368476415978125 0.063337610493584537 0.051912694774487671 -0.026117819471357558 0.0042890022419823006 -0.053968720711990062 0.022956217378006117 -0.025396075616944916 0.05181070784161379 0.0455203081112589 0.027683621467791426 0.00036365613922280881 -0.043766016903698385 0.026212460332032068 -0.0052553528123867261 0.02376319699185115 0.0034185306818925801 -0.012873919025700531 -0.032752474716021371 0.040135947251666373
leaf_weight=0.57154465839266588 2.5665674572810522 0.62001702678389881 0.60844891704618964 0.64642605558037791 2.0179767594672744 0.77603717893362034 0.94843701086938415 0.81171812396496568 0.75326540472451586 1.1238225421402601 0.68870622571557738 0.51736347633413959 0.59094037115573883 1.4047898917924602 0.50649684388190397 0.71097271144390106 5.5308813070878369 2.1870965717826047 0.40118838846683491 0.34992334223352362 0.51605638675391663 35.779533281747717 1.1929638842702845 1.624983071000315 64.011200634355191 5.0445818355074143 40.647051562787965 1.9355283882468937 0.67993935570120789 0.64668195508420467
leaf_count=9 95 22 10 16 54 13 12 16 33 30 20 12 12 54 16 18 114 56 6 10 9 1325 147 54 1826 131 1518 67 12 10
internal_value=8.83767e-05 0.00893436 0.0174029 0.00503563 -0.00290661 -0.0131132 -0.000798412 -0.0127887 -0.00375979 0.00843978 0.03803 0.0267336 0.0119345 -0.000557348 -0.0011516 -0.0297321 0.00825175 0.0127687 -0.00640839 -0.0156148 -0.0116635 -0.000923878 -0.0104657 0.000124007 -0.000443775 0.00325511 -0.0018866 -0.0246538 0.0166401 0.00277811
internal_weight=176.411 12.0013 6.41744 4.01198 3.44044 2.79401 5.58388 3.30882 2.68881 1.93554 2.40546 1.79701 1.27965 164.41 154.02 1.21747 10.3899 8.46909 2.93821 2.53702 1.92085 152.802 7.32004 4.19155 145.482 40.8241 104.658 3.12849 2.27506 1.32662
internal_count=5727 281 146 92 83 67 135 101 79 46 54 44 32 5446 5197 34 249 186 72 66 63 5163 363 149 4800 1456 3344 214 34 22
is_linear=0
shrinkage=0.05


Tree=88
num_leaves=31
num_cat=0
split_feature=6 2 3 2 6 2 2 3 5 3 0 5 2 5 5 5 2 1 3 3 5 2 1 6 0 1 3 0 6 1
split_gain=0.43619 0.52898 0.735357 0.572488 1.05292 0.468129 0.751861 0.964848 0.59546 1.13154 0.948302 0.748267 0.638193 0.600054 0.519763 0.443751 0.430557 0.434679 0.653556 0.542722 0.802312 0.454779 0.425654 0.419084 0.398308 1.26603 0.849133 0.337717 0.298012 0.287445
threshold=23.500000000000004 4.0537383911602278 4.5000000000000009 4.1503388690745311 45.500000000000007 3.4369016171537843 3.4060603023675928 3.5000000000000004 0.34514106583072107 3.5000000000000004 0.6316750000000001 0.38548951048951058 3.5941812513034272 0.29905613512170898 0.41444372153545878 0.55530303030303041 3.7676888832150359 7.9500000000000011 3.5000000000000004 3.5000000000000004 0.40877080665813065 3.0607470985158929 7.7500000000000009 54.500000000000007 0.96250000000000013 6.4500000000000011 2.5000000000000004 0.83667500000000017 46.500000000000007 6.6500000000000012
decision_type=2 2 2 2 2 2 2 2 2 2 2 2 2 2 2 2 2 2 2 2 2 2 2 2 2 2 2 2 2 2
left_child=16 5 -3 4 -4 6 24 23 9 13 11 -10 -11 -7 -9 22 17 18 21 20 -19 -1 -5 -8 26 -26 -2 -12 -17 -20
right_child=1 2 3 15 -6 8 7 14 10 12 27 -13 -14 -15 -16 28 -18 19 29 -21 -22 -23 -24 -25 25 -27 -28 -29 -30 -31
leaf_value=0.051414090235937016 -0.014859589964635593 -0.03480726779589869 -0.016976231609874288 0.0058000523299650769 0.054373602863676818 0.020794254809821399 -0.032017015681133944 0.0054864675392037035 0.020938125930895637 -0.019086296137949071 0.0062395794922886078 -0.030097982150651809 -0.061508513048764119 -0.046547914591096792 0.069387848536818106 -0.062673518183660321 -0.025260765208634003 0.055186067662464255 -0.024415357344562998 0.062059529662519847 -0.015974396229332329 0.0087225314766839878 0.036693582277623357 0.018786326222505974 -0.030177519406285238 0.012180951669779685 -0.00027591633167504606 -0.0088403637682029513 -0.0057519951888419458 0.0030963087784115738
leaf_weight=1.1343347635120102 11.282060556230133 0.97639006306417542 0.74801691947505178 13.021535839536226 1.6747437355807049 1.6734845242463081 0.71106355171650582 0.44122578296810377 0.85279883095063524 1.8991079961415382 12.741745018400254 4.5501460363157094 1.6627876650309188 0.41228876821696747 1.1414402388036249 0.3562682766932983 0.82794385415036309 0.67358547449112049 1.1935822116211054 0.87889160867780436 0.96152220293879509 1.3860688204877076 1.2193755630869407 0.94597857794724405 2.0285946303047231 13.525137378834186 86.563067212759051 5.2394153997302046 0.6484955211635679 4.6413688017055392
leaf_count=26 596 24 17 310 35 47 13 14 94 59 209 284 66 14 18 11 30 10 37 17 23 22 31 14 35 194 3260 75 26 116
internal_value=0.000167455 -0.000496655 0.00743305 0.00976733 0.0323446 -0.0015116 -9.74951e-05 0.0236528 -0.00719296 -0.0217638 -0.00367384 -0.0220425 -0.0388901 0.00748292 0.051573 0.00617947 0.00949639 0.0121439 0.00665923 0.0303725 0.0133403 0.0279363 0.00844531 -0.00301421 -0.000776021 0.00665635 -0.00195749 0.00184553 -0.0259352 -0.00253141
internal_weight=176.012 164.315 18.6448 17.6684 2.42276 145.67 116.639 3.23971 29.0318 5.64767 23.3841 5.40294 3.5619 2.08577 1.58267 15.2457 11.6973 10.8694 8.35535 2.514 1.63511 2.5204 14.2409 1.65704 113.399 15.5537 97.8451 17.9812 1.00476 5.83495
internal_count=5727 5446 454 430 52 4992 4144 59 848 186 662 378 125 61 32 378 281 251 201 50 33 48 341 27 4085 229 3856 284 37 153
is_linear=0
shrinkage=0.05


Tree=89
num_leaves=31
num_cat=0
split_feature=6 1 6 0 0 6 1 0 5 3 5 5 5 6 3 6 6 1 5 0 5 6 6 1 1 5 0 5 0 0
split_gain=0.454381 0.373814 0.666105 0.30721 0.737486 0.487517 0.28356 0.275515 1.06745 0.714248 0.934539 0.947114 0.74889 0.558857 0.475869 0.459109 0.426548 0.80139 0.676786 0.370552 0.356549 0.558117 0.333856 0.733336 0.650227 0.21976 0.482072 0.688445 0.164996 0.148087
threshold=23.500000000000004 6.6500000000000012 20.500000000000004 0.72917500000000002 0.6775000000000001 17.500000000000004 7.6500000000000012 0.96250000000000013 0.48331479421579543 2.5000000000000004 0.44636015325670503 0.44201680672268912 0.32993197278911568 67.000000000000014 2.5000000000000004 68.500000000000014 34.500000000000007 8.0500000000000025 0.41144200626959254 0.9125000000000002 0.49305555555555564 41.500000000000007 40.500000000000007 6.2500000000000009 6.6500000000000012 0.40877080665813065 0.81667500000000015 0.49305555555555564 0.59375000000000011 0.69000000000000006
decision_type=2 2 2 2 2 2 2 2 2 2 2 2 2 2 2 2 2 2 2 2 2 2 2 2 2 2 2 2 2 2
left_child=1 2 -1 4 5 -3 -7 9 13 10 11 12 -2 16 -15 -16 17 -9 -18 22 29 -22 24 -24 -11 -5 -27 -28 -4 -12
right_child=7 3 28 25 -6 6 -8 8 -10 19 20 -13 -14 14 15 -17 18 -19 -20 -21 21 -23 23 -25 -26 26 27 -29 -30 -31
leaf_value=0.026320223110459569 -0.029840490823099239 -0.045086409709198604 -0.06115841039228409 0.042922812666103122 -0.058538134824932281 0.025456925722692841 0.0018876315300650256 0.0016139322945934341 0.054455108125091946 0.0093295341961538349 -0.037126914290217451 0.071187521773991555 -4.348095056385509e-05 0.061706425198468112 0.042026205489239132 -0.0063561775709508276 0.0010009663485675397 0.060611567178461723 -0.025821142563970313 -0.027338967474792655 0.0090158566429980255 -0.049955594839918432 -0.013804797729731637 0.0034134954436311985 -0.0063731842771518419 0.038659788804567788 -0.03566296990949764 0.032379649512621865 -0.020824454059327528 -0.071165434275791459
leaf_weight=0.71339696575887401 2.8891198390629107 0.35997508931904842 0.40492396615445592 1.1381850913167002 0.40721873939037312 2.9010177787858993 2.2783329291269183 2.4234342742711408 1.0346453990787257 8.1500890062889066 0.5598122117808082 0.39047018846031356 7.8062720021698624 0.62636625487357322 0.79010133817791972 1.2922935783863065 11.177066133357583 0.75488543696701516 2.9785644658841184 1.2300236281007517 0.77877385308966018 0.82758690000628121 6.7154605719260863 78.125343641149811 34.497458341298625 1.3399968519806864 0.76693854853510834 0.72143997810781002 0.6782772873993963 0.74446499580517411
leaf_count=16 143 6 17 14 7 92 65 30 19 251 75 16 325 9 16 21 149 10 49 19 45 94 330 2948 870 19 11 15 19 27
internal_value=0.000274924 0.00979001 -0.0111948 0.0135932 0.00640436 0.0111786 0.0150891 -0.000405321 0.00493076 -0.0011934 -0.0119202 -0.00530005 -0.00809247 0.00237422 0.0234948 0.012001 -0.000926276 0.0156265 -0.00464282 -2.69951e-05 -0.0371347 -0.0213659 0.000236514 0.0020506 -0.00337234 0.0243704 0.0169046 -0.00268167 -0.0359022 -0.0565557
internal_weight=175.502 11.7097 1.7966 9.91311 5.94654 5.53933 5.17935 163.792 21.0774 142.715 13.9965 11.0859 10.6954 20.0427 2.70876 2.08239 17.334 3.17832 14.1556 128.718 2.91064 1.60636 127.488 84.8408 42.6475 3.96656 2.82838 1.48838 1.0832 1.30428
internal_count=5727 281 52 229 170 163 157 5446 303 5143 725 484 468 284 46 37 238 40 198 4418 241 139 4399 3278 1121 59 45 26 36 102
is_linear=0
shrinkage=0.05


Tree=90
num_leaves=31
num_cat=0
split_feature=1 6 6 6 1 5 0 1 6 6 6 3 0 0 6 6 0 3 6 0 1 0 5 5 1 6 5 6 5 1
split_gain=0.952541 1.54516 1.41881 0.88366 0.89992 1.66646 0.713934 0.653025 0.887111 0.743073 0.693797 0.82948 0.721624 0.612021 1.0083 0.855763 1.30438 0.568361 0.542846 0.510006 0.79632 0.720837 0.555755 0.833786 0.746014 0.487843 0.625494 0.481253 0.524293 0.403006
threshold=7.8500000000000005 67.000000000000014 65.500000000000014 67.000000000000014 6.0500000000000007 0.37590579710144933 0.62250000000000016 8.3500000000000032 68.500000000000014 71.500000000000014 72.500000000000014 3.5000000000000004 0.88750000000000007 0.88750000000000007 71.500000000000014 70.500000000000014 0.78167500000000012 2.5000000000000004 61.500000000000007 0.56832500000000008 5.9500000000000011 0.57750000000000001 0.45867486338797819 0.53589743589743599 6.7500000000000009 21.500000000000004 0.52052545155993446 20.500000000000004 0.57021857923497277 7.6500000000000012
decision_type=2 2 2 2 2 2 2 2 2 2 2 2 2 2 2 2 2 2 2 2 2 2 2 2 2 2 2 2 2 2
left_child=3 2 18 19 5 -5 -4 10 -9 17 11 12 -3 15 -15 29 -17 -10 25 20 -1 -21 24 -24 -22 -2 -27 -23 -29 -6
right_child=1 7 6 4 13 -7 -8 8 9 -11 -12 -13 -14 14 -16 16 -18 -19 -20 21 22 27 23 -25 -26 26 -28 28 -30 -31
leaf_value=-0.036630970284255548 -0.026940504970170778 -0.0071604142436318798 -0.0087703369870650652 0.050972089786353737 -0.033880006725121953 -0.036732533484270767 -0.078709913742367701 0.053658541817317634 0.0055885182519663842 0.029958193781566535 -0.026499052199371344 0.049036574631569817 0.061875535212030965 -0.022973657209899547 -0.091957421411828402 -0.01036080224914728 0.050061204902938299 -0.051513735573537181 0.02862666409238936 -0.065505859375980621 0.016168456475790498 -0.041384243387492331 0.02389184015265778 -0.0039264082547420514 -0.0058841919108228551 0.0048135905655178153 -0.015169639877004799 -0.0035839895460903202 0.016302582673911697 0.010609149199373537
leaf_weight=1.1572258646192519 1.4583020070567716 1.5202560337493181 0.6638236476574082 1.3601581703405856 4.2628149747615662 0.89999330230057228 0.81024788646027446 0.7264085070928562 0.7616629900876436 0.8405976598151027 0.47357145452406246 4.1708727944642305 0.50402873009443272 2.6455321472603823 0.66231943294405926 5.8665471420390531 1.0536328968591986 1.0184665775159372 1.9254590760101553 0.46512848301790555 5.334926530485979 0.8105698530562212 7.6731302801053953 4.1506863439572044 13.640341742022427 34.126760211540386 4.4234785836888468 70.307042676955462 3.4782902227016157 0.57805641635786731
leaf_count=109 28 78 46 20 284 64 17 22 14 18 18 84 6 70 12 336 29 24 62 19 303 16 309 209 840 776 136 1653 103 48
internal_value=-0.000499292 0.00508452 0.000999935 -0.00289831 -0.0133729 0.0160481 -0.0472138 0.0227868 0.00476597 -0.00878598 0.0318318 0.0362907 0.0100289 -0.0177857 -0.036786 -0.0124417 -0.00116124 -0.0270814 0.00269475 -0.00120219 0.00408785 -0.00345436 0.0056178 0.0141264 0.000315945 0.00144675 0.0025206 -0.00306745 -0.00264652 -0.0285675
internal_weight=177.77 53.4239 43.4081 124.346 17.3291 2.26015 1.47407 10.0159 3.34714 2.62073 6.66873 6.19516 2.02428 15.0689 3.30785 11.7611 6.92018 1.78013 41.934 107.017 31.9563 75.061 30.7991 11.8238 18.9753 40.0085 38.5502 74.5959 73.7853 4.84087
internal_count=5753 1329 1065 4424 863 84 63 264 78 56 186 168 84 779 82 697 365 38 1002 3561 1770 1791 1661 518 1143 940 912 1772 1756 332
is_linear=0
shrinkage=0.05


Tree=91
num_leaves=31
num_cat=0
split_feature=1 3 5 5 5 0 5 2 0 2 2 0 5 1 1 2 2 0 1 5 3 5 5 2 2 2 2 2 3 5
split_gain=0.636231 0.858505 1.1082 1.38543 1.04528 1.48778 0.979317 1.55816 0.889311 0.824836 0.870463 0.867763 0.785095 1.27408 1.26019 0.897096 0.752885 0.693432 0.664353 1.41888 0.943658 0.614253 1.34957 0.610176 0.954098 0.84089 0.607002 0.602892 0.537737 1.23789
threshold=7.8500000000000005 3.5000000000000004 0.37590579710144933 0.38548951048951058 0.36491677336747769 0.86250000000000016 0.44636015325670503 2.8037836452294558 0.55832500000000007 2.6392708554440598 3.3643075840091208 0.56832500000000008 0.38548951048951058 6.1500000000000012 7.1500000000000012 4.6981319499382073 3.4974003497794723 0.96250000000000013 6.9500000000000011 0.18898809523809526 4.5000000000000009 0.47987117552334951 0.50423728813559332 2.831063924436251 3.2076530324835146 2.7741811991874781 3.220832220387837 3.3932659910160905 3.5000000000000004 0.58657047724750289
decision_type=2 2 2 2 2 2 2 2 2 2 2 2 2 2 2 2 2 2 2 2 2 2 2 2 2 2 2 2 2 2
left_child=9 6 4 -4 5 26 -2 8 -8 18 11 23 14 16 15 -12 -14 -16 19 -1 -20 -9 -23 25 -25 -11 -3 -15 29 -13
right_child=1 2 3 -5 -6 -7 7 21 -10 10 12 28 13 27 17 -17 -18 -19 20 -21 -22 22 -24 24 -26 -27 -28 -29 -30 -31
leaf_value=0.051891306845758017 0.0017649027960804085 0.0020002067749275718 0.057007290111578672 0.011444092923502604 -0.060379992852795328 0.049174422414660211 -0.042015393492174417 -0.074968881221621098 0.042788243567685291 -0.00041716919741309152 0.0082021545685205064 -0.028829593816936495 0.061358530734841647 0.04542235056269868 -0.036143459427945654 -0.024038713474872037 -0.047492278014661382 0.013367305453027606 0.01005565954487902 -0.015419126396143765 0.054399236434471504 0.04031751140381587 -0.056357293792909692 -0.012321163916285415 0.016725922877709267 0.033801120628200919 -0.030182559579881797 0.0077269374440766432 -0.0090741708654671991 0.052742907465030422
leaf_weight=0.95888931490480711 17.571123343543153 3.7411373795475829 1.8090207090135688 21.459930684592109 0.80796142574399699 1.2529365457594392 0.44333274615928431 1.1299806550377982 1.0213806005776858 5.1429019082861513 10.424178911256606 7.3058543987572184 0.17790456581861036 1.1062238551676298 4.2123378894757471 2.720697129610925 1.4836902763927353 0.84989072009921063 4.9175557253765874 4.2664541932172142 1.5869248052476903 0.51426032604649652 1.2113282171194439 12.040437851333989 3.6944456098717628 2.7583580579375848 2.4083381895907223 25.789134745602496 33.800638466724195 0.49670789204537857
leaf_count=8 503 67 40 409 14 11 44 38 35 364 254 237 3 17 155 65 99 11 158 168 36 26 72 763 208 163 70 579 1125 11
internal_value=-0.000437591 0.00412545 0.00941373 0.0149864 -0.00637962 -0.000485562 -0.00347896 -0.0248064 0.0171203 -0.0024058 -0.00372692 -0.00745882 0.00147937 0.00665234 -0.00663417 0.00152901 -0.0358378 -0.0278312 0.010209 -0.00306716 0.0208743 -0.0463119 -0.0275462 0.000191695 -0.0055011 0.0115286 -0.0106036 0.00927737 -0.0118053 -0.0236367
internal_weight=177.104 53.3707 31.4793 23.269 8.21037 7.40241 21.8914 4.32028 1.46471 123.733 112.003 65.2393 46.7641 28.557 18.2071 13.1449 1.66159 5.06223 11.7298 5.22534 6.50448 2.85557 1.72559 23.6361 15.7349 7.90126 6.14948 26.8954 41.6032 7.80256
internal_count=5753 1329 611 449 162 148 718 215 79 4424 4054 2871 1183 698 485 319 102 166 370 176 194 136 98 1498 971 527 137 596 1373 248
is_linear=0
shrinkage=0.05


Tree=92
num_leaves=31
num_cat=0
split_feature=1 6 6 2 3 5 6 2 2 2 5 2 6 2 5 6 5 5 2 3 6 6 2 6 2 5 6 1 6 6
split_gain=0.555312 1.26003 1.24112 0.97415 0.837604 0.928001 0.789398 1.26503 1.70924 1.84551 1.52024 1.21685 0.78683 1.08022 0.805774 0.690394 0.63629 0.63176 0.820706 0.736219 0.576014 0.567879 0.635656 0.845239 0.815044 0.51356 0.497425 0.851358 0.602416 0.483715
threshold=7.8500000000000005 67.000000000000014 65.500000000000014 2.6392708554440598 3.5000000000000004 0.37590579710144933 51.500000000000007 3.5838188022235569 3.4694401823203798 3.3643075840091208 0.40761518262115071 5.8091117636764453 49.500000000000007 3.2076530324835146 0.43929824561403513 32.500000000000007 0.40192307692307699 0.32993197278911568 3.5745752524493564 4.5000000000000009 67.000000000000014 21.500000000000004 2.6949564733353122 32.500000000000007 3.2294790785070626 0.54320337197049529 44.500000000000007 6.9500000000000011 47.500000000000007 68.500000000000014
decision_type=2 2 2 2 2 2 2 2 2 2 2 2 2 2 2 2 2 2 2 2 2 2 2 2 2 2 2 2 2 2
left_child=3 2 21 15 25 -6 12 8 9 -8 16 -12 17 14 -14 -1 -9 18 -5 -19 -10 -2 23 -23 -24 -3 27 -17 -28 -7
right_child=1 4 -4 6 5 29 7 10 20 -11 11 -13 13 -15 -16 26 -18 19 -20 -21 -22 22 24 -25 -26 -27 28 -29 -30 -31
leaf_value=0.033730804201094554 -0.028750825005489346 0.00692228964748822 -0.044928222601283062 -0.0045749567132571303 -0.025713043188559048 0.068462567107128378 -0.014676195416001667 0.011954528518185863 -0.029399505381496362 0.019552003765852394 -0.011404911420721704 -0.11555638492073564 0.016554388732943681 0.039321635175722812 -0.064690655179884357 -0.054039402526964125 0.054602248729365144 0.0080649817280251685 -0.034713561587970169 -0.004732684183176579 -0.066796632619069082 -0.043992018420313583 0.011486204878828253 5.0939394940449052e-05 -0.0041589271396219414 -0.059331959974017849 0.048211254060777815 0.0081210966089619828 0.0057302695843670102 0.030787159981919211
leaf_weight=2.6966497631510711 1.4573210459202517 3.2702428100164966 1.4640068176668126 11.405297159915788 0.63877340545877803 1.0512258221278896 24.570534041034993 7.9646795578300935 3.0837953999289303 4.6897738182451567 4.8963619052083223 0.29748275317251671 0.74733396945521169 2.72272054979112 0.51582546858116984 0.87242953665554379 0.9824722260236739 22.063142652390525 2.8166569886961943 22.904242370044813 1.5458025041152721 1.5690132838208217 21.491647043760167 3.5633203861652873 13.587630682217421 0.32121422776253883 0.97438346734270442 1.494332388276234 5.8148427619016729 4.4941870644688606
leaf_count=61 28 105 63 348 18 18 1507 192 86 87 159 3 29 55 31 33 21 637 88 752 59 25 526 82 341 35 23 36 217 88
internal_value=-0.000289648 0.00399402 0.000320649 -0.00213139 0.020202 0.0313555 -0.00358374 -0.00841507 -0.0136567 -0.00919018 0.00414685 -0.0173703 8.94299e-05 0.0215923 -0.0166229 0.0114951 0.0166376 -0.0013586 -0.0105439 0.00154646 -0.0418862 0.00191043 0.00302164 -0.0134135 0.00542621 0.000996615 0.00494615 -0.0147923 0.0118271 0.0379292
internal_weight=175.967 52.9086 43.1329 123.059 9.77564 6.18419 111.206 48.0309 33.8899 29.2603 14.141 5.19384 63.1752 3.98588 1.26316 11.8526 8.94715 59.1893 14.222 44.9674 4.6296 41.6689 40.2116 5.13233 35.0793 3.59146 9.15599 2.36676 6.78923 5.54541
internal_count=5753 1329 1065 4424 264 124 4054 2114 1739 1594 375 162 1940 115 60 370 213 1825 436 1389 145 1002 974 107 867 140 309 69 240 106
is_linear=0
shrinkage=0.05


Tree=93
num_leaves=29
num_cat=0
split_feature=6 1 3 6 1 6 6 6 5 5 0 5 5 6 0 5 1 1 3 1 0 1 0 3 5 0 0 6
split_gain=0.42706 0.448642 0.932188 0.696969 0.732001 0.652991 0.848965 0.847083 0.653229 0.644849 0.812709 0.694352 0.479741 0.467571 0.416301 0.412639 0.721481 0.490006 0.383754 0.378076 1.16914 0.627926 0.301499 0.187789 0.500368 0.185447 0.123252 0.0148461
threshold=18.500000000000004 7.8500000000000005 3.5000000000000004 51.500000000000007 4.2500000000000009 67.000000000000014 65.500000000000014 68.500000000000014 0.40462577962577967 0.44636015325670503 0.96250000000000013 0.47987117552334951 0.18263888888888893 49.500000000000007 0.62250000000000016 0.32993197278911568 5.3500000000000005 5.3500000000000005 1.0000000180025095e-35 7.5500000000000007 0.88750000000000007 7.4500000000000011 0.47250000000000003 4.5000000000000009 0.41833333333333339 0.54500000000000015 0.66457500000000003 67.000000000000014
decision_type=2 2 2 2 2 2 2 2 2 2 2 2 2 2 2 2 2 2 2 2 2 2 2 2 2 2 2 2
left_child=26 3 9 13 -5 6 22 -7 -9 12 11 -11 27 15 -8 16 -2 -17 -14 21 -21 -6 -4 24 -15 -25 -1 -3
right_child=1 2 5 4 19 7 14 8 -10 10 -12 -13 18 23 -16 17 -18 -19 -20 20 -22 -23 -24 25 -26 -27 -28 -29
leaf_value=-0.0095846804378015502 0.02473054319332002 -0.063631410304587466 -0.020627219064007243 0.057901585372028046 -0.0062627844227503048 0.065997489219260533 -0.0053185774832545272 -0.013512631822843894 0.026475301106552995 -0.057145680887312533 0.066424436727710631 -0.012191894744450328 0.019899982551951127 0.043334264741698492 -0.067544498157139046 -0.044278302199015289 -0.0098078726496174211 0.0034634385596800637 -0.0016835533422692086 -0.0056734126346377391 -0.04926030003845816 0.017846823255383878 0.0089581992045404454 -0.0014607842834791691 -0.018101774089997903 0.032853719172347501 -0.040514082257369091 -0.044571743261769971
leaf_weight=0.53349312674254068 1.6859421255067015 0.16421274421737209 0.8957739959005363 0.44456275552511115 40.864741566299926 1.0041833274299268 0.51803137618116923 1.3900369333568958 3.8498289115959778 1.3182259967434213 0.24329018965363491 2.465697311796248 2.4078241445822668 0.51514587970450409 0.55864067003130913 0.54350286349654098 14.657842021901159 48.327017087256536 14.233322530286385 6.3254023164045048 2.0329544967971742 2.8917596902465439 22.268101695459336 0.48579268925823305 0.92929131013806909 2.0777650051750243 0.81287849880754948 0.27041727409232408
leaf_count=16 24 13 99 6 1755 19 25 36 69 62 3 150 57 13 7 24 450 1477 413 397 38 113 351 17 40 50 11 18
internal_value=-0.000207219 1.06245e-05 0.00391861 -0.00164482 -0.00598576 0.00951078 0.00579675 0.0239293 0.0158673 -0.00415965 -0.0221573 -0.0278527 8.49767e-05 0.00165118 -0.037605 0.000632442 -0.00624506 0.00293249 0.00143939 -0.00653075 -0.0162748 -0.00466944 0.0078141 0.0182271 0.00380885 0.0263511 -0.0282585 -0.0517729
internal_weight=174.716 173.369 51.5876 121.782 52.5594 30.4846 24.2405 6.24405 5.23987 21.103 4.02721 3.78392 17.0758 69.2223 1.07667 65.2143 16.3438 48.8705 16.6411 52.1149 8.35836 43.7565 23.1639 4.00799 1.44444 2.56356 1.34637 0.43463
internal_count=5753 5726 1322 4404 2309 606 482 124 105 716 215 212 501 2095 32 1975 474 1501 470 2303 435 1868 450 120 53 67 27 31
is_linear=0
shrinkage=0.05


Tree=94
num_leaves=30
num_cat=0
split_feature=6 2 5 5 1 6 2 1 5 2 1 5 2 5 6 2 2 5 1 6 1 5 6 2 6 5 2 2 2
split_gain=0.411544 0.375126 1.04728 1.58107 0.944084 0.897731 1.0362 0.891653 0.857934 0.801719 0.749662 0.778376 0.780804 0.745823 0.728279 0.711761 1.28706 0.577375 0.451834 0.858059 0.634614 0.44124 0.404412 0.311803 0.625528 0.163048 0.118671 0.0854864 0.0647809
threshold=18.500000000000004 3.5635952952329242 0.34384236453201977 0.28320802005012535 5.9500000000000011 56.000000000000007 3.6964859815791882 6.6500000000000012 0.50423728813559332 3.5042216710073544 7.5500000000000007 0.40877080665813065 3.5534682665703636 0.52440476190476204 40.500000000000007 3.4694401823203798 3.4475878423115245 0.48499103942652338 5.6500000000000012 46.500000000000007 6.5500000000000007 0.39415279556124633 24.500000000000004 4.8581672218850676 60.500000000000007 0.48331479421579543 3.4841737449602026 3.6598862654191655 3.049960005733658
decision_type=2 2 2 2 2 2 2 2 2 2 2 2 2 2 2 2 2 2 2 2 2 2 2 2 2 2 2 2 2
left_child=28 9 3 5 21 6 -3 -7 17 14 11 -11 -13 -10 15 16 -2 -6 19 -16 -20 -4 -12 24 -5 -24 -17 -23 -1
right_child=1 2 4 23 8 7 -8 -9 13 10 22 12 -14 -15 18 26 -18 -19 20 -21 -22 27 25 -25 -26 -27 -28 -29 -30
leaf_value=-0.016765263262465861 0.0042848647127488419 0.028943010614353656 0.0087032070431444751 -0.073362239408904822 0.013271016557924259 0.055959092410135206 -0.027800424166264215 -0.0093887595056799805 -0.058709121517336184 0.048842562759832134 0.0017750760629665248 0.0084891298853674163 -0.083340083651646524 -0.00035194913042992034 -0.076174351076955776 0.054554428582740205 -0.047083204906983582 0.050545546874982999 0.0096175430432881241 -0.0056012654931094745 -0.0045776117850602404 -0.077707494105745609 -0.062205411573923335 -0.010126781171196891 -0.014515906086712113 -0.025411631344385101 0.02655444774617512 -0.042897670961522499 -0.038725990891721407
leaf_weight=0.66610250994562992 47.171083061897662 1.1307381503283962 0.44450486125424749 1.319136651116424 21.567987838177949 1.2551197598222645 2.7889610163983889 0.89368652901612211 0.61347839550580729 0.56660609494429026 0.40032268874347243 0.64593600318767108 0.36077390285208821 5.0911007629474625 0.61489437054842655 0.55626937723718484 1.2517805318348099 1.0914744957117353 8.8722517583810241 1.4378482897009233 69.945094899914693 0.23998510476667434 1.3466147158760575 0.53095565363764752 0.68666780204512168 0.38781037461012591 1.183565179351717 0.66539858258329332 0.6772286188788712
leaf_count=12 1237 23 17 50 500 19 83 34 12 17 5 17 10 167 11 9 21 35 426 84 2759 12 47 18 19 16 25 53 15
internal_value=-0.000268432 -5.44417e-05 0.00431073 -0.0110493 0.00875904 0.00280752 -0.0114313 0.028781 0.0107033 -0.00129586 -0.0242229 0.00196464 -0.0244196 -0.00662776 -0.000647055 0.0040859 0.00295695 0.0150665 -0.00358285 -0.0267413 -0.0029797 -0.0320946 -0.0435232 -0.0441978 -0.0532168 -0.0539785 0.0355068 -0.0521245 -0.0278366
internal_weight=174.403 173.06 38.3192 8.60527 29.7139 6.06851 3.9197 2.14881 28.364 134.741 3.70806 1.57332 1.00671 5.70458 131.033 50.1627 48.4229 22.6595 80.8701 2.05274 78.8173 1.34989 2.13475 2.53676 2.0058 1.73443 1.73983 0.905384 1.34333
internal_count=5753 5726 1042 246 796 159 106 53 714 4684 112 44 27 179 4572 1292 1258 535 3280 95 3185 82 68 87 69 63 34 65 27
is_linear=0
shrinkage=0.05


Tree=95
num_leaves=31
num_cat=0
split_feature=0 2 2 2 2 5 6 5 0 2 2 2 1 2 2 1 5 5 5 0 6 0 6 2 1 6 1 2 5 6
split_gain=0.695355 1.11257 0.800166 1.80288 0.875618 1.02462 1.02757 0.582423 0.683885 2.11434 0.791178 0.566963 0.545935 1.50011 0.74062 0.463881 0.415249 0.548817 0.633528 0.381466 0.408674 0.48673 0.379968 0.77889 0.675266 0.566893 0.684515 0.43595 0.324699 0.301729
threshold=0.73667500000000008 2.5116186471417885 2.6153478486952397 2.5824491666626233 2.6690321316788999 0.49305555555555564 41.500000000000007 0.54897260273972615 0.78167500000000012 3.7972258460038955 4.589410143454125 2.6392708554440598 7.6500000000000012 3.220832220387837 3.2898160384859167 7.9500000000000011 0.26696832579185525 0.38006535947712422 0.40609253321117739 0.40625000000000006 25.500000000000004 0.72917500000000002 28.500000000000004 2.7440927505788149 6.2500000000000009 27.500000000000004 7.4500000000000011 2.8103057858889695 0.40609253321117739 23.500000000000004
decision_type=2 2 2 2 2 2 2 2 2 2 2 2 2 2 2 2 2 2 2 2 2 2 2 2 2 2 2 2 2 2
left_child=1 -1 3 16 5 6 -4 8 9 -6 -10 19 13 -9 -14 -8 -2 -18 -19 -3 29 -22 25 -24 -25 27 -27 -13 -5 -21
right_child=2 11 4 28 7 -7 15 12 10 -11 -12 22 14 -15 -16 -17 17 18 -20 20 21 -23 23 24 -26 26 -28 -29 -30 -31
leaf_value=-0.056040504639600731 0.018080051854807339 -0.035870664983129928 -0.064496214381674424 0.033097130071932615 0.020200040834592925 -0.077846434010208382 -0.0021589191889611866 -0.02787632424464604 -0.0040432511621100982 -0.049531360121793787 0.01783749164342301 0.01533175525794042 0.053862327680433808 0.040450359727889414 -0.0129817316404652 0.063348413611024154 -0.052796220042483258 0.034266691569710239 -0.034078433485871543 0.0080468415380640316 0.023289644084482086 -0.0079229233264364509 -0.023299012115076807 -0.024365636306594354 -0.0030897302757659124 -0.00559722924166553 0.076446404749318644 -0.004992157804098285 0.069722870970783807 -0.044085615489984888
leaf_weight=1.0031450010719698 1.4222723403945559 0.44579237815923889 0.57255321927368585 1.0979125592857601 9.5090282799210382 0.71882429078686971 1.0284871016629038 1.674710976192727 40.518158738617785 1.2273855586536218 4.6004026897717258 3.6101221325807247 1.6590400886489081 1.5438527269288895 0.55235681310296048 0.36657346691936243 0.70586785767227445 0.70832698978483655 0.65042558684945107 0.5892325802706162 5.4112985929241404 1.6238263101549817 5.7657382914039763 3.9387064377369816 70.179651114100125 0.46710791531950302 0.55786372255533934 9.8038819195935485 1.3482171306386588 0.52470310218632221
leaf_count=65 18 57 13 14 176 15 36 49 741 30 65 90 35 31 10 6 9 10 22 13 155 42 436 289 2971 21 11 302 15 10
internal_value=-0.00104502 -0.00363871 0.00281079 0.0203764 0.00118167 -0.0267581 -0.00809411 0.00240642 0.00088664 0.0122284 -0.00181224 -0.00312795 0.0180395 0.00489803 0.0371662 0.0150541 -0.00270896 -0.0170301 0.00155035 0.00916601 0.0116297 0.0160853 -0.00424819 -0.00559738 -0.00422035 0.00321624 0.0390569 0.000477634 0.0532839 -0.0165094
internal_weight=173.825 103.921 69.9044 5.93302 63.9714 2.68644 1.96761 61.2849 55.855 10.7364 45.1186 102.918 5.42996 3.21856 2.2114 1.39506 3.48689 2.06462 1.35875 8.59485 8.14906 7.03512 94.3231 79.8841 74.1184 14.439 1.02497 13.414 2.44613 1.11394
internal_count=5757 4462 1295 88 1207 70 55 1137 1012 206 806 4397 125 80 45 42 59 41 32 277 220 197 4120 3696 3260 424 32 392 29 23
is_linear=0
shrinkage=0.05


Tree=96
num_leaves=31
num_cat=0
split_feature=0 2 2 1 2 2 2 5 6 5 1 5 5 3 1 0 6 2 5 1 2 6 3 2 1 6 6 0 1 0
split_gain=0.558665 1.04254 0.634213 0.511272 0.428822 1.24614 0.729945 0.732117 0.980305 0.708507 0.708698 0.407227 0.375987 0.367959 0.428291 0.519887 0.48286 0.367176 0.812598 0.561643 0.346604 0.305967 0.879677 0.611353 0.291488 0.249563 0.101085 0.0926799 0.0764236 0.0493973
threshold=0.74500000000000011 2.5116186471417885 2.6392708554440598 3.9000000000000008 2.6153478486952397 2.5824491666626233 2.6690321316788999 0.49305555555555564 41.500000000000007 0.54897260273972615 6.6500000000000012 0.38006535947712422 0.1252535496957404 1.0000000180025095e-35 7.0500000000000007 0.6316750000000001 34.500000000000007 5.6574867333774366 0.38548951048951058 6.7500000000000009 2.436968623597993 28.500000000000004 3.5000000000000004 2.7440927505788149 6.4500000000000011 38.500000000000007 43.500000000000007 0.69000000000000006 6.4500000000000011 0.54500000000000015
decision_type=2 2 2 2 2 2 2 2 2 2 2 2 2 2 2 2 2 2 2 2 2 2 2 2 2 2 2 2 2 2
left_child=1 26 13 -2 5 12 7 8 -6 10 -8 -7 -5 25 15 -15 -16 21 29 -20 -14 22 -4 -23 -11 -3 -1 -27 -28 -19
right_child=3 2 17 4 6 11 9 -9 -10 24 -12 -13 20 14 16 -17 -18 18 19 -21 -22 23 -24 -25 -26 27 28 -29 -30 -31
leaf_value=-0.067596372839522287 -0.038558380569032144 0.024165356107299696 0.020287839772882257 0.062894160352599024 -0.069479340154589994 0.020577484927881001 0.014326880435257944 -0.071396762728156954 0.013104656370359425 -0.017126413149777035 -0.001260228961712156 0.063734047544916711 0.01617317532408721 0.015330970273952206 -0.00017941457662879785 -0.025264135234207247 0.031884196234381594 -0.027924416570269228 0.062881043893611835 0.0037232528656218119 -0.018654840453799098 -0.021463277897821324 -0.0060816072363268862 -0.0043765142453212943 0.023977563340135993 -0.039728697233892669 0.0065860869314653238 -0.098701046584218674 -0.04769096062415238 -0.065282739042868021
leaf_weight=0.61028051842003961 0.74541113525628944 0.11811023019254108 4.6298787975683799 0.20498907566070501 0.48958790488541071 0.95426659472286735 8.6980335335247201 0.62774096161592741 1.3507674671709535 0.47318096878006954 45.124903758987784 1.2795731713995335 1.0757076183799656 1.8382421239512026 1.7714554780395699 1.3813282063929362 3.4825282905367203 0.15056480024941166 0.78787313634529688 0.81753142364323139 2.126596158137545 5.6411801064386955 9.9805402021156606 72.695310279726982 4.8746649012900889 0.17302289162762463 0.088066616677679121 0.10834118467755616 0.24604636803269386 0.2146053109318018
leaf_count=27 6 5 115 1 13 12 174 15 42 15 810 17 16 62 37 46 102 13 13 13 42 436 311 3232 108 22 15 3 23 11
internal_value=-0.000904626 -0.00319609 -0.00272024 0.00262342 0.00307968 0.0162747 0.00187208 -0.0247695 -0.00886508 0.00298334 0.00125872 0.0452981 -0.00275324 0.0100631 0.0122739 -0.002086 0.0210735 -0.00391525 0.0174425 0.0327557 -0.00695553 -0.00436806 0.00227458 -0.00560697 0.0203407 -0.0368314 -0.0554927 -0.0624364 -0.0333844 -0.0498794
internal_weight=172.76 104.735 103.791 68.0254 67.28 5.64113 61.6389 2.4681 1.84036 59.1708 53.8229 2.23384 3.40729 8.87303 8.47355 3.21957 5.25398 94.9175 1.97057 1.6054 3.2023 92.9469 14.6104 78.3365 5.34785 0.399474 0.944394 0.281364 0.334113 0.36517
internal_count=5757 4486 4421 1271 1265 88 1177 70 55 1107 984 29 59 277 247 108 139 4144 50 26 58 4094 426 3668 123 30 65 25 38 24
is_linear=0
shrinkage=0.05


Tree=97
num_leaves=31
num_cat=0
split_feature=1 6 2 5 5 2 5 6 5 5 3 5 6 1 2 6 2 2 6 6 1 1 5 1 5 1 3 3 5 2
split_gain=0.323229 0.535408 0.833128 0.607785 0.563017 0.467729 0.362832 0.330481 0.303722 0.381139 0.29287 0.640928 0.561154 0.499281 0.374752 0.826473 0.688107 0.362376 0.347037 0.292574 0.243051 0.245487 2.10606 0.46292 0.20434 0.285866 0.178485 0.163683 0.0471027 0.0663603
threshold=8.4500000000000011 58.500000000000007 3.9372024996980168 0.39545896066051484 0.34580419580419586 3.5635952952329242 0.28320802005012535 69.500000000000014 0.44365079365079368 0.52052545155993446 1.5000000000000002 0.27254641909814331 22.500000000000004 8.0500000000000025 2.6153478486952397 68.500000000000014 2.591775185283987 2.5296351104100774 41.500000000000007 43.500000000000007 3.9000000000000008 8.3500000000000032 0.38006535947712422 7.8500000000000005 0.54320337197049529 7.1500000000000012 2.5000000000000004 1.0000000180025095e-35 0.37590579710144933 3.4162823587507689
decision_type=2 2 2 2 2 2 2 2 2 2 2 2 2 2 2 2 2 2 2 2 2 2 2 2 2 2 2 2 2 2
left_child=10 2 3 4 6 -6 -2 28 -5 -10 11 -1 -13 27 15 16 17 -12 -18 -15 -16 23 -23 -22 25 -17 -9 -14 -3 -30
right_child=1 7 -4 8 5 -7 -8 26 9 -11 14 12 13 19 20 24 18 -19 -20 -21 21 22 -24 -25 -26 -27 -28 -29 29 -31
leaf_value=-0.058971103115056836 0.020840263189716577 0.032563967278015075 -0.073559156867578468 -0.053469238550272462 0.014993264936998256 0.076634427118602008 -0.040296266231412727 -0.013408172232225105 0.026788782097583341 -0.04512051223460789 -0.0088916654791794652 0.046894114112959212 0.012419576359594391 -0.0089352329422508828 -0.030875153383704564 -0.048730776516631248 0.011003189001392057 0.013408203100530664 0.05861447605542424 -0.045061132292439049 -0.0025816543558362533 -0.044511019616726238 0.010686840484630304 0.0041250442730724054 -0.068819522389219775 0.017960867176781574 0.028956132588489499 -0.0099913077831400212 0.040238659814020104 0.06810864815919225
leaf_weight=0.64508135139476408 0.55374187789857421 0.38530567800626181 0.35798548255115736 0.46510976104764246 0.63770247530192115 0.594777827616781 0.43202914390712976 0.48285731184296299 0.45647053560242057 0.30901282490231097 2.6539437588653474 0.45445612398907531 1.6905980958836153 1.0128553620888854 0.70363005995750327 0.37343134684488255 0.5960569931194194 5.8099877749336883 1.0694107273593543 1.2547625670558771 105.82523177124676 2.7913995259441426 4.5365885210921988 33.994406249374151 0.31916778197046369 0.2820312287658453 0.51251636003144085 1.5726790575427003 0.44494757964275777 0.41076622379478067
leaf_count=39 14 14 11 29 11 13 13 9 12 17 85 15 90 39 6 15 14 115 14 63 3961 63 108 814 8 9 11 119 12 14
internal_value=-0.000908391 0.0104497 -0.000957237 0.00657875 0.0222124 0.0447404 -0.00595375 0.0298669 -0.0216023 -0.0022398 -0.00132292 -0.0116188 -0.00651531 -0.0109038 -0.000893451 0.00796539 0.0121967 0.00641587 0.0415748 -0.0289251 -0.00155877 -0.00141859 -0.0103393 -0.000951052 -0.0360106 -0.0200348 0.00840514 0.00161904 0.0470806 0.053617
internal_weight=171.629 6.04322 3.80683 3.44884 2.21825 1.23248 0.985771 2.23639 1.23059 0.765483 165.586 6.63043 5.98535 5.5309 158.955 11.104 10.1294 8.46393 1.66547 2.26762 147.851 147.148 7.32799 139.82 0.97463 0.655463 0.995374 3.26328 1.24102 0.855714
internal_count=5757 180 120 109 51 24 27 60 58 29 5577 365 326 311 5212 260 228 200 28 102 4952 4946 171 4775 32 24 20 209 40 26
is_linear=0
shrinkage=0.05


Tree=98
num_leaves=31
num_cat=0
split_feature=0 2 0 3 6 1 1 6 2 2 1 4 0 1 4 0 2 6 3 2 1 2 2 2 6 2 2 1 6 1
split_gain=0.535055 0.69222 0.525016 0.616507 2.44447 1.19415 1.22385 1.07855 0.665244 0.489882 0.555854 0.690953 0.486712 0.438864 0.417806 0.870148 0.796254 0.674685 1.23095 0.78482 0.642294 0.471123 0.460318 0.527096 0.412539 0.400615 0.38456 0.233985 0.0666031 0.0812696
threshold=0.74500000000000011 2.5116186471417885 0.69000000000000006 3.5000000000000004 33.500000000000007 8.1500000000000004 7.5500000000000007 60.500000000000007 2.827372285901038 5.6574867333774366 7.1500000000000012 1.0000000180025095e-35 0.71125000000000005 3.9000000000000008 1.0000000180025095e-35 0.76500000000000012 2.7717758900264529 39.500000000000007 3.5000000000000004 2.7478443874442866 5.1500000000000012 2.7142301822081882 2.6225977269441549 2.6899880530998783 48.500000000000007 3.4865948718212101 2.8161569419805268 6.7500000000000009 43.500000000000007 6.4500000000000011
decision_type=2 2 2 2 2 2 2 2 2 2 2 2 2 2 2 2 2 2 2 2 2 2 2 2 2 2 2 2 2 2
left_child=1 28 9 4 8 6 -5 -7 -4 10 11 -3 -6 -2 15 16 21 19 -19 -17 -16 -15 -22 -24 -11 -12 -18 -26 -1 -30
right_child=13 2 3 5 12 7 -8 -9 -10 24 25 -13 -14 14 20 17 26 18 -20 -21 22 -23 23 -25 27 -27 -28 -29 29 -31
leaf_value=-0.059319893455699962 -0.034979476403414998 0.0003927899537786755 0.070806317846015862 -0.0019069726765803823 -0.013179923572677443 0.00067096880320708448 -0.036047544480592671 0.064360465255832999 -4.5351076129430451e-05 -0.020449771891402378 0.003703157841174374 -0.015389774811449503 -0.051148238335500779 0.011984137124982107 0.044486541531928853 0.017576196614943754 0.071729087422488194 -0.005297261430991288 0.019245095379942651 -0.020485782154019295 0.023570362646016724 -0.034138882792157828 -0.049411046331702783 -0.0029504967615707738 0.066170514236869329 -0.0073528185898742689 0.027714775578759371 0.019627187344000097 0.0099530504479654683 -0.046185656978363951
leaf_weight=0.52574367914348741 0.77511303126811881 14.273470018641092 0.67114473972469813 9.8720929764676857 1.1311396048404274 1.7568507213145488 3.5757848916109642 1.0693224258720873 0.65426784753799438 0.33400103612802823 41.197170338331489 13.487915506237186 3.3256159040611237 2.0020755622535931 0.74504406703636306 1.8123265097383434 0.55399914924055327 10.231846457463689 10.204715968808159 5.3593186363577843 1.6031190138310218 0.76528634596616019 0.62402105983346956 28.101157596800476 0.54551959689706542 10.227725517936049 4.7622889508493245 0.53471244499087334 0.089827663265168667 0.22835336346179247
leaf_count=27 6 664 11 337 29 20 86 12 13 15 1828 877 85 40 12 34 9 223 194 97 19 20 19 532 11 418 66 15 15 23
internal_value=-0.00103492 -0.00329398 -0.00292324 -0.00975867 -0.0237828 -0.0047759 -0.0109849 0.0247688 0.0358316 -0.00105273 -0.00157366 -0.0072752 -0.0415118 0.00242694 0.00286121 0.00655177 0.0209795 0.00232735 0.00695763 -0.0108672 -0.00137788 -0.000770724 -0.00250459 -0.0039598 0.0281156 0.00150427 0.0323014 0.0431317 -0.0483925 -0.0303368
internal_weight=171.041 103.501 102.657 22.0562 5.78217 16.2741 13.4479 2.82617 1.32541 80.6005 79.1863 27.7614 4.45676 67.5403 66.7652 35.6919 8.08365 27.6082 20.4366 7.17165 31.0733 2.76736 30.3283 28.7252 1.41423 51.4249 5.31629 1.08023 0.843925 0.318181
internal_count=5757 4486 4421 593 138 455 423 32 24 3828 3787 1541 114 1271 1265 683 135 548 417 131 582 60 570 551 41 2246 75 26 65 38
is_linear=0
shrinkage=0.05


Tree=99
num_leaves=31
num_cat=0
split_feature=0 2 1 4 5 0 5 1 0 2 1 1 6 1 2 1 5 5 4 5 1 2 2 1 2 2 6 6 6 6
split_gain=0.386651 0.647935 0.335675 0.778722 0.915879 0.565921 0.367243 1.95229 0.685636 0.448347 0.659253 0.56207 0.36068 0.263669 0.56357 0.412009 1.07077 0.952279 1.03163 0.646591 0.877519 1.63598 0.857502 0.758924 0.514576 0.499976 0.375004 1.16458 1.30762 0.570011
threshold=0.73667500000000008 2.5116186471417885 6.3500000000000005 1.0000000180025095e-35 0.38006535947712422 0.54500000000000015 0.29337431693989074 7.6500000000000012 0.72917500000000002 5.6574867333774366 6.7500000000000009 7.1500000000000012 22.500000000000004 8.1500000000000004 2.7142301822081882 7.9500000000000011 0.53137254901960795 0.43570116350275573 1.0000000180025095e-35 0.52440476190476204 7.6500000000000012 3.1635937962205944 2.9770528305392205 6.3500000000000005 2.8005987924319804 3.1990806349003873 48.500000000000007 42.500000000000007 39.500000000000007 54.500000000000007
decision_type=2 2 2 2 2 2 2 2 2 2 2 2 2 2 2 2 2 2 2 2 2 2 2 2 2 2 2 2 2 2
left_child=1 -1 3 4 5 -3 7 8 -4 11 -11 -8 -6 15 -15 19 17 18 -17 22 21 -21 24 -24 -2 -22 27 28 -16 -28
right_child=13 2 6 -5 12 -7 9 -9 -10 10 -12 -13 -14 14 26 16 -18 -19 -20 20 25 -23 23 -25 -26 -27 29 -29 -30 -31
leaf_value=-0.047626680062676431 0.0036593332482675427 0.04090699336302054 0.012014204484148115 -0.032246731336857869 0.038120484877853383 -0.0035712982585013146 -0.0078419613516997177 -0.040121222176997887 -0.023263470339468212 0.055541896043241057 -0.0058248154004154088 0.0015239420186339242 -0.037322131754040859 0.053189796324261511 0.017635839112931886 -0.0012631044133293338 -0.056708708721715496 0.029696798960967927 -0.055106105461406499 -0.024701073189222843 0.065284857857186171 0.032216391355386849 0.012730956316826664 -0.0086904760241896997 0.023887835442142638 0.0084564587109231242 -0.041011566737961469 0.053615864171451803 -0.052513689181166057 0.0043819211182447469
leaf_weight=0.80084882653318246 10.107373561244456 1.3647956817876541 6.0881873808102664 3.0269358667283086 0.1775760045275091 1.5024267300032077 22.040259636938572 3.6715901271672919 1.780002685729414 0.86632190132513531 0.88446456007659435 58.633813043823466 1.4691520910710094 0.68632593750953574 2.707697604782878 3.9094941755756727 1.0585571376141159 1.7042720210738478 1.1516904924064872 2.3331672202330074 1.2003289664862675 2.751150876050815 5.0168466682080206 23.513485016534105 4.563220157288014 0.57123564928770054 0.85164748318493355 1.4428785257041452 0.88028446212410916 3.6793032670393586
leaf_count=65 245 46 332 264 6 41 1095 230 60 15 23 2151 134 11 46 54 16 30 15 77 26 53 79 411 116 8 17 18 11 62
internal_value=-0.00088575 -0.00282916 -0.00247572 -0.0126255 0.000532011 0.0176003 -0.00166118 -0.0100152 0.00403342 -0.000491587 0.0245406 -0.00103483 -0.0291867 0.00203259 0.00942486 0.00072374 -0.00994646 -0.00262981 -0.0135153 0.00239152 0.0166564 0.00609726 0.000127719 -0.00492368 0.00995132 0.0469607 0.00628351 0.0156806 0.000425179 -0.00415034
internal_weight=170.435 102.306 101.506 7.54089 4.51395 2.86722 93.9646 11.5398 7.86819 82.4249 1.75079 80.6741 1.64673 68.129 10.2481 57.8808 7.82401 6.76546 5.06118 50.0568 6.85588 5.08432 43.2009 28.5303 14.6706 1.77156 9.56181 5.03086 3.58798 4.53095
internal_count=5757 4462 4397 491 227 87 3906 622 392 3284 38 3246 140 1295 165 1130 115 99 69 1015 164 130 851 490 361 34 154 75 57 79
is_linear=0
shrinkage=0.05


Tree=100
num_leaves=31
num_cat=0
split_feature=2 2 6 6 0 5 6 5 3 0 5 5 5 6 6 2 0 5 0 2 6 3 2 0 6 0 2 2 3 6
split_gain=0.425169 0.586477 0.683423 0.945893 0.806682 1.10047 0.720681 0.921422 0.919135 0.682326 0.674743 0.633468 0.602531 0.544279 0.755665 1.04508 0.902228 0.705271 0.537875 0.518144 0.473037 1.02606 1.4643 0.656667 0.500916 0.650489 0.546733 0.448939 0.68202 0.471499
threshold=3.0607470985158929 2.6064219431943121 43.500000000000007 39.500000000000007 0.66832500000000017 0.42052631578947369 53.500000000000007 0.38348416289592763 4.5000000000000009 0.74500000000000011 0.38006535947712422 0.39545896066051484 0.34580419580419586 31.500000000000004 34.500000000000007 3.9372024996980168 0.6316750000000001 0.56465997770345611 0.57750000000000001 3.463371370393928 43.500000000000007 3.5000000000000004 3.1567830665350254 0.84500000000000008 53.500000000000007 0.96250000000000013 3.4519696286118893 2.5980120931240029 4.5000000000000009 38.500000000000007
decision_type=2 2 2 2 2 2 2 2 2 2 2 2 2 2 2 2 2 2 2 2 2 2 2 2 2 2 2 2 2 2
left_child=1 27 3 4 -3 -6 7 12 10 -5 -8 -10 -4 17 15 16 18 -2 -15 -19 21 23 -23 -16 25 -22 -26 29 -29 -1
right_child=13 2 6 9 5 -7 8 -9 11 -11 -12 -13 -14 14 20 -17 -18 19 -20 -21 24 22 -24 -25 26 -27 -28 28 -30 -31
leaf_value=0.020282644642954949 -0.0023804978226656358 0.0054588769486229698 -0.010237745339748389 0.0036628453379040577 -0.024024195175414896 0.0051991243187052638 0.016824794965792852 -0.02914014982453831 -0.03706743342801716 0.037147657427165214 -0.0041660708415209944 -0.0072314778504937493 0.031627525009411871 0.017893974395987351 0.037147258907604085 -0.036581949938331651 0.052250679014626988 -0.0060165637191676984 -0.055233919627298227 -0.062111505414935597 0.014189069696585991 0.030186822235470243 -0.021925434261186164 -0.020851969892900706 0.0080292434935771134 -0.011069122708690024 -0.0043685697258216303 -0.01147262159112861 0.060849047705047725 -0.0033722292660829547
leaf_weight=3.1502887530950794 12.409792746533638 14.219353811349722 5.236060432973316 3.3404806297621681 7.6400170745328051 5.5702878868905827 5.8647061715018998 7.7672798292769585 2.7241021938971235 2.793748336378485 11.026082936004967 5.1279763920174446 1.0281980859581379 1.4208563759457309 1.8995184006635093 0.62907439080299798 2.4237960549071431 0.74450403964146861 0.30552046024240542 0.92082215787377208 18.928573458280884 1.6142943412996817 8.1718355250777659 0.65675734542310227 16.123963688092772 2.9457189571112385 19.82772327834391 0.51081294706091351 0.90094714425504208 6.3584802420518827
leaf_count=69 304 478 220 148 122 135 258 376 166 48 591 303 31 61 73 27 44 24 13 25 529 38 232 12 564 33 580 19 12 217
internal_value=0.000138918 -0.00242951 -0.00406 0.00116357 -0.00280583 -0.0117018 -0.00858162 -0.0176335 -0.00344832 0.018913 0.00312224 -0.0175824 -0.0033661 0.00254104 0.00423529 0.0234727 0.0325757 -0.00648055 0.00495238 -0.0370336 0.00292501 -0.00596103 -0.0133291 0.0222461 0.00482165 0.0107877 0.00119172 0.00837096 0.0346811 0.00446471
internal_weight=172.282 83.2588 72.3383 33.5639 27.4297 13.2103 38.7744 14.0315 24.7429 6.13423 16.8908 7.85208 6.26426 89.0228 74.9476 4.77925 4.15017 14.0751 1.72638 1.66533 70.1684 12.3424 9.78613 2.55628 57.826 21.8743 35.9517 10.9205 1.41176 9.50877
internal_count=5752 3193 2876 931 735 257 1945 627 1318 196 849 469 251 2559 2206 145 118 353 74 49 2061 355 270 85 1706 562 1144 317 31 286
is_linear=0
shrinkage=0.05


Tree=101
num_leaves=31
num_cat=0
split_feature=2 2 1 5 1 3 5 2 2 6 2 1 1 6 5 1 6 6 5 5 5 1 5 5 2 1 2 5 5 2
split_gain=0.401647 0.545596 0.793497 0.693757 0.635005 0.717311 0.622552 0.733167 1.2481 0.583009 0.540558 0.52916 0.971793 0.821653 0.744475 0.605629 0.513354 0.513743 0.514782 0.497188 0.564424 1.43943 0.901452 0.621278 0.81679 0.529255 0.490139 0.576264 0.760517 0.542753
threshold=3.0876272012535479 2.6064219431943121 6.0500000000000007 0.21807065217391305 7.4500000000000011 3.5000000000000004 0.27254641909814331 2.8078352006066667 2.7741811991874781 44.500000000000007 3.4865948718212101 7.6500000000000012 7.4500000000000011 32.500000000000007 0.34580419580419586 8.2500000000000018 25.500000000000004 28.500000000000004 0.35504201680672276 0.6043478260869567 0.50423728813559332 7.7500000000000009 0.56155303030303039 0.49305555555555564 3.3464062818502818 7.0500000000000007 4.8513053071537007 0.40877080665813065 0.47420634920634924 3.6461801274364229
decision_type=2 2 2 2 2 2 2 2 2 2 2 2 2 2 2 2 2 2 2 2 2 2 2 2 2 2 2 2 2 2
left_child=1 2 -1 4 -3 9 7 8 -5 -6 19 12 13 -4 -13 -16 26 18 -18 20 23 25 -23 -2 -25 -22 27 29 -29 -12
right_child=10 3 11 6 5 -7 -8 -9 -10 -11 16 14 -14 -15 15 -17 17 -19 -20 -21 21 22 -24 24 -26 -27 -28 28 -30 -31
leaf_value=-0.061825812279365247 0.0065678130491570001 0.023511764836010848 0.039083273945846896 -0.031218405499911964 0.034035473277418925 -0.058404215974408952 -0.003869102104384107 -0.041274392463008097 0.05641189525558965 -0.040515855953952684 0.0032105059761467492 -0.072515578626645691 0.052013184000071488 -0.0026667829034136398 -0.019163930277648997 0.030556793054670107 -0.0076420325097990632 -0.00075040404998146133 0.069352547317673194 -0.030354748049568489 0.015662838391301812 0.022706531625055607 -0.046049266216222871 -0.049500429211710786 0.015026521734885744 0.052427452520035611 -0.073741322089577718 0.049284323944637332 -0.022891510515695841 -0.076258181189080079
leaf_weight=0.3890210538811506 35.093928212707397 4.1311996574513605 1.608134652255101 1.1026047556661058 0.80443033995106794 0.571106573101133 64.531834411085583 2.4644597123842686 0.64346021786332119 0.38908447581343353 0.35218136198818673 0.38086687074974213 1.6297027789987621 4.4105734161566943 1.4026532374555247 1.08713644137606 0.3697839854285111 38.374640427253325 0.52574246737640351 0.89344992500264098 1.6001309079001647 0.88619375461712468 1.0317340381443498 1.1524434887105592 0.85371748474426556 2.5214941030717455 0.39288914890494187 0.59542152145877458 0.94302454683929682 0.5510227051563561
leaf_count=16 1009 110 28 67 19 28 2580 110 17 26 6 14 42 153 44 20 9 1088 18 32 58 28 30 32 20 68 17 22 25 16
internal_value=0.000280462 -0.00214628 0.00829879 -0.00367279 0.0127873 -0.0123199 -0.00508452 -0.0237124 0.00107513 0.00973182 0.00269054 0.0108922 0.0177625 0.00848839 -0.00741284 0.00254602 -0.00136005 0.000123228 0.0375597 0.00656374 0.00732835 0.0215032 -0.0142801 0.00502081 -0.0220411 0.0381544 -0.0219097 -0.0135694 0.00504255 -0.0452714
internal_weight=171.684 85.5463 10.9081 74.6382 5.89582 1.76462 68.7424 4.21052 1.74606 1.19351 86.1378 10.5191 7.64841 6.01871 2.87066 2.48979 42.1047 39.2702 0.895526 44.0331 43.1396 6.03955 1.91793 37.1001 2.00616 4.12163 2.83454 2.44165 1.53845 0.903204
internal_count=5752 3274 317 2957 183 73 2774 194 84 45 2478 301 223 181 78 64 1201 1115 27 1277 1245 184 58 1061 52 126 86 69 47 22
is_linear=0
shrinkage=0.05


Tree=102
num_leaves=20
num_cat=0
split_feature=1 5 2 2 2 6 5 6 2 6 2 5 2 5 5 5 6 6 2
split_gain=0.351676 0.393765 0.342808 1.23764 0.40644 0.338682 0.741253 0.471849 0.319157 0.656585 0.418705 0.695236 0.507724 0.416412 0.268719 0.294823 0.238238 0.149589 0.0241897
threshold=4.5500000000000007 0.23182397959183676 2.5501084575884092 2.5296351104100774 2.5824491666626233 29.500000000000004 0.2869249394673124 43.500000000000007 2.6064219431943121 24.500000000000004 3.0876272012535479 0.21807065217391305 3.4762696173592693 0.48212005108556838 0.4160256410256411 0.38348416289592763 38.500000000000007 44.500000000000007 3.4162823587507689
decision_type=2 2 2 2 2 2 2 2 2 2 2 2 2 2 2 2 2 2 2
left_child=1 -1 3 5 14 -2 -7 -8 9 -6 11 -10 -12 -11 15 -4 -5 -16 -3
right_child=2 18 4 16 8 6 7 -9 10 13 12 -13 -14 -15 17 -17 -18 -19 -20
leaf_value=-0.0043270145135023549 0.032614017763305893 0.053425925455446679 -0.02081161804119094 0.076822979206611644 -0.042092000627695005 -0.061853737332900741 -0.037000047612021858 0.020276145815865301 0.013422653359822824 0.024872587315014752 0.0059068909691950382 -0.0045560789335245579 -0.0018450450714314001 -0.014781129316977115 -0.025434973687144119 -0.080668006996619482 0.032613394990380538 0.017847002551272455 0.036874823038281483
leaf_weight=0.69913800340145715 0.52673414163291399 0.48081243154592812 0.52769893500953802 0.66085546649992444 0.50213182438164849 0.56121525762137059 0.50134949712082733 1.271599351079203 5.8373847422190002 3.8659082042286173 42.03662856540177 68.204992551764008 42.455924302077619 0.79886753461323667 0.40162915468681604 0.33716521575115621 0.56549032009206712 0.39691973509616219 0.40815850952640176
leaf_count=10 12 12 15 8 9 16 22 72 181 85 1223 2764 1235 24 8 10 19 17 10
internal_value=0.000327999 0.0237474 0.000108513 0.0144132 -0.000245049 -0.00360068 -0.011773 0.00407974 4.82458e-06 0.0122339 -0.000393739 -0.00313866 0.00201169 0.0180817 -0.0248359 -0.0441465 0.0564371 -0.00392161 0.0458267
internal_weight=171.041 1.58811 169.452 4.08724 165.365 2.8609 2.33416 1.77295 163.702 5.16691 158.535 74.0424 84.4926 4.66478 1.66341 0.864864 1.22635 0.798549 0.888971
internal_count=5752 32 5720 149 5571 122 110 94 5521 118 5403 2945 2458 109 50 25 27 25 22
is_linear=0
shrinkage=0.05


Tree=103
num_leaves=31
num_cat=0
split_feature=1 5 1 5 6 6 1 1 5 5 0 6 5 3 5 3 0 0 3 5 5 1 6 1 6 5 1 6 1 0
split_gain=0.363377 0.512779 0.275037 1.61883 0.877269 1.85884 0.482294 0.453475 0.647656 0.971369 0.975191 0.631435 0.554414 0.539658 0.39614 0.372001 0.350793 0.334014 0.545429 0.274465 0.245741 0.223541 0.432893 0.178963 0.197728 0.130397 0.122686 0.101687 0.0725202 0.0447877
threshold=4.5500000000000007 0.23182397959183676 6.2500000000000009 0.36038961038961043 44.500000000000007 67.000000000000014 5.1500000000000012 6.5500000000000007 0.3053613053613054 0.39545896066051484 0.96250000000000013 38.500000000000007 0.18263888888888893 3.5000000000000004 0.26442841287458385 4.5000000000000009 0.72917500000000002 0.41875000000000001 3.5000000000000004 0.27254641909814331 0.38548951048951058 7.5500000000000007 67.000000000000014 5.1500000000000012 70.500000000000014 0.18898809523809526 6.0500000000000007 67.000000000000014 5.9500000000000011 0.84500000000000008
decision_type=2 2 2 2 2 2 2 2 2 2 2 2 2 2 2 2 2 2 2 2 2 2 2 2 2 2 2 2 2 2
left_child=1 -1 3 4 14 6 -6 8 13 10 -10 -11 21 25 -2 -16 -15 18 -14 -19 26 22 -9 -22 -25 -4 28 -23 -5 -3
right_child=2 29 7 20 5 -7 -8 12 9 11 -12 -13 17 16 15 -17 -18 19 -20 -21 23 27 -24 24 -26 -27 -28 -29 -30 -31
leaf_value=-0.0081499777521278662 -0.00094312579022460337 0.035710917140948477 0.068743854341277971 -0.055597054415618852 0.012297997722289318 0.042538030344423342 -0.042696210455182147 0.0087975182059636652 -0.010944210330071806 -0.012629229978892554 -0.095243233605044136 0.023665318952873871 0.010964540825239445 -0.0052855907731174604 0.068790817250479544 0.019662097249633317 0.027618024585048424 -0.006886825231339929 -0.020753783228535948 0.001433581399532733 -0.061634535630656809 -0.056525023596961738 -0.034333339810841246 -0.017812688107526207 -0.057095310903693533 0.035882749476905111 -0.088199993975372482 -0.024086019108998387 -0.014604065358605901 0.057687190205938599
leaf_weight=0.72061330918222555 0.57191997393965577 0.41721243015490472 0.64178409613668808 0.3806729121133684 0.50265710568055588 1.3118170355446634 1.9272088396828619 1.2009672124404458 2.0693959820782752 1.7234592273598535 0.41124995611608017 3.9331675767316483 1.961297491157892 1.3554443072061988 0.89558811066672184 0.67626510839909315 2.0130902556702495 10.759423141134901 4.3871178786794189 125.76210918967263 0.314637495146599 0.49504466005600978 1.1283391098259015 2.9020754322118596 0.36008410724753037 0.57001169526483864 0.22255736030638218 0.47185254481155425 0.15056150825694203 0.52180241420865059
leaf_count=10 14 15 8 22 7 20 84 37 108 57 6 176 249 56 17 23 37 306 533 3509 24 36 52 220 40 16 9 42 12 7
internal_value=0.000293879 0.023576 6.53769e-05 -0.00788692 0.00918619 -0.00542556 -0.0313198 0.000576701 0.00963252 0.0011671 -0.0249196 0.0126071 -0.000211227 0.0246719 0.0346891 0.047654 0.0143781 0.000256509 -0.0109546 0.00077784 -0.03109 -0.0204847 -0.0120955 -0.0256222 -0.0221488 0.0532865 -0.0570352 -0.0406946 -0.0439789 0.0479229
internal_weight=170.759 1.65963 169.1 10.216 5.88546 3.74168 2.42987 158.884 12.7176 8.13727 2.48065 5.65663 146.166 4.58033 2.14377 1.57185 3.36853 142.87 6.34842 136.522 4.33059 3.2962 2.32931 3.5768 3.26216 1.2118 0.753792 0.966897 0.531234 0.939015
internal_count=5752 32 5720 492 165 111 91 5228 464 347 114 233 4764 117 54 40 93 4597 782 3815 327 167 89 284 260 24 43 78 34 22
is_linear=0
shrinkage=0.05


Tree=104
num_leaves=31
num_cat=0
split_feature=0 2 3 2 1 1 1 6 6 6 2 6 2 3 2 2 6 0 0 6 1 6 1 3 0 1 2 2 1 1
split_gain=0.323935 0.389493 0.462321 0.485884 0.380289 0.28582 0.344491 0.866714 1.01733 0.839315 0.684066 0.955597 0.449347 0.634256 0.448059 0.437569 0.56776 0.432155 0.408678 0.404503 0.40119 0.258447 0.257188 0.225544 0.207488 0.213485 0.203763 0.193907 0.0497133 0.04512
threshold=0.46625000000000005 2.7379647381420531 3.5000000000000004 3.4000282246878273 7.6500000000000012 4.5500000000000007 6.2500000000000009 42.500000000000007 67.000000000000014 70.500000000000014 2.9090836105909128 27.500000000000004 2.6064219431943121 4.5000000000000009 4.9909607977472144 3.0876272012535479 43.500000000000007 0.6316750000000001 0.6316750000000001 25.500000000000004 6.5500000000000007 22.500000000000004 5.5500000000000007 4.5000000000000009 0.41875000000000001 7.9500000000000011 3.0032785644731779 5.7665570805572965 8.4500000000000011 8.1500000000000004
decision_type=2 2 2 2 2 2 2 2 2 2 2 2 2 2 2 2 2 2 2 2 2 2 2 2 2 2 2 2 2 2
left_child=1 29 3 4 21 23 7 10 14 -10 11 -7 13 19 -9 16 -14 -12 -15 -8 -17 -3 -4 -2 27 -26 -6 -24 -5 -1
right_child=5 2 22 28 26 6 12 8 9 -11 17 -13 15 18 -16 20 -18 -19 -20 -21 -22 -23 24 -25 25 -27 -28 -29 -30 -31
leaf_value=-0.027180896891009568 0.0034492212042283193 0.084548201679140303 0.027336195398881477 -0.045102182667342366 -0.022144202258858325 0.030736320932714875 -0.02860662784580676 -0.028357841558222741 0.031140261274230127 -0.055624763047663721 -0.021775405082607346 -0.055728007332283239 0.0023601512382180542 0.055750896026377644 -0.0792193330049661 0.014271774400561816 -0.0069923439620437474 0.037165735900725472 0.015354050082312699 0.00843869035517587 0.0018891102011062242 0.029244044497574298 -0.021879128815881208 0.042083447747104333 0.018626283044954815 -0.03067308189304618 0.021357960999732587 0.044748664820751453 -0.0075578748499913438 -0.053874329379773295
leaf_weight=1.5753847506421141 0.76774964295327552 0.27788133453577646 0.38534364491351869 0.32026030728593458 0.49952297768322729 0.56394054670817995 0.84163738321512749 3.4795271931798202 1.276235301280394 0.35660619007830963 0.37325498461723361 0.73738134023733437 31.10046675382182 1.1179920332506301 0.49455423280596722 7.2386975393164894 33.932569278273149 1.8641687191557137 1.4228994855657218 5.9200259367353283 67.892908495210577 0.88099839916685596 4.0313528674014378 0.74371347390115261 0.76964884949848034 0.30726555082947016 0.58374987123534083 0.11224056198261667 0.1216666370164603 0.17599220771808166
leaf_count=235 10 5 21 32 74 18 17 177 32 34 35 34 696 16 9 167 1442 45 26 151 1573 71 531 15 128 33 82 4 19 20
internal_value=0.000272786 -0.00843879 -0.00391253 0.0131518 0.0225964 0.000819084 0.000612871 -0.00880722 -0.0210354 0.0121911 0.0105676 -0.0182578 0.00118927 0.0118309 -0.0346873 0.000483002 -0.00251974 0.027333 0.0331287 0.00382759 0.00308214 0.0425051 -0.0120829 0.0224591 -0.0149926 0.00456017 0.00129807 -0.0200743 -0.0347659 -0.0298633
internal_weight=170.166 10.0413 8.28993 2.68408 2.24215 160.124 158.613 9.14567 5.60692 1.63284 3.53875 1.30132 149.467 9.30255 3.97408 140.165 65.033 2.23742 2.54089 6.76166 75.1316 1.15888 5.60585 1.51146 5.22051 1.07691 1.08327 4.14359 0.441927 1.75138
internal_count=5752 1255 1000 283 232 4497 4472 384 252 66 132 52 4088 210 186 3878 2138 80 42 168 1740 76 717 25 696 161 156 535 51 255
is_linear=0
shrinkage=0.05


Tree=105
num_leaves=31
num_cat=0
split_feature=1 5 5 1 5 2 2 6 0 2 0 2 6 5 5 1 6 1 6 0 6 2 0 6 1 5 6 6 6 0
split_gain=0.860592 0.920926 0.708968 0.705273 0.817034 0.810876 0.808086 1.3193 0.586176 0.806077 0.796542 0.733404 0.579283 0.500051 0.491316 0.479971 0.461792 0.42526 1.116 0.571077 0.391368 0.430425 0.382388 0.351925 0.471546 0.487982 0.658435 0.470897 0.417836 0.328943
threshold=6.5500000000000007 0.3053613053613054 0.36038961038961043 6.1500000000000012 0.39545896066051484 3.4988381603527032 3.3848182702787946 29.500000000000004 0.74500000000000011 2.7963351285177698 0.72917500000000002 4.0054454785074496 67.000000000000014 0.49305555555555564 0.38762626262626271 8.5500000000000025 17.500000000000004 7.2500000000000009 30.500000000000004 0.61832500000000012 51.500000000000007 2.8347413390871714 0.67250000000000021 27.500000000000004 6.4500000000000011 0.18898809523809526 54.500000000000007 67.000000000000014 46.500000000000007 0.84500000000000008
decision_type=2 2 2 2 2 2 2 2 2 2 2 2 2 2 2 2 2 2 2 2 2 2 2 2 2 2 2 2 2 2
left_child=2 8 23 29 5 14 13 -8 9 10 22 12 -10 -6 -5 16 -3 18 -18 -19 21 -11 -2 -1 27 -26 -27 28 -25 -4
right_child=1 15 3 4 6 -7 7 -9 11 20 -12 -13 -14 -15 -16 -17 17 19 -20 -21 -22 -23 -24 24 25 26 -28 -29 -30 -31
leaf_value=0.038572159828298987 -0.00023029401165914221 -0.039437826952767742 -0.026975060267072193 0.013606713082330546 -0.012978639205737325 -0.076304510420461699 -0.044031987040613896 0.05147358404585807 0.0029096670697533965 -0.077425355862428241 -0.069895167678282397 -0.044783424252192637 -0.048382568653463243 0.026455466461710288 -0.074384742621227115 -0.036486355444787441 0.014888308148919819 -0.0039702433318482815 -0.0084382549406088192 0.0049783918877652211 -0.016805591805828191 -0.032785813870763285 0.04378448676490132 0.01512075408220564 0.07751933373665898 -0.0092139999363811727 0.057205148164610066 0.034899380732833933 -0.0078182539020036617 0.0046103586617041855
leaf_weight=1.5322502669878328 2.0939421037910533 0.74284212337806721 2.8633741067606016 0.98981240682769367 2.3674967082915832 0.50338620925322164 0.42884032381698522 2.306088094250299 9.8987827203236467 0.64831258822232518 0.35064788768067945 0.99876943510025817 0.58287582919001657 1.2172490781522354 0.18892227066680789 0.91527931365999293 6.1940663768909863 26.272326432954287 29.776664752804209 55.474642588058487 3.2920930465916172 3.232386440737173 0.64559313468635071 3.9486444045323861 0.5053913621231908 0.82726313336752333 0.67972361191641539 1.4147220023442058 3.9922622665762901 1.1575305396690962
leaf_count=32 133 11 276 50 121 18 12 62 163 15 13 21 17 71 11 43 176 1389 1247 1050 223 218 10 94 7 29 21 28 158 35
internal_value=-0.000628826 -0.00214157 0.00793667 -0.000798706 0.00778581 -0.0231823 0.0160287 0.0364982 -0.0116058 -0.0202886 0.00106018 -0.00384369 5.73509e-05 0.000411747 -0.00049616 -0.000417741 -0.000139059 0.000108931 -0.00442148 0.00210243 -0.0294861 -0.0402433 0.0101421 0.0160778 0.0130459 0.0350028 0.0207442 0.008323 0.00358825 -0.0178823
internal_weight=166.042 141.119 24.923 12.0227 8.0018 1.68212 6.31967 2.73493 21.7434 10.263 3.09018 11.4804 10.4817 3.58475 1.17873 119.376 118.461 117.718 35.9707 81.747 7.17279 3.8807 2.73954 12.9003 11.368 2.01238 1.50699 9.35563 7.94091 4.0209
internal_count=5754 4729 1025 656 345 79 266 74 813 612 156 201 180 192 61 3916 3873 3862 1423 2439 456 233 143 369 337 57 50 280 252 311
is_linear=0
shrinkage=0.05


Tree=106
num_leaves=31
num_cat=0
split_feature=1 5 1 0 2 5 2 0 5 5 5 2 5 5 1 0 2 2 2 3 3 0 0 3 0 5 1 2 2 1
split_gain=0.757207 0.883671 0.762086 0.907411 1.06082 1.10093 0.761208 0.897016 1.56446 0.663713 0.708225 0.637494 0.624724 0.54244 0.497467 0.492595 0.439033 0.503524 0.865076 0.439267 0.437937 0.363829 0.362751 0.331769 0.294165 0.284914 0.272449 0.704045 0.417095 0.263529
threshold=6.5500000000000007 0.3053613053613054 6.4500000000000011 0.78167500000000012 3.6598862654191655 0.35504201680672276 3.4162823587507689 0.9125000000000002 0.45307917888563054 0.18898809523809526 0.46027742749054229 4.8513053071537007 0.45307917888563054 0.2869249394673124 8.5500000000000025 0.59375000000000011 2.3662658803096654 2.5980120931240029 2.6723193428129473 2.5000000000000004 3.5000000000000004 0.55832500000000007 0.74500000000000011 4.5000000000000009 0.22875000000000001 0.27622890682318418 7.2500000000000009 3.6904654766097438 2.8161569419805268 5.7500000000000009
decision_type=2 2 2 2 2 2 2 2 2 2 2 2 2 2 2 2 2 2 2 2 2 2 2 2 2 2 2 2 2 2
left_child=2 16 3 4 5 20 7 8 -5 -4 12 29 21 -9 24 -12 -2 23 19 -19 -1 -11 -20 25 -3 -18 27 -26 -28 -8
right_child=1 14 9 6 -6 -7 11 13 -10 10 15 -13 -14 -15 -16 -17 17 18 22 -21 -22 -23 -24 -25 26 -27 28 -29 -30 -31
leaf_value=0.035550447115758381 0.046310578735528921 -0.044687713225785845 0.077941911458037486 0.045836301177644277 -0.042933756440914482 -0.019206113794568602 0.024019258027849377 -0.0021962400308987487 -0.050149648807447371 -0.029471938929474889 0.068614058069348435 -0.007210316878154422 -0.054695890173983089 -0.058628019318579083 -0.036482751262358858 0.0072398382096392853 -0.0052805268710212879 -0.0094840696797250622 -0.020713571714213064 0.04627640928450405 0.0052740473669916198 0.019117172706217198 -0.006459892696897747 -0.079016855767291533 -0.0075107700367065535 -0.053479040836280925 0.0074297715426118616 0.00945090959597592 -0.00065415455087816958 0.059743261196298296
leaf_weight=1.7058273422299004 0.32258376060053962 0.37118098267819633 0.50058231968432565 1.7734478604979806 1.6871560164436221 4.2847229317994788 0.77190377470105964 1.0921883713454006 0.55810642382130016 0.4380027161096226 0.95836061448790111 0.67689473996870209 0.37278259219601739 0.69797468255273987 0.95478181587532063 0.49620775145012885 0.6994401928968752 0.55596912454348302 8.581289275200108 0.9683989672921598 3.9836434284225106 3.1997569238301367 9.3025738024152798 0.39466784487012763 27.694615543296095 0.54592355154454708 21.660269034662633 7.8525911910692221 60.591527369222604 1.5585938191507009
leaf_count=41 4 51 7 33 149 365 14 14 21 40 29 9 9 20 43 14 19 23 555 23 157 77 166 10 1204 13 671 200 1747 26
internal_value=-0.000795387 -0.00221613 0.00726757 0.00232455 -0.00626651 -6.41683e-05 0.0163773 0.00242129 0.0228601 0.0228369 0.0177895 0.0355043 0.00694964 -0.0241987 -0.000536575 0.047677 -0.0115782 -0.0124654 -0.0102174 0.0259394 0.0143516 0.0132668 -0.0132993 -0.0390689 -0.00024614 -0.0264091 -0.000106106 -0.00376383 0.00147467 0.0479108
internal_weight=165.252 140.496 24.7562 18.7905 11.6613 9.97419 7.12911 4.12172 2.33155 5.96569 5.46511 3.00739 4.01054 1.79016 119.125 1.45457 21.3708 21.0483 19.4082 1.52437 5.68947 3.63776 17.8839 1.64003 118.17 1.24536 117.799 35.5472 82.2518 2.3305
internal_count=5754 4729 1025 849 712 563 137 88 54 176 169 49 126 34 3916 43 813 809 767 46 198 117 721 42 3873 32 3822 1404 2418 40
is_linear=0
shrinkage=0.05


Tree=107
num_leaves=31
num_cat=0
split_feature=1 1 6 5 5 6 0 6 5 5 1 2 0 6 0 2 2 3 2 1 3 2 1 0 6 2 2 6 6 1
split_gain=0.632537 0.924292 0.897225 0.805416 0.676003 0.795956 0.871899 0.682096 0.615451 0.76256 0.590274 0.555617 0.628152 0.498686 0.38094 0.731721 0.628133 0.692913 0.504845 0.484251 0.466115 0.333591 0.33169 0.330074 0.483226 0.328219 0.277763 0.518945 0.735094 0.414445
threshold=6.5500000000000007 6.4500000000000011 26.500000000000004 0.3053613053613054 0.45307917888563054 27.500000000000004 0.70500000000000007 61.500000000000007 0.18898809523809526 0.49305555555555564 6.3500000000000005 3.4162823587507689 0.78167500000000012 17.500000000000004 0.74500000000000011 2.7963351285177698 4.0054454785074496 1.5000000000000002 2.5501084575884092 8.0500000000000025 1.0000000180025095e-35 3.5838188022235569 6.3500000000000005 0.55832500000000007 21.500000000000004 2.7741811991874781 4.4013162140956954 54.500000000000007 46.500000000000007 7.2500000000000009
decision_type=2 2 2 2 2 2 2 2 2 2 2 2 2 2 2 2 2 2 2 2 2 2 2 2 2 2 2 2 2 2
left_child=1 4 -3 14 5 23 7 -7 -4 -10 -8 -6 22 -5 15 18 17 -16 -2 -19 -17 -22 -13 24 -1 -20 29 28 -28 -15
right_child=3 2 8 13 11 6 10 -9 9 -11 -12 12 -14 26 16 20 -18 19 25 -21 21 -23 -24 -25 -26 -27 27 -29 -30 -31
leaf_value=0.055950711993189864 -0.077152935137827394 -0.038871525069913947 0.078655348812157938 -0.041712084865711631 -0.034593175925993154 -0.025325642624375373 0.016147780354771338 0.013487650238428635 0.01359040816374304 0.061572360746011662 -0.033250357219809581 -0.035755290328893234 0.056594556636910036 -0.0057092384002959918 -0.049432962585552798 0.039096684496265403 -0.04424282476257229 -0.0034082510429363517 -0.0031302181708925225 0.024610148949416839 -0.035950982228749637 -0.0088555385845057715 0.050755039926528571 0.050421718634818737 -0.023035307575669864 0.034897662674531392 0.0023950387868268978 -0.0064027192827108342 0.043050611376500014 0.0010837074228578708
leaf_weight=0.32828767597675979 0.18611226091161581 0.52233863761648436 0.57491596462205041 0.72810367215424676 2.1291563220729581 3.9223526133573596 7.0527816701214761 1.5911201759008688 3.8300477220327593 1.0564584232633931 0.66146258427761484 0.59647053002845474 0.42732679343316704 31.378193547367118 0.69787698518484553 0.25428368384018529 0.9281316604465254 7.7728841430507583 1.949547121068463 1.9238282879814503 5.0866985236061737 1.4625776039902119 0.13607660226989537 1.259884496219456 0.47210524138063192 0.80035680206492532 2.5924522819695985 3.2239850910846144 1.9467618034686891 78.947963332466315
leaf_count=5 7 16 7 11 178 265 148 105 121 32 24 58 10 1330 21 12 21 132 121 27 358 86 9 23 24 28 77 83 35 2380
internal_value=-0.00075737 0.00664319 0.0237337 -0.0020568 0.00113825 0.00556225 0.00105969 -0.0141246 0.0297213 0.0239641 0.0119121 -0.0194253 0.00841813 -0.000459392 -0.0110681 -0.0183184 -0.00483166 -0.00131264 0.00254391 0.0021506 -0.0273213 -0.0299001 -0.0196853 0.0344703 0.00936145 0.00793776 -0.00020504 0.00893653 0.0198313 -0.000848295
internal_weight=164.441 24.5608 5.98376 139.88 18.577 15.288 13.2277 5.51347 5.46142 4.88651 7.71424 3.28903 1.15987 118.817 21.0623 9.73958 11.3227 10.3946 2.93602 9.69671 6.80356 6.54928 0.732547 2.06028 0.800393 2.7499 118.089 7.7632 4.53921 110.326
internal_count=5754 1025 176 4729 849 594 542 370 160 153 172 255 77 3916 813 612 201 180 156 159 456 444 67 52 29 149 3905 195 112 3710
is_linear=0
shrinkage=0.05


Tree=108
num_leaves=31
num_cat=0
split_feature=2 2 5 6 0 2 6 0 2 5 5 6 6 2 5 5 6 2 6 2 6 2 2 2 3 3 0 5 6 2
split_gain=0.290875 0.68637 1.19406 0.634794 1.02746 0.527509 0.498147 0.688224 0.518664 0.904128 0.471895 0.456021 0.380165 0.358009 0.352815 0.330512 0.318565 0.899089 1.09176 0.689686 0.665469 0.643642 0.595646 0.495544 0.330435 0.623865 0.490104 0.300734 0.762698 0.933703
threshold=2.7806802694834509 2.7685484973886085 0.34983896940418685 48.500000000000007 0.84500000000000008 2.6899880530998783 43.500000000000007 0.76500000000000012 2.5296351104100774 0.18898809523809526 0.39680527383367142 45.500000000000007 33.500000000000007 2.6949564733353122 0.34580419580419586 0.53137254901960795 37.000000000000007 3.0087223993140477 31.500000000000004 3.0099801653309086 17.500000000000004 3.0160486938698843 2.8103057858889695 2.831063924436251 3.5000000000000004 2.5000000000000004 0.78167500000000012 0.42640692640692646 39.500000000000007 2.831063924436251
decision_type=2 2 2 2 2 2 2 2 2 2 2 2 2 2 2 2 2 2 2 2 2 2 2 2 2 2 2 2 2 2
left_child=1 3 -3 6 5 -5 8 15 12 -10 14 -9 -1 -12 -6 -8 17 18 24 -19 -21 -22 -20 -24 25 -2 -26 28 29 -18
right_child=16 2 -4 4 10 -7 7 11 9 -11 13 -13 -14 -15 -16 -17 27 19 22 20 21 -23 23 -25 26 -27 -28 -29 -30 -31
leaf_value=-0.0034731924774035264 -0.031188430342706977 -0.038330908447826134 0.034768774945322607 -0.0085254283582455789 0.0081530814712631027 -0.034088877751320766 0.049087954320949166 -0.041200431406597161 -0.070816712767849843 0.0080555139344008139 0.0051959362820500066 0.032255696617483974 -0.070901946811287725 -0.042433405416650111 0.043118950630963097 -1.4641435324551681e-05 -0.060144505388916469 0.074723717299079992 0.0067869352506803723 -0.05728883803189172 -0.069288338810265249 0.00088910184419005922 -0.099572600795699129 -0.04362774242167447 -0.022010041824404358 0.023758749439042715 0.021033222145489888 0.0031237879819554621 -0.0041367444137123529 0.026598052115624674
leaf_weight=0.44983504689299181 0.75291688134893608 0.66913997614756127 3.3831125107244588 6.0868345775961625 1.5660301586613052 3.018962787638884 1.8400090218055991 0.53340609185397614 0.37431085528805752 12.405160833266562 1.5462144559714945 0.34987054788507521 0.3904991433955729 0.52969128894619633 1.3376761265099046 0.4211420293431728 0.34037260757759158 0.30081799253821628 0.43479768722318146 0.52193606365472334 0.33172065019607799 21.719107253535185 0.52548732049763236 1.6041611975524572 4.5930990410270169 1.6457378948107362 0.77256572432816017 38.004461180928047 53.92889012262458 3.5031699945684522
leaf_count=15 25 18 79 355 26 247 71 14 11 371 42 11 20 21 22 23 12 4 13 9 6 623 8 62 137 30 14 1382 2004 79
internal_value=-0.000697908 0.00335152 0.022698 0.000810269 -0.00701445 -0.0170008 0.00738464 0.0253225 0.00324329 0.00574535 0.0112468 -0.0121041 -0.034807 -0.00695724 0.0242611 0.0399425 -0.00179369 -0.0060141 -0.0182583 -0.000485134 -0.00148741 -0.000166609 -0.0465438 -0.057432 -0.00891596 0.00651131 -0.0158125 -0.000330625 -0.00260304 0.0189164
internal_weight=163.881 34.9019 4.05225 30.8496 14.0854 9.1058 16.7642 3.14443 13.6198 12.7795 4.97961 0.883277 0.840334 2.07591 2.90371 2.26115 128.979 33.2023 10.3288 22.8736 22.5728 22.0508 2.56445 2.12965 7.76432 2.39865 5.36566 95.7769 57.7724 3.84354
internal_count=5754 1346 97 1249 713 602 536 119 417 382 111 25 35 63 48 94 4408 931 289 642 638 629 83 70 206 55 151 3477 2095 91
is_linear=0
shrinkage=0.05


Tree=109
num_leaves=31
num_cat=0
split_feature=1 1 5 0 5 5 6 1 1 5 5 6 6 0 0 6 1 1 0 3 0 6 6 1 0 0 0 1 3 1
split_gain=0.553246 1.06451 1.1094 0.718908 0.70814 0.694968 0.615594 0.6099 0.774837 0.607685 0.454849 0.617914 0.444393 0.442488 0.354434 0.569945 0.743034 0.673834 0.574659 0.394154 0.357816 0.351044 0.313662 0.29604 0.399161 0.475428 0.281482 0.273579 0.302028 0.273257
threshold=6.5500000000000007 6.4500000000000011 0.18898809523809526 0.78167500000000012 0.35504201680672276 0.3053613053613054 34.500000000000007 6.3500000000000005 3.9000000000000008 0.46027742749054229 0.45307917888563054 54.500000000000007 21.500000000000004 0.59375000000000011 0.74500000000000011 51.500000000000007 8.0500000000000025 7.9500000000000011 0.81667500000000015 4.5000000000000009 0.86250000000000016 17.500000000000004 65.500000000000014 6.7500000000000009 0.71457500000000007 0.60832500000000012 0.25207500000000005 8.5500000000000025 1.5000000000000002 8.3500000000000032
decision_type=2 2 2 2 2 2 2 2 2 2 2 2 2 2 2 2 2 2 2 2 2 2 2 2 2 2 2 2 2 2
left_child=1 3 -3 4 12 14 -5 8 -8 10 11 -4 -1 -11 23 16 18 19 -16 -17 -18 -7 -14 24 25 -2 -23 -28 -29 -25
right_child=5 2 9 6 -6 21 7 -9 -10 13 -12 -13 22 -15 15 17 20 -19 -20 -21 -22 26 -24 29 -26 -27 27 28 -30 -31
leaf_value=0.05515459870598638 -0.012797072966567957 0.079998417035562944 -0.0076312948564320115 0.042169723144441944 -0.021227600921432516 -0.038408009800205652 -0.037737873188923278 -0.04464341453213147 0.018925927781403125 0.063357992695151855 -0.049776234800885166 0.034155179018488996 -0.0054834957290498931 0.004431213305431639 -0.038112068983428088 0.0095217362156507588 0.056635883354577338 -0.056692229009558504 0.0047654522920820182 -0.021199065002498216 0.011837017694138122 -0.037494497648799661 0.023188414938177401 -0.024062576903532917 -0.033579366574957005 0.065828540564276658 0.00022557140094582557 -0.079771027528669311 -0.01116052459143572 0.004297513562932836
leaf_weight=0.3953297268599324 0.37714701890945679 0.78182256501167913 1.9618219721596695 1.4327499773353327 5.1218734265421517 0.60247627645730872 0.70271921157836903 0.54862574208527792 4.2646661882754415 0.96800073329359271 0.33430903567932535 1.6113556533819062 4.6612814042018726 0.47485932533163577 1.0148536562919597 1.7855781759135423 0.84902228042483308 0.86999464500695456 3.3974398518912494 2.5143218794837594 0.93833601288497448 0.50226622581249003 1.1992877293378112 7.2966133916052041 0.41451592138037086 0.39220113959163427 116.09608946024673 0.21238930453546245 0.65528336832358036 0.96126544044818718
leaf_count=6 28 7 62 24 471 11 8 15 90 29 9 55 198 14 26 32 9 21 54 47 12 71 37 500 18 9 3791 10 33 57
internal_value=-0.0006029 0.00633116 0.0243639 0.000297296 -0.00744182 -0.00182409 0.0129692 0.00538453 0.0109099 0.0162343 0.00599471 0.0112127 0.00384497 0.0439646 -0.0102487 -0.00430246 0.0059204 -0.0165615 -0.00509663 -0.00844193 0.0331172 -0.000339125 0.00038383 -0.0174091 0.00597405 0.027285 -0.000143872 1.65191e-05 -0.027955 -0.0207613
internal_weight=163.338 24.4587 6.13217 18.3265 11.3778 138.88 6.94876 5.51601 4.96739 5.35035 3.90749 3.57318 6.2559 1.44286 20.8113 11.3695 6.19965 5.16989 4.41229 4.2999 1.78736 118.069 5.86057 9.44174 1.18386 0.769348 117.466 116.964 0.867673 8.25788
internal_count=5754 1025 176 849 712 4729 137 113 98 169 126 117 241 43 813 201 101 100 80 79 21 3916 235 612 55 37 3905 3834 43 557
is_linear=0
shrinkage=0.05


Tree=110
num_leaves=31
num_cat=0
split_feature=2 0 6 6 1 0 0 2 6 1 0 0 6 2 6 2 2 6 1 2 6 1 6 6 2 6 6 6 6 6
split_gain=0.578479 1.16653 0.585555 0.639142 0.413534 0.418858 0.364738 0.680896 1.014 0.626224 0.830638 0.530645 0.94965 0.558762 1.02886 0.939454 0.51709 0.464756 0.463704 0.385282 0.23602 0.233613 0.287816 0.481765 0.152776 0.126844 0.0642488 0.158031 0.0481477 0.0548287
threshold=5.4359270417206025 0.69000000000000006 67.000000000000014 54.500000000000007 5.7500000000000009 0.88750000000000007 0.61832500000000012 2.8005987924319804 40.500000000000007 6.7500000000000009 0.51457500000000012 0.6316750000000001 39.500000000000007 3.4931488817109 43.500000000000007 3.4865948718212101 2.7581070768179514 57.500000000000007 7.9500000000000011 2.8065067579406118 44.500000000000007 5.3500000000000005 27.500000000000004 51.500000000000007 3.3932659910160905 38.500000000000007 46.500000000000007 31.500000000000004 62.500000000000007 56.000000000000007
decision_type=2 2 2 2 2 2 2 2 2 2 2 2 2 2 2 2 2 2 2 2 2 2 2 2 2 2 2 2 2 2
left_child=4 20 3 25 5 21 7 8 16 10 -9 12 -8 15 -15 -13 -6 -14 -10 -11 -2 22 -1 -24 -7 -3 27 -23 29 -22
right_child=1 2 -4 -5 6 24 11 9 18 19 -12 13 17 14 -16 -17 -18 -19 -20 -21 28 26 23 -25 -26 -27 -28 -29 -30 -31
leaf_value=0.040344125679612805 0.0074353200915275482 -0.024304523111927143 0.038456121922389168 -0.066212318383518307 0.0088803827674129917 -0.056014894897598491 0.066957482171146804 -0.016287289510359425 -0.0048685486369031911 -0.044899919722155894 0.022037675171641218 -0.0018460321087961562 0.029664096662204299 -0.0097180180402930711 0.012468352742153972 -0.069379980039411218 0.038114227233306083 -0.037138135655025481 -0.045430615248581045 -0.010483713131560745 0.042916166487118233 -0.049662182735750182 -0.030208389516556286 0.018745337470586796 -0.021938665783127989 0.0083229343665816736 -0.040147183985893169 0.00997158049761665 0.035400221860258596 0.062667493551600242
leaf_weight=0.39414078090339888 0.43633185815997366 0.44927429407835029 0.51789014600217331 0.56283225677907456 5.4731312617659551 0.71144505077972986 0.82214223220944305 2.3851665373076676 6.0793721629888751 0.83644871541764843 3.4715599962510169 75.090679614455439 0.50310405064374186 7.2778967544436481 18.529449840658344 0.51851301267743011 2.0903594081755728 0.53963731415569782 0.79696540521399573 29.247343818627996 0.68864154210314132 0.1874736069003119 1.0325663906987759 0.97916543565224845 0.61175009980797768 0.88398458808660507 0.50540330990043003 0.2726916087558493 0.53754242556169618 0.71739763161167502
leaf_count=11 22 11 8 8 215 14 9 237 510 30 174 1817 13 137 297 6 65 13 97 1817 17 14 37 50 7 17 52 19 18 9
internal_value=-0.00128485 0.0158269 -0.00866305 -0.021533 -0.00180287 -0.0164209 -0.00135627 -0.00484412 0.00432634 -0.00852854 0.00642974 0.000345099 0.0267746 -0.000140897 0.0062116 -0.00230917 0.0169599 -0.00490725 -0.00956968 -0.0114406 0.0406673 -0.00706458 0.0012735 -0.00638126 -0.0402605 -0.00267169 -0.0278403 -0.0143235 0.0481279 0.0529938
internal_weight=163.15 4.79389 2.41398 1.89609 158.356 4.69464 153.662 50.3803 14.4398 35.9405 5.85673 103.281 1.86488 101.417 25.8073 75.6092 7.56349 1.04274 6.87634 30.0838 2.37991 3.37144 2.40587 2.01173 1.3232 1.33326 0.965569 0.460165 1.94358 1.40604
internal_count=5751 110 44 36 5641 204 5437 3145 887 2258 411 2292 35 2257 434 1823 280 26 607 1847 66 183 98 87 21 28 85 33 44 26
is_linear=0
shrinkage=0.05


Tree=111
num_leaves=31
num_cat=0
split_feature=2 0 5 6 2 6 0 2 6 6 0 6 0 0 5 6 2 2 2 5 5 3 5 6 5 6 2 6 0 6
split_gain=0.500704 0.956274 0.408638 0.35319 0.224875 0.907475 1.16306 1.2496 1.30295 1.02084 0.736114 0.724803 0.611467 0.540376 0.795592 0.721449 0.466422 1.82055 1.01238 0.444703 0.430411 0.404326 0.733174 0.403467 1.02752 0.91228 0.483721 0.450164 0.392254 0.387608
threshold=5.5440414091679253 0.69000000000000006 0.47140522875816998 47.500000000000007 3.5635952952329242 43.500000000000007 0.59375000000000011 4.5412782988227152 47.500000000000007 48.500000000000007 0.84500000000000008 38.500000000000007 0.53375000000000006 0.9125000000000002 0.43929824561403513 46.500000000000007 2.8103057858889695 2.8065067579406118 2.9657037472530825 0.21638795986622075 0.24744897959183676 2.5000000000000004 0.4491379310344828 29.500000000000004 0.34384236453201977 25.500000000000004 3.6904654766097438 37.000000000000007 0.42750000000000005 57.500000000000007
decision_type=2 2 2 2 2 2 2 2 2 2 2 2 2 2 2 2 2 2 2 2 2 2 2 2 2 2 2 2 2 2
left_child=4 3 -3 -2 11 23 9 10 -9 28 -8 16 -11 21 15 -15 17 20 -18 -20 -1 22 -13 24 -6 -26 27 -25 -7 -16
right_child=1 2 -4 -5 5 6 7 8 -10 12 -12 13 -14 14 29 -17 18 -19 19 -21 -22 -23 -24 26 25 -27 -28 -29 -30 -31
leaf_value=-0.022147178610409653 -0.002390854395764828 0.0074652308035510657 -0.04555432000321552 0.051636675571116356 -0.054149103330799836 -0.028480740363853802 0.027059801026907818 -0.08129307564857724 -0.00022048317323203424 -0.012238250730117729 0.0018395658788753783 -0.0098933711205020022 -0.059715315436860095 -0.026685255895990845 0.066971760394691007 0.0056542971527757564 -0.018159948248464015 0.076985886697335693 0.032431699998963899 0.002438271488834774 0.0080180836384710751 -0.0054755624814320112 -0.046521784681513745 -0.02070002386242055 -0.0054171618669155005 0.058153868982792317 -0.03025810962414684 0.024179747057206158 0.063423385633101431 0.017664003342055163
leaf_weight=1.2980196306016267 0.3758172220550472 1.0268171140924094 0.56250271108001459 1.5504604643210766 0.61551051912829491 0.15674697735812815 10.071540581833689 0.56758499704301257 3.9067984644789249 1.6224094404606151 4.059399500489234 7.189137558831133 1.1652745027968192 2.1379174739122382 0.6371538364328434 8.9194739856757206 6.6131528541445759 0.94387868465855795 1.3258593128994132 18.199442517652642 13.289802569895981 64.851960327490815 1.6867254395619964 1.2598470253869893 1.5181475798599424 0.89827241597231466 3.6223607925348915 1.0040193013846872 0.44773568282835186 1.0643943971954284
leaf_count=32 22 21 10 32 21 14 206 13 77 168 52 370 65 31 15 145 207 11 26 484 353 2851 191 24 59 25 143 28 27 28
internal_value=-0.00125539 0.017409 -0.0112998 0.0410959 -0.00166788 0.0021597 0.00761413 0.0125233 -0.0105047 -0.0193114 0.0198148 -0.00259122 -0.032084 -0.00520126 0.00429936 -0.00059847 0.00282594 0.00968835 -0.00125177 0.00447497 0.00533399 -0.00684538 -0.0168541 -0.0112942 0.00352403 0.0182145 -0.0189268 -0.000795953 0.0395919 0.0361276
internal_weight=162.588 3.5156 1.58932 1.92628 159.073 30.9156 21.9975 18.6053 4.47438 3.39217 14.1309 128.157 2.78768 86.4868 12.7589 11.0574 41.6702 15.5317 26.1385 19.5253 14.5878 73.7278 8.87586 8.91816 3.03193 2.41642 5.88623 2.26387 0.604483 1.70155
internal_count=5751 85 31 54 5666 922 622 348 90 274 258 4744 233 3631 219 176 1113 396 717 510 385 3412 561 300 105 84 195 52 41 43
is_linear=0
shrinkage=0.05


Tree=112
num_leaves=31
num_cat=0
split_feature=2 0 5 5 5 2 0 0 5 1 2 2 5 5 5 1 1 1 2 5 5 5 2 1 5 0 2 5 5 5
split_gain=0.486303 0.73056 0.302184 0.594986 0.26442 0.237608 0.473059 0.605597 0.937501 0.811593 0.766227 0.559736 0.539139 0.469324 0.430838 0.352496 0.347454 0.758829 0.749231 1.25204 0.712933 0.729559 0.587134 0.435028 0.338436 0.334533 0.696196 0.483325 0.583555 0.333647
threshold=5.5440414091679253 0.69000000000000006 0.41833333333333339 0.38348416289592763 0.47140522875816998 3.5635952952329242 0.59375000000000011 0.84500000000000008 0.26696832579185525 6.8500000000000005 4.5412782988227152 4.0537383911602278 0.48499103942652338 0.38006535947712422 0.27622890682318418 6.8500000000000005 6.2500000000000009 6.5500000000000007 3.1252885749399155 0.50423728813559332 0.3053613053613054 0.40761518262115071 3.0208390702891097 7.2500000000000009 0.35239651416122014 0.73667500000000008 3.1115059724878997 0.34580419580419586 0.15323955669224212 0.52052545155993446
decision_type=2 2 2 2 2 2 2 2 2 2 2 2 2 2 2 2 2 2 2 2 2 2 2 2 2 2 2 2 2 2
left_child=5 2 3 -2 -3 16 12 10 -9 -10 11 -8 13 24 -12 -14 25 20 23 -20 22 -22 -18 -19 -7 27 -27 28 -1 -17
right_child=1 4 -4 -5 -6 6 7 8 9 -11 14 -13 15 -15 -16 29 17 18 19 -21 21 -23 -24 -25 -26 26 -28 -29 -30 -31
leaf_value=-0.057348978345822789 -0.051093926169017582 0.0070559745440407634 0.051109521082481457 0.058833138036840732 -0.036671355889721313 -0.014506404270180193 0.0098996819566431905 0.030377160334788711 -0.034998311523661611 -0.00027112823910412277 0.036316556968333781 0.032997721187648758 -0.033806148573088446 -0.034595525058639325 -0.021321917548619056 0.062072225938293729 0.0055464816742586609 -0.0060053752029842547 -0.013413977568968142 0.010851647039959623 -0.023396339769349569 0.013072500117734363 0.046026831305300615 0.0022964418021943116 0.040754753969119963 -0.045320707999924131 0.0038303809231857639 -0.021848912330931433 0.026579879450002182 0.0076256574468966431
leaf_weight=0.23946350906044189 0.23957784171216134 1.029237776994705 1.3551332503557203 0.2531735971570015 0.52059097681194533 0.88664652686566403 10.321880374249309 1.5339356381446103 2.6083354540169239 4.7395860832184553 0.37655647564679329 3.5163810378871849 0.32717963129107364 2.4153888811124489 2.3323168077040464 0.40359109593555309 1.5491011310368761 22.390298919926863 28.952539259509649 6.5114463469362809 2.0339923418359831 4.2096303032012656 2.1238570255227387 53.451443350350019 0.40298839588649571 1.8187471322016793 1.193050510715693 1.7415090144349958 1.5328699566889552 0.92917804920580238
leaf_count=8 23 21 26 5 10 112 218 17 42 70 13 70 36 164 68 15 53 1047 917 199 110 173 35 1853 36 62 21 192 74 61
internal_value=-0.00103237 0.0176842 0.0389171 0.00538613 -0.00763213 -0.00143349 0.00250902 0.00535554 -0.00517637 -0.0125984 0.0110087 0.015769 -0.010983 -0.0215923 -0.0133097 0.0126972 -0.00238384 -0.00177883 -0.00295962 -0.00895863 0.0114746 0.001192 0.0289539 -0.000154453 0.00276174 -0.0136227 -0.0258507 -0.00314174 0.0152401 0.0241132
internal_weight=161.94 3.39771 1.84788 0.492751 1.54983 158.542 30.794 25.429 8.88186 7.34792 16.5471 13.8383 5.36497 3.70502 2.70887 1.65995 127.748 121.222 111.306 35.464 9.91658 6.24362 3.67296 75.8417 1.28963 6.52564 3.0118 3.51384 1.77233 1.33277
internal_count=5751 85 54 28 31 5666 922 498 129 112 369 288 424 312 81 112 4744 4387 4016 1116 371 283 88 2900 148 357 83 274 82 76
is_linear=0
shrinkage=0.05


Tree=113
num_leaves=31
num_cat=0
split_feature=2 5 6 5 2 6 1 6 6 6 6 6 2 6 1 3 5 6 6 1 2 6 1 5 1 6 1 1 1 2
split_gain=0.62466 0.624282 0.487286 0.226396 0.19878 0.626166 0.851765 1.22393 0.92477 0.8061 0.992551 0.800416 0.739007 0.584312 0.838491 1.63261 1.08411 0.712807 0.471808 0.673433 0.467315 0.719639 0.590895 0.584363 0.561175 0.750481 0.418126 0.435973 0.523754 0.388464
threshold=5.5440414091679253 0.39680527383367142 39.500000000000007 0.43760810476896467 3.5534682665703636 40.500000000000007 6.4500000000000011 54.500000000000007 69.500000000000014 53.500000000000007 56.000000000000007 42.500000000000007 3.9372024996980168 38.500000000000007 8.2500000000000018 2.5000000000000004 0.34580419580419586 58.500000000000007 48.500000000000007 7.8500000000000005 3.6964859815791882 30.500000000000004 7.2500000000000009 0.42640692640692646 6.4500000000000011 37.000000000000007 8.2500000000000018 5.2500000000000009 5.6500000000000012 3.0224958868299914
decision_type=2 2 2 2 2 2 2 2 2 2 2 2 2 2 2 2 2 2 2 2 2 2 2 2 2 2 2 2 2 2
left_child=4 -2 -3 -4 13 20 7 11 -9 12 -11 -7 -8 26 18 17 -17 -16 29 -20 24 23 -23 -22 -6 -26 27 -1 -29 -15
right_child=1 2 3 -5 5 6 9 8 -10 10 -12 -13 -14 14 15 16 -18 -19 19 -21 21 22 -24 -25 25 -27 -28 28 -30 -31
leaf_value=0.054787624336214716 -0.023039204135661427 -0.010135835333881325 0.064277623494257752 0.030117131371987873 0.047647628038688938 0.029476209465529674 0.038844799099939403 0.029187322987849575 -0.062954261672904757 -0.037622429967537105 0.0075695860668382429 -0.056757420243929671 0.0093358535025878497 -0.0036346727189780787 -0.018889351046809961 0.012952159140265852 -0.053003750522550901 0.020998182814701546 -0.0033344757775890469 0.0099662052619864504 -0.026488723663266735 -0.065022417610467051 -0.016652835471631901 0.024934348248109046 -0.025086203318272694 0.028950441185021571 0.016643448834642607 -0.060237592433207005 0.00096595170725405236 -0.01691921479094164
leaf_weight=0.37184891756623883 0.65390101424418334 0.55529444944113526 0.7623320966959003 1.3333324268460272 0.62014759960584553 0.32189624651801141 3.7578911401797104 1.5984483532956799 0.32822524740186043 1.3997586651239533 9.2039468061120697 1.6404252914944661 4.8728974824771285 14.23929308424704 2.1494307965622266 0.75745876412838686 3.5104939255397767 2.3387560346163809 40.675240870856214 12.423385245667303 1.0253648983780297 1.1148447128362025 1.4560435515595598 1.1978946846211327 1.7289011904504152 1.0225881682708857 4.7801690532360217 0.35298147797584434 35.996391781023704 8.9692818749463168
leaf_count=8 35 16 10 24 19 11 95 61 27 43 272 60 103 551 80 24 97 80 2086 398 40 55 51 42 44 18 121 14 967 299
internal_value=-0.000797798 0.0207159 0.0315089 0.0425436 -0.00124821 0.0023203 0.00652359 -0.0148179 0.0134902 0.0108386 0.00160394 -0.0426118 0.0221842 -0.00213042 -0.00450341 -0.019158 -0.0412982 0.0018957 -0.00282182 -0.000222541 -0.00958238 -0.0196133 -0.0376279 0.00121808 0.00468063 -0.00500354 0.00273338 0.000922647 0.000371616 -0.00876867
internal_weight=161.159 3.30486 2.65096 2.09566 157.854 31.2893 23.1235 3.889 1.92667 19.2345 10.6037 1.96232 8.63079 126.565 85.0633 8.75614 4.26795 4.48819 76.3072 53.0986 8.16578 4.79415 2.57089 2.22326 3.37164 2.75149 41.5014 36.7212 36.3494 23.2086
internal_count=5751 85 50 34 5666 941 672 159 88 513 315 71 198 4725 3615 281 121 160 3334 2484 269 188 106 82 81 62 1110 989 981 850
is_linear=0
shrinkage=0.05


Tree=114
num_leaves=31
num_cat=0
split_feature=2 0 0 1 6 6 1 2 2 3 2 0 1 2 1 0 6 0 1 6 3 0 1 1 6 2 6 0 1 0
split_gain=0.547505 0.518132 0.234734 0.292528 0.715405 0.470501 0.712061 0.319993 0.751428 0.449278 0.425331 0.284291 0.272341 0.223987 0.222851 0.833577 0.607446 0.559597 0.400022 0.827636 0.459473 0.349819 1.04323 0.471639 0.325069 0.209225 0.206751 0.348543 0.528253 0.197508
threshold=5.5440414091679253 0.59375000000000011 0.55832500000000007 8.0500000000000025 37.000000000000007 29.500000000000004 8.3500000000000032 2.8161569419805268 2.7326452431975903 2.5000000000000004 2.8999644251029708 0.54500000000000015 7.6500000000000012 2.5872375780558694 8.4500000000000011 0.66457500000000003 56.000000000000007 0.88750000000000007 8.3500000000000032 44.500000000000007 2.5000000000000004 0.6775000000000001 7.0500000000000007 7.0500000000000007 35.500000000000007 3.5635952952329242 65.500000000000014 0.96250000000000013 6.7500000000000009 0.72917500000000002
decision_type=2 2 2 2 2 2 2 2 2 2 2 2 2 2 2 2 2 2 2 2 2 2 2 2 2 2 2 2 2 2
left_child=2 -2 3 7 5 6 -5 8 13 -10 12 -12 -9 -1 18 25 17 -17 21 24 -21 22 -4 -23 -20 -16 27 28 -3 -18
right_child=1 26 14 4 -6 -7 -8 10 9 -11 11 -13 -14 -15 15 16 29 -19 19 20 -22 23 -24 -25 -26 -27 -28 -29 -30 -31
leaf_value=0.005392847000346257 0.042204347343753758 0.016331666347089897 -0.0073930518276088125 -0.056183190687821197 -0.034177123604289816 0.037457843046103438 0.029956759698024044 -0.01817264037837734 -0.059105242527415253 0.02181565967430224 -0.0014730130460299511 -0.023868182488215012 -0.060568592066393562 -0.021353414898153015 -0.066702045643762392 -0.014018282066903854 0.063871206174041587 0.037975106459257675 -0.0064181574812422447 -0.0058297989290895524 -0.044512953696865525 0.0028185631611590098 0.0087128719033599498 -0.0054138575117981614 0.025999913545161436 -0.016133436350248966 0.032677592053113144 0.027402011981821198 -0.0600552799322479 0.028460529249020611
leaf_weight=1.1746739814989333 1.4135121100116514 0.41294747963547684 15.126730070711345 0.50798438396304735 2.5751600060029887 0.74319063394796103 0.45461337029701099 1.412848924694116 0.17876659211469803 4.2357807134394534 11.048404854314864 1.6255768395494676 0.51755403960123647 2.3462871264928253 0.28839521622285147 1.4933393616229302 0.70922387391328789 0.79196038842201222 2.3096218472346659 1.204702966148034 2.1158768774475902 28.10544491573819 29.982680368848378 45.665819033049047 1.1625099144876001 0.70353219489334151 0.41589795239269722 0.47132309898734093 0.50082766776904464 0.88536518160253763
leaf_count=71 44 10 615 26 277 33 22 142 17 232 1009 86 34 273 19 27 7 10 38 24 49 690 898 1009 19 23 9 9 13 16
internal_value=-0.000882125 0.0195454 -0.0012994 -0.00555976 -0.0175416 0.00757238 -0.0155012 -0.00328408 0.00479792 0.0185388 -0.00767555 -0.00434544 -0.0295393 -0.0124302 -0.000424094 0.0100683 0.0205258 0.00399979 -0.000830838 -0.012632 -0.0304787 -0.000156533 0.003312 -0.00227746 0.00443579 -0.0308359 0.00176154 -0.00752151 -0.025535 0.0442101
internal_weight=160.581 3.21451 157.366 26.8208 4.28095 1.70579 0.962598 22.5399 7.93551 4.41455 14.6044 12.674 1.9304 3.52096 130.545 4.87182 3.87989 2.2853 125.673 6.79271 3.32058 118.881 45.1094 73.7713 3.47213 0.991927 1.801 1.3851 0.913775 1.59459
internal_count=5751 85 5666 2222 358 81 48 1864 593 249 1271 1095 176 344 3444 102 60 37 3342 130 73 3212 1513 1699 57 42 41 32 23 23
is_linear=0
shrinkage=0.05


Tree=115
num_leaves=31
num_cat=0
split_feature=0 6 5 1 6 2 5 5 2 5 5 1 1 2 2 6 2 0 5 1 6 0 5 5 2 2 5 2 2 2
split_gain=0.505971 0.97521 0.676457 0.664677 0.640738 1.09322 0.753041 1.99351 1.02769 0.556134 0.519167 0.63934 0.448222 1.08565 0.623077 0.549925 0.436 0.484186 0.829531 0.61953 0.61784 0.672334 0.401926 1.00981 0.622278 0.388669 0.329368 0.486792 0.315032 0.312253
threshold=0.81667500000000015 56.000000000000007 0.53137254901960795 8.2500000000000018 71.500000000000014 3.9372024996980168 0.40877080665813065 0.36914510317720278 2.7142301822081882 0.16859903381642513 0.21807065217391305 5.4500000000000011 7.8500000000000005 2.7607058823271244 2.6723193428129473 67.000000000000014 2.7326452431975903 0.6316750000000001 0.41444372153545878 7.6500000000000012 25.500000000000004 0.5208250000000002 0.2869249394673124 0.34698996655518399 4.0713817066961413 2.6392708554440598 0.44201680672268912 2.9411966330899992 4.0881677204756794 2.827372285901038
decision_type=2 2 2 2 2 2 2 2 2 2 2 2 2 2 2 2 2 2 2 2 2 2 2 2 2 2 2 2 2 2
left_child=3 2 9 16 5 6 7 -5 -8 -2 -11 -12 14 -14 15 -3 17 20 19 -19 21 -1 24 -24 -16 -22 27 -15 29 -4
right_child=1 12 28 4 -6 -7 8 -9 -10 10 11 -13 13 26 22 -17 -18 18 -20 -21 25 -23 23 -25 -26 -27 -28 -29 -30 -31
leaf_value=-0.019812909269943332 0.031142618606725965 0.060732155298610313 0.037477465333558543 -0.023139301434017052 0.034197928258907211 -0.07912907331605501 0.025035981476398725 0.037218594280175286 -0.038425922306964594 -0.029773715465911933 0.049104075703338322 -0.0037622818155184467 -0.018786970679754385 0.064380210265917198 -0.00072640265791557176 0.00094163794651846262 0.00076408262459672516 0.0074275242965734477 -0.04434759849248595 -0.03524003594126681 0.0039280408549234513 0.059435216298683202 -0.048846874838906346 0.0056895753993005064 0.05663453913606941 -0.019435737967508582 0.057153768011107414 0.013291491920735669 0.060135751569392604 0.00095339051863580979
leaf_weight=0.40535167802590677 1.1450503896921898 0.98747091670520848 0.9541120750363915 3.6158535547438024 0.67084793226968109 0.64811109099537212 0.76980420132167626 2.2005727775394917 3.7239260302158073 1.8823759751394415 0.58466024929657834 26.185210214694962 1.027892337180673 0.6420133728533991 1.0821860767900924 0.62988160224631429 85.035648837816552 2.7474355502054091 2.1468027954979334 1.2323699709959326 4.0562375224544667 0.78777137957513332 0.97238834295421828 6.6786505581112579 0.83967671543359745 3.1721307887637522 1.5205012019723652 1.7032914161682127 0.46026280242949713 1.5133456592448054
leaf_count=23 13 16 23 116 25 19 15 69 159 28 10 469 19 9 28 18 3630 74 100 27 225 15 20 180 10 295 24 29 10 35
internal_value=-6.26838e-05 0.00418127 -0.000773526 -0.00192527 -0.0132367 -0.0161406 -0.0121811 -0.00030364 -0.0275545 -0.00302687 -0.0043924 -0.00260767 0.0142625 0.0268843 0.00874274 0.0374466 -0.000604344 -0.00860299 -0.0192974 -0.00578473 -0.000822832 0.0325115 0.00389319 -0.00124159 0.024335 -0.00632503 0.039028 0.0272767 0.0221602 0.0150765
internal_weight=160.022 48.809 32.725 111.213 11.6291 10.9583 10.3102 5.81643 4.49373 29.7973 28.6522 26.7699 16.084 4.8937 11.1903 1.61735 99.5837 14.5481 6.12661 3.97981 8.42149 1.19312 9.5729 7.65104 1.92186 7.22837 3.86581 2.3453 2.92772 2.46746
internal_count=5733 941 588 4792 403 378 359 185 174 520 507 479 353 81 272 34 4389 759 201 101 558 38 238 200 38 520 62 38 68 58
is_linear=0
shrinkage=0.05


Tree=116
num_leaves=22
num_cat=0
split_feature=2 2 0 5 1 2 2 1 5 2 1 5 1 5 5 0 0 5 5 0 3
split_gain=0.614474 0.486391 0.386353 0.587595 0.497857 0.485177 0.466053 0.404979 0.960149 0.746064 0.380754 0.538963 0.348084 0.314391 0.459136 0.612615 0.29971 0.197975 0.696482 0.110186 0.324932
threshold=5.7665570805572965 5.4755168397381269 0.81667500000000015 0.53137254901960795 7.9500000000000011 2.8524677714753515 2.436968623597993 7.8500000000000005 0.43570116350275573 2.6153478486952397 8.2500000000000018 0.36914510317720278 8.1500000000000004 0.49305555555555564 0.39415279556124633 0.54500000000000015 0.76500000000000012 0.45307917888563054 0.29905613512170898 0.74500000000000011 4.5000000000000009
decision_type=2 2 2 2 2 2 2 2 2 2 2 2 2 2 2 2 2 2 2 2 2
left_child=1 2 6 7 5 -5 19 9 -9 -4 16 -12 17 14 15 -2 -8 18 -3 20 -1
right_child=13 12 3 4 -6 -7 10 8 -10 -11 11 -13 -14 -15 -16 -17 -18 -19 -20 -21 -22
leaf_value=-0.05008665216940239 0.052048396082424779 0.0046101236192762907 0.025672785925500919 0.059086291649107885 -0.014176819253753335 0.017937593143140657 9.5451408623710286e-05 0.0019501804134631985 0.035311004871463603 -0.0037612030444901961 -0.02546143935958959 -0.002379642916808112 0.0089948443558226423 -0.007832723398324996 0.055772606645691926 -0.054954208905552727 -0.014600648949488169 -0.017364731626156531 -0.092505739674582088 -0.059959021209189993 0.040341782162961019
leaf_weight=0.33462669223081221 0.27121361903846208 0.29974581976421066 2.3379408693872419 0.93929124623537008 0.86463152896612872 3.0181832402013242 92.203434053473757 9.8135360046289843 2.7643024818971744 27.196597346453927 3.8132712672813778 7.509712893050164 0.53411097917705763 0.50724035780876864 1.0961075536906717 0.26394075993448496 3.6049055450130245 0.62050929421093315 0.48065632279030979 0.35804296098649502 0.14128110220190138
leaf_count=32 6 6 37 30 17 61 4151 151 49 573 123 280 14 11 15 15 114 13 16 6 13
internal_value=-7.38875e-05 -0.000436876 -0.000125662 0.00366167 0.0201946 0.0277041 -0.00177208 0.00176855 0.00928208 -0.00143122 -0.00148224 -0.010153 -0.0253498 0.0265472 0.0372376 -0.000725813 -0.000457507 -0.038444 -0.0552044 -0.0390055 -0.0232415
internal_weight=158.973 156.835 154.9 46.9345 4.82211 3.95747 107.965 42.1124 12.5778 29.5345 107.131 11.323 1.93502 2.1385 1.63126 0.535154 95.8083 1.40091 0.780402 0.833951 0.475908
internal_count=5733 5686 5637 918 108 91 4719 810 200 610 4668 403 49 47 36 21 4265 35 22 51 45
is_linear=0
shrinkage=0.05


Tree=117
num_leaves=31
num_cat=0
split_feature=6 0 1 0 1 1 5 6 3 3 0 0 1 1 6 5 6 0 1 1 3 5 5 6 1 1 3 0 0 3
split_gain=0.343932 1.22002 0.802465 0.760845 0.527774 0.550548 0.445375 0.410731 0.375848 0.285006 0.533067 0.423225 0.612074 0.422506 1.27366 0.421596 0.331378 0.307718 0.577875 0.261924 0.258358 0.355112 0.206424 0.201544 0.417797 0.782112 0.563227 0.207935 0.174803 0.637135
threshold=69.500000000000014 0.62750000000000006 6.6500000000000012 0.60832500000000012 7.6500000000000012 7.8500000000000005 0.48499103942652338 70.500000000000014 4.5000000000000009 2.5000000000000004 0.96250000000000013 0.76500000000000012 8.1500000000000004 8.0500000000000025 48.500000000000007 0.38348416289592763 56.000000000000007 0.60832500000000012 6.5500000000000007 8.1500000000000004 3.5000000000000004 0.44201680672268912 0.38006535947712422 72.500000000000014 8.2500000000000018 7.8500000000000005 2.5000000000000004 0.64500000000000013 0.83667500000000017 3.5000000000000004
decision_type=2 2 2 2 2 2 2 2 2 2 2 2 2 2 2 2 2 2 2 2 2 2 2 2 2 2 2 2 2 2
left_child=9 3 7 4 20 -6 -7 -3 -9 10 11 17 15 16 -15 -13 -12 19 -19 -1 -2 -22 -14 24 25 -4 -26 -25 -11 -30
right_child=1 2 23 -5 5 6 -8 8 -10 28 13 12 22 14 -16 -17 -18 18 -20 -21 21 -23 -24 27 26 -27 -28 -29 29 -31
leaf_value=-0.0073807458262088307 0.034639028047714231 0.033688114712556907 0.010172889390814267 -0.090401579556033895 -0.060449703987571414 -0.039994528762030357 0.030594469370236611 0.00066443805631555297 -0.072870833157089435 -0.00098382745214631393 0.0086341260400599196 -0.075845178340730929 0.013431878296059569 0.038299059378024095 -0.053830030918589067 -0.026700703878638928 0.055502355094582394 0.060510794289473591 -0.003022081674625943 -0.034289963238417133 0.02393774778878913 -0.019589790946348898 -0.025099414690625245 0.023574729266013346 0.030877262471288247 0.048557119185082154 -0.033893895137563176 0.061159385315506826 -0.012516395786417615 0.0059936472003822398
leaf_weight=2.5351380670908861 0.60403263586340394 0.22312068985775013 3.3729484558571112 0.30134937446564425 0.78798964072484501 0.42807781987357885 0.46747820876771584 0.28698494948912412 0.44044811476487666 92.990992950013606 0.79744702856987648 0.71654441708233152 0.84945622831583001 0.7691176403313873 0.73236802034080029 1.1162289080675689 0.71555978339165449 0.3814946855418383 5.7900016303174198 1.4057358155550899 0.7648237782996149 1.2097049879521362 0.58834430458955467 0.87692534923553445 0.5959306228905914 2.1879607324954122 0.76838522590696812 0.63409573677927256 5.4977828825358293 30.111565866973251
leaf_count=273 54 7 110 8 51 36 42 19 20 3693 14 26 13 13 14 41 10 8 150 169 81 109 18 21 11 37 12 20 110 543
internal_value=8.67722e-05 0.00758517 0.017895 -0.0136215 -0.00819287 -0.0299679 -0.00314723 -0.0256573 -0.0438599 -0.00063465 -0.00684262 -0.0111212 -0.0267561 0.0121525 -0.00663803 -0.0459143 0.0307999 -0.00606457 0.000905241 -0.0169794 0.00602405 -0.00272962 -0.00233503 0.0228022 0.0191923 0.0252753 -0.00560197 0.039347 0.000156909 0.00313585
internal_weight=158.948 13.9503 9.3868 4.56346 4.26211 1.68355 0.895556 0.950554 0.727433 144.998 16.3974 13.3829 3.27057 3.01449 1.50149 1.83277 1.51301 10.1124 6.1715 3.94087 2.57856 1.97453 1.4378 8.43625 6.92523 5.56091 1.36432 1.51102 128.6 35.6093
internal_count=5733 638 257 381 373 129 78 46 39 5095 749 698 98 51 27 67 24 600 158 442 244 190 31 211 170 147 23 41 4346 653
is_linear=0
shrinkage=0.05


Tree=118
num_leaves=29
num_cat=0
split_feature=2 6 0 6 2 2 0 2 0 5 3 3 2 6 2 6 6 6 0 2 2 5 2 5 6 3 2 0
split_gain=0.60999 0.384349 0.338368 0.835428 0.583929 0.965346 0.986074 0.848606 0.347352 0.249725 0.523742 0.755408 1.32392 1.16295 0.472601 0.287893 0.277078 0.206125 1.13764 0.205747 0.198071 0.469756 0.419925 0.129198 0.103026 0.101298 0.0289532 0.019272
threshold=5.7665570805572965 48.500000000000007 0.59375000000000011 69.500000000000014 3.1990806349003873 3.118745169810095 0.73667500000000008 4.1540054553390906 0.70500000000000007 0.48212005108556838 2.5000000000000004 3.5000000000000004 2.7717758900264529 60.500000000000007 3.8301357469544932 20.500000000000004 54.500000000000007 20.500000000000004 0.81667500000000015 5.7445296940494162 2.8946955763840134 0.6043478260869567 2.9466204764652528 0.41444372153545878 39.500000000000007 3.5000000000000004 3.4931488817109 0.51457500000000012
decision_type=2 2 2 2 2 2 2 2 2 2 2 2 2 2 2 2 2 2 2 2 2 2 2 2 2 2 2 2
left_child=2 24 9 17 5 6 -5 8 -6 14 26 12 -12 -13 15 -1 -17 18 -4 25 21 -19 -22 -3 -2 -16 27 -11
right_child=1 23 3 4 7 -7 -8 -9 -10 10 11 13 -14 -15 19 16 -18 20 -20 -21 22 -23 -24 -25 -26 -27 -28 -29
leaf_value=0.027776706012217052 0.019973437122779915 0.026950299059045502 -0.057366489606854323 -0.019975531895057644 0.049876152206279216 -0.082452254498649347 0.029869046848880518 -0.022214148602744052 0.022251503870942446 -0.041431217541661479 -0.043758312644723019 0.008760597187986054 0.045112047499840546 -0.031240959586474739 0.0099021922182177761 -0.0090843955158463816 0.0016400300115682093 0.0022389962381018391 0.034687562032292382 0.030199802329251371 -0.015625873830027701 0.036733491530408856 -0.00032274184972946174 0.057384233694359688 -0.018687682766146366 -0.038020984850917462 -0.06354082516605368 -0.018785635700586872
leaf_weight=0.66047319024801865 0.2902725138701493 0.69953756500035502 0.81124702841043361 1.7579403262352551 2.0151542057574261 0.31703541841125105 2.2780062155798078 0.77627394464798261 2.6140503925271332 0.42109646895551023 0.5205927279312158 6.446569999039637 2.1489749494357966 2.530082205805229 0.11803735274588567 18.683296909381173 8.8877862309454922 32.837412262219004 0.57247460074722767 0.13032341748476017 4.8213994256220749 1.017575851175933 63.834453367599053 0.69536273181438446 0.42406896455213428 1.6753577298950404 0.11979281227104366 0.12093141913646832
leaf_count=13 9 15 15 104 50 13 69 20 49 68 28 341 91 195 20 1092 822 893 9 3 158 34 1406 11 12 159 12 22
internal_value=0.000139009 0.0268478 -0.000221846 0.001201 0.0151885 0.00155888 0.00815821 0.0261643 0.0342769 -0.00403008 0.00197172 0.00443045 0.0277814 -0.0025139 -0.00647975 -0.0048458 -0.00562728 -0.0001128 -0.0192818 -0.0304588 0.000145949 0.00327579 -0.00139741 0.0421217 -0.00297774 -0.0348668 -0.0412952 -0.0363788
internal_weight=158.226 2.10924 156.116 113.653 9.75846 4.35298 4.03595 5.40548 4.6292 42.4633 12.308 11.6462 2.66957 8.97665 30.1553 28.2316 27.5711 103.895 1.38372 1.92372 102.511 33.855 68.6559 1.3949 0.714341 1.7934 0.661821 0.542028
internal_count=5733 47 5686 2820 305 186 173 119 99 2866 757 655 119 536 2109 1927 1914 2515 24 182 2491 927 1564 26 21 179 102 90
is_linear=0
shrinkage=0.05


Tree=119
num_leaves=31
num_cat=0
split_feature=6 2 0 2 0 6 2 5 2 5 2 5 5 2 5 5 0 5 2 6 0 0 3 0 2 0 3 2 2 6
split_gain=0.429662 0.518104 0.497792 0.284188 0.271861 0.499917 0.504895 1.01067 1.1696 0.577687 0.471279 0.405104 0.400145 0.371596 0.341006 0.340632 0.32768 0.963117 0.776156 0.311802 0.49165 0.269055 0.244919 0.168689 0.158686 0.135277 0.289466 0.0436404 0.0340267 0.0135853
threshold=72.500000000000014 3.864809981705871 0.64500000000000013 3.4475878423115245 0.81667500000000015 56.000000000000007 3.0160486938698843 0.57855191256830618 3.1635937962205944 0.20293040293040296 2.436968623597993 0.16859903381642513 0.53137254901960795 2.6690321316788999 0.21807065217391305 0.57855191256830618 0.76500000000000012 0.34698996655518399 3.1567830665350254 18.500000000000004 0.55832500000000007 0.74500000000000011 3.5000000000000004 0.57750000000000001 3.0607470985158929 0.74500000000000011 4.5000000000000009 2.8219142431241191 3.3235600470473003 51.500000000000007
decision_type=2 2 2 2 2 2 2 2 2 2 2 2 2 2 2 2 2 2 2 2 2 2 2 2 2 2 2 2 2 2
left_child=4 2 3 22 10 11 9 8 -8 -7 25 -6 14 -14 -13 -11 19 24 -19 20 -12 -21 27 -24 -18 26 29 -2 -4 -1
right_child=1 -3 28 -5 5 6 7 -9 -10 15 16 12 13 -15 -16 -17 17 18 -20 21 -22 -23 23 -25 -26 -27 -28 -29 -30 -31
leaf_value=-0.058325543610540279 0.056927875623883989 0.063299303347124469 0.030700162137291015 0.027692813417245801 0.029146082069699476 -0.040855360813250058 -0.034011643615943644 -0.063466795735820036 0.014730448247079451 0.022005378320258728 0.0044478319554257803 -0.025004972598684019 -0.025124979066503229 0.024478785317956161 -0.0019882802946707646 0.066856517115672628 -0.045170180067490455 -0.026314433680424118 0.021975922631714613 -0.0011996190109048682 -0.070663900431144469 0.0073521457371152031 -0.011017043684750205 -0.065218634978928672 -0.091565169503720178 -0.063482172519856564 0.038047301428484559 0.0021154840123439778 0.054560223522899534 -0.037329777215290037
leaf_weight=0.16786022949963708 0.070482099778018226 0.56795125571079541 0.26719636726193119 0.30622407898772508 1.1102319918572927 0.34628921840339799 1.4547357314731888 0.53418594505637962 7.9932213537395 5.1629117408301681 0.47101431153714557 1.7145839771255911 0.45030133053660337 2.3371106130070984 26.187970438273624 0.46114028571173538 0.39923790376633306 1.7688702886225658 1.5711758101824669 91.737120901241724 0.40535231120884418 10.222374255536122 0.23839946510270238 0.36080326198134571 0.3423474607989192 0.34317568130791187 0.13941394223365933 0.074907830217853189 0.33900035265833139 0.14240896876435727
leaf_count=11 13 19 16 13 13 12 43 8 144 127 16 28 11 57 479 11 14 65 35 4285 6 205 26 16 7 6 12 8 7 20
internal_value=0.000270684 0.0220872 0.00796157 -0.0128533 -4.1552e-05 0.00309867 0.0103217 0.00344242 0.00722545 0.0218236 -0.00143375 -0.000524758 -0.00159812 0.0164654 -0.00340263 0.0256829 -0.00114894 -0.0150429 -0.00359839 -0.000597476 -0.0302942 -0.000342226 -0.0295285 -0.0436539 -0.0665881 -0.0398404 -0.0217983 0.0286874 0.0440433 -0.0486888
internal_weight=157.688 2.22496 1.65701 1.05082 155.463 47.7527 15.9525 9.98214 9.44796 5.97034 107.71 31.8002 30.69 2.78741 27.9026 5.62405 106.917 4.08163 3.34005 102.836 0.876367 101.959 0.744593 0.599203 0.741585 0.792859 0.449683 0.14539 0.606197 0.310269
internal_count=5733 118 99 76 5615 933 345 195 187 150 4682 588 575 68 507 138 4633 121 100 4512 22 4490 63 42 21 49 43 21 23 31
is_linear=0
shrinkage=0.05


Tree=120
num_leaves=31
num_cat=0
split_feature=0 2 2 5 5 2 2 5 2 2 5 2 2 2 6 2 6 2 2 5 5 6 6 6 6 2 2 2 0 5
split_gain=0.651407 0.509201 0.692085 1.18521 1.16922 0.829847 1.63307 0.974563 0.836218 0.710781 0.621217 0.527404 0.514258 0.598396 0.747211 0.666327 0.653777 0.57032 0.551421 0.471458 0.45787 0.453707 0.705262 0.696401 0.444751 0.474691 0.63014 0.701869 0.465197 0.442655
threshold=0.73667500000000008 3.0063754226394113 3.1567830665350254 0.39545896066051484 0.27622890682318418 3.2356345651664475 3.3179759011960215 0.52052545155993446 3.220832220387837 3.1062888222224907 0.45307917888563054 3.1252885749399155 2.8078352006066667 2.6153478486952397 28.500000000000004 2.6455007957016399 24.500000000000004 2.5824491666626233 2.5670225209637745 0.1252535496957404 0.24744897959183676 37.000000000000007 31.500000000000004 41.500000000000007 64.000000000000014 4.1503388690745311 3.9706220281196134 3.9575540059567773 0.54500000000000015 0.55530303030303041
decision_type=2 2 2 2 2 2 2 2 2 2 2 2 2 2 2 2 2 2 2 2 2 2 2 2 2 2 2 2 2 2
left_child=19 12 3 4 20 8 -7 -8 10 -6 -4 29 13 17 16 -16 -15 18 -2 -1 -3 22 -14 -23 -21 26 27 -26 -27 -5
right_child=1 2 5 11 9 6 7 -9 -10 -11 -12 -13 21 14 15 -17 -18 -19 -20 24 -22 23 -24 -25 25 28 -28 -29 -30 -31
leaf_value=-0.03790035339049843 0.018117534245699098 -0.0045418256170639418 0.035962309989008616 -0.031609001161456762 0.0051675565088441615 -0.043765253296453289 0.00038112423376721613 0.03174993358762293 0.068631091553567766 0.056470177696080252 -0.0087973732825572179 -0.06856618091685146 0.015103131620708679 -0.0090190938358309363 -0.030436511460345733 0.0085091992100065923 -0.074091430268177799 0.044655486057313482 -0.033674421622411126 -0.00078744995899231542 -0.06263082918799262 0.061282576421231374 -0.05549432170119957 0.018153710328504154 -0.0081770881409108584 -0.0034917770668552589 0.032406891091557068 -0.091820446973001499 -0.06590140979561053 0.029062359379653874
leaf_weight=0.95300892496015777 2.3600540687330098 0.6364353708922843 1.5018390533514354 2.2903136638924488 2.43786358460784 1.9401085781864846 22.472192347748209 2.7826104937121263 0.85782853513956059 0.93373434292152513 1.6021724434103815 0.86870840610936273 1.4764612726867179 1.0333845913410176 1.272101180278695 8.0370111782103759 0.61612651403993357 1.4891219604760406 0.65698867663741101 74.431059254158754 0.72642677370458841 1.1363644143566487 0.46523416927084316 5.3076239079236984 17.259879880628443 0.51874502340797224 0.95058487565256555 0.25450149457901616 0.70355372061021626 0.34605832514353085
leaf_count=47 42 13 26 64 38 60 359 56 11 11 27 23 30 19 43 228 12 25 11 3161 16 24 14 137 1114 38 39 5 25 12
internal_value=-0.000293524 0.00363868 0.000147954 -0.0127389 0.00357774 0.00355594 0.000441371 0.00383738 0.024935 0.0193754 0.0128591 -0.0347785 0.00940468 0.00399827 -0.00230865 0.00318722 -0.033325 0.0193362 0.00683936 -0.00290945 -0.0355042 0.0193751 -0.00181216 0.0257593 -0.00255514 -0.00923821 -0.00724066 -0.00939251 -0.0394147 -0.0236451
internal_weight=158.318 63.2468 39.3963 8.23954 4.73446 31.1568 27.1949 25.2548 3.96184 3.3716 3.10401 3.50508 23.8505 15.4648 10.9586 9.30911 1.64951 4.50616 3.01704 95.0713 1.36286 8.38568 1.9417 6.44399 94.1183 19.6873 18.465 17.5144 1.2223 2.63637
internal_count=5730 1301 716 177 78 539 475 415 64 49 53 99 585 380 302 271 31 78 53 4429 29 205 44 161 4382 1221 1158 1119 63 76
is_linear=0
shrinkage=0.05


Tree=121
num_leaves=31
num_cat=0
split_feature=0 2 2 1 2 6 2 2 1 1 2 2 6 6 6 2 2 3 2 2 6 6 6 0 1 6 0 6 1 2
split_gain=0.657236 0.4108 0.455306 0.457512 0.410346 0.454628 0.371444 0.748945 0.898697 0.438154 0.339091 0.871264 1.08602 0.538598 0.454304 0.446675 0.41293 0.418172 0.797548 0.410971 0.470328 0.408947 0.785894 0.502444 0.393515 0.321376 0.307637 0.305451 0.299661 0.279205
threshold=0.73667500000000008 2.6153478486952397 2.5824491666626233 7.5500000000000007 2.6336138048967253 51.500000000000007 4.589410143454125 3.7155792478796408 6.4500000000000011 8.4500000000000011 2.7334904123527184 2.8161569419805268 48.500000000000007 18.500000000000004 68.500000000000014 2.7741811991874781 2.9920734793724502 3.5000000000000004 2.945359599248734 3.0229339164774318 29.500000000000004 24.500000000000004 34.500000000000007 0.59375000000000011 7.3500000000000005 20.500000000000004 0.40625000000000006 48.500000000000007 7.5500000000000007 4.8513053071537007
decision_type=2 2 2 2 2 2 2 2 2 2 2 2 2 2 2 2 2 2 2 2 2 2 2 2 2 2 2 2 2 2
left_child=10 2 3 -2 5 -3 7 9 -9 -6 13 12 21 -1 15 -14 17 18 -13 20 -18 23 -23 -12 -15 -19 -26 -21 -28 -8
right_child=1 4 -4 -5 6 -7 29 8 -10 -11 11 16 14 24 -16 -17 19 25 -20 27 -22 22 -24 -25 26 -27 28 -29 -30 -31
leaf_value=-0.088645513700976952 0.020349029592055687 -0.075861649058036579 0.041291731125232739 -0.022093775420383099 0.0032270395374181986 -0.00013018479758641975 0.038719293318242781 -0.074637764080062896 -0.0085834619160824552 0.034347624523118264 -0.023427623361114654 0.012677894936340917 -0.039633757833373987 -0.017252394680684954 0.021510332241242373 -0.0026101087885209255 0.044553791213935628 -0.082135397248624745 -0.04449504571986633 -0.0073344168532161599 0.0038739492936558195 0.046408627035026635 0.011635090402992557 0.035214166258442765 -0.035208424902212418 -0.015720067002260682 0.028766542253346846 0.0004690001006273893 -0.0016977256074935166 0.0096539081012065875
leaf_weight=0.21513954736292262 2.0426942333579059 0.34840133041143317 1.4570714822039006 0.92132270894944657 46.76810290128924 0.45959035959094763 1.1213434347882856 0.57417342904955049 4.9908815170638263 1.1590525349602092 0.99098582030273774 3.2950201258063307 1.4351264344877557 6.8966870382428151 0.89566905915853556 1.8842566786042878 0.9441786643583322 0.18556936737149854 0.7485538147157057 22.983926110726316 2.8712522188434377 2.8480184914078563 3.7831481028115377 0.5784988384693861 0.57186095608631138 9.8696699946303834 0.96065744385123242 27.59868728958827 5.0536807046446484 3.139704454690218
leaf_count=3 37 11 25 16 1006 11 18 15 82 16 27 155 110 453 77 103 27 5 56 877 142 56 125 11 73 641 26 1251 211 64
internal_value=-0.000247694 0.00370982 0.0184064 0.00715628 0.0026003 -0.0327852 0.00309536 0.00196363 -0.0153986 0.00397965 -0.00288222 -0.00165059 0.0105361 -0.0101573 -0.0100904 -0.0186172 -0.00385955 -0.0114851 0.00209394 -0.00188316 0.0139407 0.0211379 0.02657 -0.00181275 -0.00890489 -0.0169458 -0.000163872 -0.00307675 0.00316827 0.0173028
internal_weight=157.593 62.9823 4.42109 2.96402 58.5612 0.807992 57.7533 53.4922 5.56505 47.9272 94.6106 80.9126 12.4157 13.698 4.21505 3.31938 68.4969 14.0988 4.04357 54.398 3.81543 8.20065 6.63117 1.56948 13.4829 10.0552 6.5862 50.5826 6.01434 4.26105
internal_count=5730 1301 78 53 1223 22 1201 1119 97 1022 4429 3663 509 766 290 213 3154 857 211 2297 169 219 181 38 763 646 310 2128 237 82
is_linear=0
shrinkage=0.05


Tree=122
num_leaves=31
num_cat=0
split_feature=0 2 2 2 1 6 6 6 2 6 6 6 0 6 3 6 4 1 1 6 1 6 6 2 2 2 2 0 6 1
split_gain=0.576346 0.377132 0.639325 0.467647 0.542741 0.967149 0.715903 0.482162 0.490668 0.356514 0.330767 0.323872 0.915929 0.60082 0.509102 0.497122 0.430078 0.375239 0.32258 0.275282 0.357044 0.703959 0.303657 0.896394 0.703757 0.545912 0.790102 0.386004 0.356233 0.29661
threshold=0.73667500000000008 3.0032785644731779 3.078801454774291 2.9956819910257435 7.0500000000000007 67.000000000000014 53.500000000000007 67.000000000000014 2.9411966330899992 69.500000000000014 57.500000000000007 67.000000000000014 0.9125000000000002 64.000000000000014 3.5000000000000004 54.500000000000007 1.0000000180025095e-35 6.8500000000000005 7.4500000000000011 64.000000000000014 5.9500000000000011 27.500000000000004 54.500000000000007 2.9920734793724502 3.0208390702891097 2.8161569419805268 2.7334904123527184 0.59375000000000011 49.500000000000007 5.3500000000000005
decision_type=2 2 2 2 2 2 2 2 2 2 2 2 2 2 2 2 2 2 2 2 2 2 2 2 2 2 2 2 2 2
left_child=19 3 9 4 5 6 -2 8 -6 10 -3 13 14 15 -13 -4 -14 -15 -9 20 21 -1 25 27 -25 26 -22 -24 -27 -21
right_child=1 2 11 -5 7 -7 -8 18 -10 -11 -12 12 16 17 -16 -17 -18 -19 -20 29 22 -23 23 24 -26 28 -28 -29 -30 -31
leaf_value=0.024788567195442687 0.015452613401965793 -0.015084566725459929 0.006229447092128108 0.060199637290346587 0.0012121094949273286 -0.036578056482286139 0.053663830262573632 -0.016172630440397948 -0.039419870908338477 0.022337395334612389 -0.05149963915361383 -0.05801712247752025 0.053288746443305057 -0.0010801382348951012 -0.012398319234742376 -0.010672919169206162 -0.0022666246554475496 0.045620168584318582 0.030949370030825998 0.02826869140108039 -0.0050616844034896301 -0.03662607838285685 0.0017622855920494723 0.075358639326441143 0.012673812546214025 -0.0074492920469089634 0.015765428198721659 -0.02702366238493192 0.0047950957803910106 -0.0089238996444346175
leaf_weight=0.63684673793613855 4.8261220767162802 3.1997838597744699 22.455406585475437 0.431378573179244 12.829755087033845 0.70336688682436932 1.6431111881975082 0.44032944156788234 0.78867931477725584 0.50708686932921399 0.77453791117295612 0.79831699794158284 0.68491762038320281 0.62195565551519338 2.6146434335969388 5.3954196078702799 0.70895954361185431 1.3946943525224922 2.0730704511515796 0.55181467859074729 9.3028152231709118 1.7454054622794499 2.6194845880381754 0.47488884977064838 7.835608845227398 33.50712376635056 8.9200404402945406 2.0967820823425427 7.2201953166804733 18.774061419710051
leaf_count=24 117 67 380 7 287 40 46 18 18 13 21 22 12 11 55 102 15 21 49 24 427 146 225 20 329 1311 277 111 338 1197
internal_value=-6.00188e-05 0.00364241 0.000627845 0.00861539 0.00766053 0.0191038 0.0251578 0.00257258 -0.001141 -0.0171439 -0.0221813 0.00292472 -0.00912071 0.00486329 -0.0230689 0.00295503 0.0250319 0.0312173 0.0226939 -0.00254549 -0.00116375 -0.0202081 -0.000533434 0.00637515 0.0162558 -0.00206009 0.00513313 -0.0110355 -0.00527859 -0.00786193
internal_weight=156.577 62.8915 39.1557 23.7358 23.3044 7.1726 6.46923 16.1318 13.6184 4.48141 3.97432 34.6743 4.80684 29.8675 3.41296 27.8508 1.39388 2.01665 2.5134 93.6851 74.3592 2.38225 71.9769 13.0268 8.3105 58.9502 18.2229 4.71627 40.7273 19.3259
internal_count=5730 1301 719 582 575 203 163 372 305 101 88 618 104 514 77 482 27 32 67 4429 3208 170 3038 685 349 2353 704 336 1649 1221
is_linear=0
shrinkage=0.05


Tree=123
num_leaves=31
num_cat=0
split_feature=0 5 3 5 5 2 2 2 2 0 0 5 0 5 2 2 1 3 0 1 5 3 0 2 2 2 2 2 2 1
split_gain=0.519855 0.488732 0.689979 0.529773 0.481304 0.699419 0.887109 0.744328 0.643893 0.66582 0.465991 0.445934 0.436008 0.386778 0.661716 1.43803 0.585057 0.613472 0.475945 0.459952 0.385976 0.36665 0.320675 0.383189 0.618505 0.327826 0.196898 0.453277 0.189705 0.827148
threshold=0.73667500000000008 0.28851224105461398 1.5000000000000002 0.2902777777777778 0.5272058823529413 3.2356345651664475 3.220832220387837 3.3643075840091208 3.220832220387837 0.83667500000000017 0.88750000000000007 0.1252535496957404 0.44582500000000008 0.48331479421579543 2.8161569419805268 2.7717758900264529 7.8500000000000005 3.5000000000000004 0.55832500000000007 7.9500000000000011 0.23182397959183676 4.5000000000000009 0.55832500000000007 2.8999644251029708 3.3235600470473003 2.5501084575884092 2.6949564733353122 3.3179759011960215 2.8451419081642224 6.8500000000000005
decision_type=2 2 2 2 2 2 2 2 2 2 2 2 2 2 2 2 2 2 2 2 2 2 2 2 2 2 2 2 2 2
left_child=11 2 -2 -3 5 6 -5 -7 9 -6 -10 12 -1 22 15 18 17 -16 -15 -18 28 -17 23 25 -25 -13 -22 -28 -4 -30
right_child=1 3 20 4 8 7 -8 -9 10 -11 -12 13 -14 14 16 21 19 -19 -20 -21 26 -23 -24 24 -26 -27 27 -29 29 -31
leaf_value=0.0091559930557661637 -0.034218173888263752 -0.053481408941428658 0.016302522633957036 0.0038755635123534195 -0.028692573427794667 -0.027839495646420603 0.068310705177257611 -0.0026415387038879485 0.049847640786066974 0.015323759193057496 0.0046171575152466676 0.024952241114449422 -0.061843364361535105 0.011819866422505827 0.014207628760692257 0.055588860956592968 -0.065098188221801634 -0.014192705701882153 -0.023655969046875006 -0.021889479309243915 0.040762880682589937 0.0068558075403977103 0.0016780201950739185 0.0094908292714317635 -0.01443382934346284 -0.016763432225930026 0.0037787710931817364 0.031416144915252825 0.017494498573840712 -0.033269873385731882
leaf_weight=0.33530936297029157 0.76495973113924165 0.4400376845151176 2.1505682296119613 23.074039027444091 1.2363239331170905 3.6514824372716275 0.5468185655772676 14.847353868652133 1.6375959464348855 2.8161838781088591 0.87303461926057924 0.50219502230175006 0.60890770237892866 1.4834328455035599 2.4663202066731165 1.3656872344436122 0.75843376672128116 8.3022986133582872 2.6068610124057159 3.277254060987616 1.2045135376974938 0.53801196056883771 52.403639692289289 6.8729213091428374 4.4508263009483926 7.5724583857227117 2.7663832111284137 3.1993421576917171 2.0142664010636513 1.3337564864195881
leaf_count=17 22 8 28 549 44 83 7 247 38 74 19 38 30 117 103 60 34 444 120 138 19 24 1619 615 429 641 64 44 24 31
internal_value=-8.31513e-05 0.00344527 0.0118963 0.00113413 0.00162779 -0.000334685 0.00536723 -0.00761536 0.0142222 0.00189542 0.0341194 -0.00244274 -0.0366301 -0.00209414 -0.00809825 0.00591787 -0.0137731 -0.00768822 -0.0107899 -0.0300098 0.0146808 0.0418162 -0.000354974 -0.00584699 8.71845e-05 -0.014169 0.0223234 0.0186003 0.00471473 -0.00272857
internal_weight=156.101 62.5567 13.4338 49.1229 48.6828 42.1197 23.6209 18.4988 6.56314 4.05251 2.51063 93.5446 0.944217 92.6003 20.7983 5.99399 14.8043 10.7686 4.09029 4.03569 12.6688 1.9037 71.802 19.3984 11.3237 8.07465 7.17024 5.96573 5.49859 3.34802
internal_count=5730 1301 232 1069 1061 886 556 330 175 118 57 4429 47 4382 1040 321 719 547 237 172 210 84 3342 1723 1044 679 127 108 83 55
is_linear=0
shrinkage=0.05


Tree=124
num_leaves=31
num_cat=0
split_feature=0 3 5 0 1 0 6 5 1 4 1 5 1 1 1 0 0 6 0 5 5 3 6 6 1 1 6 5 3 5
split_gain=0.493218 0.506691 0.374039 0.628759 0.525122 0.738715 0.554466 0.509174 0.501635 0.459315 1.01996 1.13834 0.985102 0.711948 1.58624 0.869375 0.667622 0.598632 0.498337 0.49625 0.322938 0.921653 0.576706 0.685627 0.350634 0.342525 0.315589 0.823732 0.322273 0.309202
threshold=0.61832500000000012 2.5000000000000004 0.38956639566395673 0.62250000000000016 6.8500000000000005 0.63542500000000002 56.000000000000007 0.57021857923497277 7.0500000000000007 1.0000000180025095e-35 8.0500000000000025 0.28851224105461398 7.0500000000000007 8.3500000000000032 8.4500000000000011 0.66125000000000012 0.74500000000000011 39.500000000000007 0.63542500000000002 0.1252535496957404 0.4160256410256411 4.5000000000000009 22.500000000000004 39.500000000000007 7.8500000000000005 8.2500000000000018 39.500000000000007 0.55530303030303041 4.5000000000000009 0.38348416289592763
decision_type=2 2 2 2 2 2 2 2 2 2 2 2 2 2 2 2 2 2 2 2 2 2 2 2 2 2 2 2 2 2
left_child=1 29 9 -4 5 -5 -7 8 -6 13 11 12 -11 15 16 17 -15 -2 -13 -17 21 22 -3 -24 -23 26 28 -28 -22 -1
right_child=2 20 3 4 7 6 -8 -9 -10 10 -12 18 -14 14 -16 19 -18 -19 -20 -21 25 24 23 -25 -26 -27 27 -29 -30 -31
leaf_value=-0.0070029202828839178 0.069775914650133206 -0.034730164428803743 0.054414428369348726 -0.059500482238880693 0.014507884930509227 -0.00027355893183459221 -0.026267268028530508 0.01705313267535782 -0.0031168082997577156 0.017256122436443824 0.037399760401088014 -0.046680610921934707 -0.019397458303138868 -0.016134398467275279 0.021358867546698631 -0.038538976740672165 -0.071112191635662139 0.022101931943422054 -0.011585097592125037 0.0099585547016558668 -0.012314092770946182 -0.018102442285126186 0.01940884259889639 -0.0060979280764570654 -0.051971499095450617 -0.028146114180010381 0.012311073338504477 -0.014936821756340849 0.0054246944881084251 -0.035269323121997195
leaf_weight=1.867252750496845 0.96846490912140071 1.0612960685975874 0.50441803969442744 0.74966744350967829 4.5775110819376996 6.8959197506774199 2.9203322640969418 4.3235648244153699 34.206167533062398 7.4936543251387828 1.6270481385290612 1.1391015124972899 2.4267446270678192 1.3604899523779743 2.1491308631375432 0.54103633947670715 0.92944446112960566 2.0571668236516416 9.0286090456647781 21.042383241583593 6.1898581077111938 6.0557782641117219 4.3200993486680073 6.7528174451726954 0.87451866932678957 0.99578975548501958 12.317953154066343 3.5797844143671673 4.3667724197148345 2.0077574347669724
leaf_count=185 10 25 7 38 129 203 126 137 786 149 16 40 75 19 30 10 17 47 208 400 184 640 135 623 74 62 605 241 198 311
internal_value=-0.000211449 -0.0042774 0.00174091 -0.00114858 -0.00167076 -0.0116602 -0.00800668 0.000777741 -0.00103662 0.00482474 -0.000676086 -0.00376006 0.00828986 0.00893693 -0.00949356 0.0122615 -0.0384489 0.0373617 -0.0155169 0.00874286 -0.00283026 -0.00782939 0.000478889 0.00385354 -0.0223763 0.000641706 0.00172533 0.00617551 -0.00497641 -0.0216486
internal_weight=155.331 50.3897 104.941 54.1776 53.6732 10.5659 9.81625 43.1072 38.7837 50.7633 21.7152 20.0881 9.9204 29.0481 4.43907 24.6091 2.28993 3.02563 10.1677 21.5834 46.5147 19.0645 12.1342 11.0729 6.9303 27.4502 26.4544 15.8977 10.5566 3.87501
internal_count=5730 3283 2447 1426 1419 367 329 1052 915 1021 488 472 224 533 66 467 36 57 248 410 2787 1497 783 758 714 1290 1228 846 382 496
is_linear=0
shrinkage=0.05


Tree=125
num_leaves=31
num_cat=0
split_feature=2 6 3 2 2 6 2 2 1 1 6 6 1 2 6 1 0 1 0 2 3 6 1 2 2 6 6 0 4 3
split_gain=0.652722 0.855222 0.458849 1.47353 0.71793 0.770715 1.03827 0.653855 0.607431 0.619396 0.549998 0.867369 0.542473 0.534363 0.495505 1.11179 0.513397 0.48991 0.498417 0.691743 0.564784 0.452363 0.598941 0.452288 0.403107 0.430699 0.373677 0.321168 0.253766 0.263217
threshold=2.5296351104100774 43.500000000000007 4.5000000000000009 2.7806802694834509 4.0258670713914393 45.500000000000007 4.1540054553390906 2.7607058823271244 7.4500000000000011 8.1500000000000004 28.500000000000004 27.500000000000004 8.3500000000000032 3.9706220281196134 69.500000000000014 7.9500000000000011 0.71457500000000007 5.1500000000000012 0.96250000000000013 3.3643075840091208 3.5000000000000004 43.500000000000007 7.8500000000000005 4.1875676371385344 2.6064219431943121 49.500000000000007 51.500000000000007 0.69000000000000006 1.0000000180025095e-35 3.5000000000000004
decision_type=2 2 2 2 2 2 2 2 2 2 2 2 2 2 2 2 2 2 2 2 2 2 2 2 2 2 2 2 2 2
left_child=1 -1 8 7 10 23 -7 24 17 14 11 -5 -12 27 16 -16 -10 -2 20 -20 -19 -9 -23 -6 26 -26 -4 -11 29 -3
right_child=2 28 3 4 5 6 -8 21 9 13 12 -13 -14 -15 15 -17 -18 18 19 -21 -22 22 -24 -25 25 -27 -28 -29 -30 -31
leaf_value=-0.068029824844083542 -0.024177552993277576 0.0063894412971720882 0.006689888010311916 -0.0010041013358253424 -0.042232687334182215 0.040899861862596504 0.0030262171954006344 0.067802798396905534 -0.00116333765318208 0.00062297710461488721 -0.010231706606414901 0.064497477458763983 -0.047240621077334413 -0.055864757498048784 -0.0055277029611970358 0.061503735428573729 -0.015258864944704895 0.014300654314213655 0.0098946442504594008 0.057579996738972253 0.0009361076438187824 -0.020649830622292656 0.040945358272900356 -0.0052807827910765857 0.011964628742466607 -0.017306199701196706 0.047158620347395021 0.013319135033161487 0.047469474022406276 -0.036328697535305772
leaf_weight=0.79199558054096941 1.1401800084859122 0.82902220357209422 1.2651436500018447 5.0979723636992267 1.0661136840935821 2.2416916742804451 9.3875152899418008 0.79885693266987834 14.848002992337575 9.4508783514611476 34.496528361574747 0.56102554732933629 1.0194212961941946 0.34037820715457101 2.0985465857083905 0.8771570365061051 11.435048685991203 14.919021710840754 2.0258109513670202 1.2176603619009254 16.815173604874872 0.55691910241148423 1.3546659094281492 3.7092002072604373 3.0221437044674531 2.1513644459628267 1.0387877285247666 10.532127592246978 0.20287793036550272 0.6382038711453788
leaf_count=36 41 47 30 167 31 58 235 16 686 423 1513 15 35 9 120 26 269 519 43 19 702 28 24 145 118 151 24 191 11 26
internal_value=0.000302879 -0.0252374 0.000712625 -0.00236189 -0.00546322 0.00338207 0.0103269 0.0151661 0.0031438 -0.000448941 -0.00898728 0.00548964 -0.011294 0.00625641 -0.00510653 0.0142314 -0.00729592 0.00807588 0.00912726 0.0277966 0.00721911 0.0362051 0.0230003 -0.0135305 0.00753979 -0.000207425 0.0249363 0.00731454 -0.00494437 -0.0121918
internal_weight=155.929 2.4621 153.467 67.7673 57.5795 16.4045 11.6292 10.1879 85.7 49.5821 41.1749 5.659 35.5159 20.3234 29.2588 2.9757 26.2831 36.1178 34.9777 3.24347 31.7342 2.71044 1.91159 4.77531 7.47744 5.17351 2.30393 19.983 1.6701 1.46723
internal_count=5758 120 5638 2590 2199 469 293 391 3048 1724 1730 182 1548 623 1101 146 955 1324 1283 62 1221 68 52 176 323 269 54 614 84 73
is_linear=0
shrinkage=0.05


Tree=126
num_leaves=29
num_cat=0
split_feature=1 1 6 6 2 5 6 2 3 2 2 2 1 5 5 2 1 5 5 6 5 6 6 2 2 5 6 6
split_gain=0.395992 0.518374 0.430911 0.685445 0.37037 0.471452 0.798668 0.340728 0.246645 0.978389 0.720171 0.590796 0.726328 0.921655 0.856779 0.564043 0.753129 0.513683 0.527633 0.511463 0.483692 0.431119 0.289258 0.19049 0.136813 0.0364715 0.0235736 0.0156277
threshold=8.6500000000000004 8.4500000000000011 44.500000000000007 34.500000000000007 3.5635952952329242 0.36038961038961043 56.000000000000007 3.5635952952329242 4.5000000000000009 2.7806802694834509 2.7607058823271244 2.7806802694834509 7.4500000000000011 0.29337431693989074 0.37354651162790703 4.0258670713914393 7.3500000000000005 0.40192307692307699 0.38548951048951058 43.500000000000007 0.39545896066051484 68.500000000000014 59.500000000000007 3.7359650897473711 3.3257366126566468 0.36914510317720278 48.500000000000007 67.000000000000014
decision_type=2 2 2 2 2 2 2 2 2 2 2 2 2 2 2 2 2 2 2 2 2 2 2 2 2 2 2 2
left_child=1 8 3 24 5 -4 -7 -5 11 10 20 17 14 -14 -13 21 -17 18 -1 -12 -10 -11 -19 26 -3 -2 -6 -25
right_child=25 2 4 7 23 6 -8 -9 9 15 19 12 13 -15 -16 16 -18 22 -20 -21 -22 -23 -24 27 -26 -27 -28 -29
leaf_value=-0.0030294581354937873 -0.073246610080380636 -0.004105622778793833 0.052127782850494554 -0.009221870435875688 0.076312080673421281 -0.065030155652433058 0.021583188878654468 -0.080544517676459329 -0.010141832369491951 -0.0064860881919351441 0.066749264571683634 0.021373269015211551 -0.023476425870317605 0.0024503835160104132 0.0031729019426920248 -0.0023441424161789932 0.0246129002397831 -0.0093610728558021425 0.025633190522964384 0.019823380084414866 0.014496584730308121 -0.025315623829301068 -0.030399479420593234 0.021607616262102558 0.03694686633730037 -0.038796019340132999 0.056854764955090835 0.035003949922329913
leaf_weight=10.337627868517304 0.15600301185622711 0.30446633743122109 0.48920278821606222 0.35048085870221257 0.22421320574358083 0.38995447731576838 0.83836974622681737 0.32065599411725998 3.5298099560168321 37.277390220959205 0.80208413908258025 10.823590588464869 3.8668420543544917 30.186859828565503 16.061733094218653 13.126935976964889 3.2281581954448475 7.0925663171219622 1.9008400229504321 2.1035125072230585 4.5721790364477783 3.3098011412657788 2.1227950008469634 0.44116651825606823 0.60868423338979483 0.15136531268944964 0.50919912080280483 0.42979186249431223
leaf_count=381 7 9 13 14 6 17 29 11 140 1504 16 295 203 953 579 358 111 291 71 52 213 216 189 12 19 18 20 11
internal_value=0.000414978 0.000527227 0.0165208 -0.00493611 0.0267541 0.0106181 -0.00591384 -0.0432984 5.3023e-06 -0.00222475 0.0114212 0.00184444 0.00435661 -0.000493639 0.0105001 -0.00486266 0.00297662 -0.0052913 0.00142233 0.0327772 0.00376232 -0.0080216 -0.0142074 0.0440282 0.023259 -0.0562812 0.0628031 0.0282183
internal_weight=155.556 155.249 4.90619 1.58429 3.3219 1.71753 1.22832 0.671137 150.343 67.9499 11.0076 82.3929 60.939 34.0537 26.8853 56.9423 16.3551 21.4538 12.2385 2.9056 8.10199 40.5872 9.21536 1.60437 0.913151 0.307368 0.733412 0.870958
internal_count=5758 5733 161 53 108 59 46 25 5572 2610 421 2962 2030 1156 874 2189 469 932 452 68 353 1720 480 49 28 25 26 23
is_linear=0
shrinkage=0.05


Tree=127
num_leaves=31
num_cat=0
split_feature=3 2 2 1 5 5 6 5 5 2 1 6 1 1 2 6 1 2 1 5 1 2 5 2 5 6 6 2 2 5
split_gain=0.318247 0.955629 0.677937 0.66402 0.513329 1.14655 0.486403 0.893814 0.479798 0.458119 0.619886 1.01754 0.422612 0.69911 0.461716 0.732845 0.568589 0.401316 0.570397 0.399471 0.398915 0.759913 0.843274 0.735046 0.701836 0.513564 0.396843 0.389016 0.447318 0.384746
threshold=4.5000000000000009 2.7806802694834509 2.8005987924319804 7.4500000000000011 0.39415279556124633 0.26696832579185525 47.500000000000007 0.39852941176470597 0.56594202898550738 4.0258670713914393 7.3500000000000005 25.500000000000004 6.6500000000000012 5.7500000000000009 2.8103057858889695 35.500000000000007 7.0500000000000007 2.7440927505788149 7.5500000000000007 0.45742753623188409 7.1500000000000012 3.4762696173592693 0.57021857923497277 3.4060603023675928 0.6043478260869567 68.500000000000014 21.500000000000004 4.0713817066961413 5.4024352020554556 0.39680527383367142
decision_type=2 2 2 2 2 2 2 2 2 2 2 2 2 2 2 2 2 2 2 2 2 2 2 2 2 2 2 2 2 2
left_child=2 3 -1 4 5 -2 19 -8 12 20 27 -12 13 29 15 -14 -16 18 -5 -6 24 23 -23 -22 25 -3 -20 -11 -29 -4
right_child=1 9 8 17 6 -7 7 -9 -10 10 11 -13 14 -15 16 -17 -18 -19 26 -21 21 22 -24 -25 -26 -27 -28 28 -30 -31
leaf_value=-0.0044058502661261057 0.018498455804849309 0.00050578848285468415 0.0031709602471908095 0.048354447047020334 0.064118885985272919 -0.044776002223148148 0.075451641998899352 -0.025493352303255248 -0.010624296968945323 0.043129048518712604 -0.089108229934081115 0.029379764872555225 0.056947671413504923 0.027330541745680767 -0.013062688311548373 0.0045406690725795845 0.0054645224035765423 0.039780240471285339 0.062986551674217711 0.014003034131568974 -0.01099008573970439 -0.036018612418861916 0.04939738055924367 0.025977023378694591 -0.070463766620763646 -0.029558523269714865 -0.013157757906731966 -0.011550981916945768 0.0076392708006132615 -0.053864370771615593
leaf_weight=25.200619729177561 1.357687060721217 19.644923381769338 2.1284425123594697 0.72056279331445727 0.62813119380734894 1.5146560352295635 0.26881030481308688 1.190347821000614 4.3798300257185465 0.45324732249719346 0.19288436707574819 2.9893340888665989 1.075027821119874 5.4239145098545123 4.5940337591455309 1.7578506938880307 42.005435339990072 2.405639826785773 0.19268769025802601 1.0835388470441101 12.745776682917496 4.3518020344199604 0.3095061124768107 1.5032935421913851 0.37733224639668961 1.5311856180196617 1.5282837529375681 7.72793139569694 5.0022729451302439 0.34338572993874539
leaf_count=1066 31 870 45 14 23 81 11 102 187 24 10 101 13 167 180 60 1388 54 3 39 542 144 16 30 21 107 63 231 103 32
internal_value=0.000502149 -0.00206754 0.00250447 0.0115007 0.00044331 -0.0148677 0.014313 -0.00689698 0.00532655 -0.00466764 0.00239129 0.0221978 0.00654518 0.0172867 0.00482946 0.0244282 0.00363801 0.0252863 0.0110055 0.032394 -0.00752264 -0.0128228 -0.0303471 -0.00709001 -0.00287247 -0.00166808 -0.0046323 -0.00238961 -0.00401026 -0.00475237
internal_weight=154.628 67.7198 86.9085 10.8903 6.04317 2.87234 3.17083 1.45916 61.7079 56.8295 16.3657 3.18222 57.3281 7.89574 49.4323 2.83288 46.5995 4.84717 2.44153 1.71167 40.4638 18.9104 4.66131 14.2491 21.5534 21.1761 1.72097 13.1835 12.7302 2.47183
internal_count=5758 2620 3138 421 287 112 175 113 2072 2199 469 111 1885 244 1641 73 1568 134 80 62 1730 732 160 572 998 977 66 358 334 77
is_linear=0
shrinkage=0.05


Tree=128
num_leaves=26
num_cat=0
split_feature=0 6 1 1 0 2 2 6 6 1 0 0 2 2 6 1 0 6 6 3 2 0 2 6 3
split_gain=0.337712 0.379571 0.317334 0.436362 0.434355 0.337856 0.334843 0.281674 0.278207 0.273192 0.514946 0.699257 0.376314 0.642614 0.498942 0.352356 0.261984 0.151533 0.318685 0.0991599 0.0396171 0.0281415 0.0130798 0.00581555 0.000857108
threshold=0.18500000000000003 71.500000000000014 8.6500000000000004 8.4500000000000011 0.66457500000000003 3.5775695247251433 3.9372024996980168 73.500000000000014 58.500000000000007 6.5500000000000007 0.96250000000000013 0.9125000000000002 3.7155792478796408 3.4162823587507689 47.500000000000007 8.3500000000000032 0.81667500000000015 44.500000000000007 46.500000000000007 3.5000000000000004 3.2410776280782216 0.74500000000000011 2.9845437387886795 43.500000000000007 3.5000000000000004
decision_type=2 2 2 2 2 2 2 2 2 2 2 2 2 2 2 2 2 2 2 2 2 2 2 2 2
left_child=1 17 3 9 5 7 -7 -5 16 12 11 -11 13 -2 -14 -12 -6 24 -19 22 -21 23 -20 -4 -1
right_child=2 -3 21 4 8 6 -8 -9 -10 10 15 -13 14 -15 -16 -17 -18 18 19 20 -22 -23 -24 -25 -26
leaf_value=-0.057940598527909948 0.0033515361400289628 -0.11855612029911095 -0.048047622939469188 -0.023200645329604794 0.00039826307668238824 0.036644285772432825 -0.022463560694588512 -0.12169424450933322 0.044154679162419885 -0.0013949418270793061 0.01020751642778768 -0.045316992025450552 -0.030972611366851477 0.025373808250255092 0.0045540638697399048 -0.027345742570543438 0.036856257541569612 0.078349850618926395 -0.033934309380980326 -0.012520762719519012 0.042237314392373125 -0.071320467943762234 -0.061553038074329304 -0.029048574363881963 -0.051290629257645486
leaf_weight=0.10155489388853212 14.719051712847437 0.11086438153870404 0.085669660940765335 0.39598290168214478 1.2862712731584913 0.52925852965563536 0.43780135689303279 0.088882185518741608 1.2557783406227825 109.91729493337334 13.279207692015913 0.91370656760409374 1.5313311273639545 4.2745879286085247 2.7868342839938123 0.65546699333936054 0.79874004330486048 0.096687771379947662 0.072394947637803853 0.10599415376782417 0.047985219047404826 0.11685450840741396 0.10510512464679778 0.076018178515369073 0.092670432932209224
leaf_count=10 649 2 8 55 25 32 18 1 17 4244 235 17 72 132 124 14 12 1 16 23 12 4 10 13 12
internal_value=0.00053164 -0.0333199 0.000693717 0.00079087 0.0156395 -0.00719306 0.00988535 -0.0412558 0.0255626 0.000310276 -0.000618048 -0.00175704 0.0052787 0.00830773 -0.0080446 0.00844107 0.0143648 -0.0181371 -0.00152067 -0.0248177 0.00454372 -0.052626 -0.0502885 -0.0391151 -0.0547677
internal_weight=153.882 0.733257 153.149 152.87 4.79271 1.45192 0.96706 0.484865 3.34079 148.077 124.766 110.831 23.3118 18.9936 4.31817 13.9347 2.08501 0.622393 0.428167 0.331479 0.153979 0.278542 0.1775 0.161688 0.194225
internal_count=5758 86 5672 5647 160 106 50 56 54 5487 4510 4261 977 781 196 249 37 84 62 61 35 25 26 21 22
is_linear=0
shrinkage=0.05


Tree=129
num_leaves=31
num_cat=0
split_feature=1 0 2 1 6 6 1 0 0 2 2 1 3 6 0 2 0 3 2 2 0 2 6 6 0 3 1 2 2 3
split_gain=0.264228 0.485514 0.565152 0.394076 0.381985 0.414857 0.357455 0.553274 0.422827 0.960989 0.503489 0.366725 0.350639 0.321374 0.308337 0.339674 0.287897 0.394989 0.329492 0.484022 0.566068 0.453376 0.296058 0.826651 0.278724 0.270105 0.455785 0.409929 0.53384 0.296472
threshold=6.5500000000000007 0.96250000000000013 2.5296351104100774 6.4500000000000011 38.500000000000007 39.500000000000007 7.0500000000000007 0.6775000000000001 0.72917500000000002 3.6904654766097438 3.1306100746835805 8.4500000000000011 2.5000000000000004 51.500000000000007 0.96250000000000013 3.5745752524493564 0.71457500000000007 4.5000000000000009 4.8513053071537007 3.4162823587507689 0.83667500000000017 3.6598862654191655 22.500000000000004 23.500000000000004 0.74500000000000011 2.5000000000000004 7.3500000000000005 2.9702093150074416 2.6899880530998783 4.5000000000000009
decision_type=2 2 2 2 2 2 2 2 2 2 2 2 2 2 2 2 2 2 2 2 2 2 2 2 2 2 2 2 2 2
left_child=3 2 13 16 24 -6 8 12 9 -4 -10 -9 -8 -2 15 -7 17 22 19 20 -18 -21 -1 -24 -5 -3 27 28 -27 -29
right_child=1 25 6 4 5 14 7 11 10 -11 -12 -13 -14 -15 -16 -17 18 -19 -20 21 -22 -23 23 -25 -26 26 -28 29 -30 -31
leaf_value=0.044759205329820105 -0.062265491769064964 0.022266598018027793 -0.01839245492153524 0.010662366351946848 0.075311946431554269 0.036143434508131553 -0.008978214895380034 -0.005375445632316944 0.014857189038570508 0.01615551253178105 -0.0071606357201691147 0.015569122116711315 0.0051229646884186743 -0.010920042532061105 -0.012362796057655731 0.0064258495437926168 0.018413890816218793 -0.018742316315328463 -0.024335733071194143 0.050748803824067872 -0.013606579606236589 0.0094671073045455179 -0.087682932934708788 0.0053380187407537005 -0.034271118043329378 -0.0047232191246117322 -0.0042721987392363029 0.031797613534934481 0.05500647938560263 -0.0020029160745277572
leaf_weight=0.40255827037618086 0.58033341681584605 2.7830414818599811 11.349979995633477 0.89534932398237177 0.34533142717555154 2.3292705269996081 4.8745730502268989 36.25323938386282 4.0652532255044189 2.4467819882556787 7.1863355501554906 2.2178149009123436 46.105401208435069 0.64176358398981392 0.68893057573586691 1.6375709981657562 2.6848865199135581 3.3108361065969802 0.74336395203135985 1.1965108159929516 2.840431468677707 1.4974982710555194 0.25351366773247708 4.125349206791725 0.56159663572907448 0.55144563131034185 6.2156110275536776 0.85180833004415069 1.1630964688956735 2.7214154987595975
leaf_count=9 30 48 671 25 6 95 417 883 152 84 149 37 2038 39 11 37 85 319 15 20 68 45 5 250 11 13 114 14 21 47
internal_value=0.000475085 -0.00040707 -0.00148067 0.00535269 0.0158718 0.0224353 -0.00111967 0.000358671 -0.00639904 -0.0122656 0.00079451 -0.00416801 0.00377465 -0.0353023 0.0185133 0.0238756 0.00136949 -0.00546722 0.00754225 0.0104253 0.00195295 0.0278019 0.00372495 -4.74165e-05 -0.00665776 0.00828917 0.00490757 0.0156981 0.0357957 0.00605467
internal_weight=153.521 130.008 115.721 23.513 6.45805 5.0011 114.499 89.451 25.0484 13.7968 11.2516 38.4711 50.98 1.2221 4.65577 3.96684 17.0549 8.09226 8.96269 8.21933 5.52532 2.69401 4.78142 4.37886 1.45695 14.2864 11.5034 5.28777 1.71454 3.57322
internal_count=5758 4757 4500 1001 185 149 4431 3375 1056 755 301 920 2455 69 143 132 816 583 233 218 153 65 264 255 36 257 209 95 34 61
is_linear=0
shrinkage=0.05


Tree=130
num_leaves=31
num_cat=0
split_feature=1 5 2 5 0 3 0 2 1 1 2 0 3 2 0 0 2 5 5 0 5 3 2 1 5 5 3 2 2 5
split_gain=0.381556 0.40822 0.394264 1.64924 0.441334 0.316126 0.589566 0.50654 0.721109 0.503624 0.474996 0.970078 0.503821 0.466584 0.458569 0.377945 0.314709 0.314523 0.288882 0.630553 0.344812 0.249011 0.248204 0.740088 0.626507 0.293711 0.56395 0.453589 0.243631 0.23805
threshold=8.4500000000000011 0.50423728813559332 3.9246396388285389 0.39680527383367142 0.69000000000000006 2.5000000000000004 0.96250000000000013 2.8219142431241191 6.4500000000000011 6.5500000000000007 2.7607058823271244 0.96250000000000013 4.5000000000000009 3.1990806349003873 0.74500000000000011 0.72082500000000016 2.7402904316616046 0.44636015325670503 0.39852941176470597 0.66457500000000003 0.36491677336747769 3.5000000000000004 3.0032785644731779 8.3500000000000032 0.29905613512170898 0.34580419580419586 3.5000000000000004 5.4024352020554556 3.5941812513034272 0.38348416289592763
decision_type=2 2 2 2 2 2 2 2 2 2 2 2 2 2 2 2 2 2 2 2 2 2 2 2 2 2 2 2 2 2
left_child=5 2 4 -4 18 6 9 8 14 15 12 -12 -10 16 17 -1 -8 -7 20 -20 -2 -3 23 24 -9 26 -24 -27 29 -11
right_child=1 21 3 -5 -6 7 13 22 10 28 11 -13 -14 -15 -16 -17 -18 -19 19 -21 -22 -23 25 -25 -26 27 -28 -29 -30 -31
leaf_value=-0.0031152912741642894 -0.00056067745126780978 -0.060248116085824935 -0.072825168714407529 0.046341730210896534 0.045465500153996335 0.012195551585317654 0.017477367694387038 -0.023828578671660224 -0.0027802804393659572 -0.0086917741558314842 0.01975107755180016 -0.036853886507664801 0.014046222658832715 0.049117489293250077 -0.03499630975449923 0.059139765232140366 -0.027164525147565118 -0.034928250401351536 -0.052856441759572048 0.037728994424369583 0.061628291091410818 0.0070198023387939403 0.024113207308135182 -0.06954140696167084 0.00027124561828876977 -0.0018892730211474862 0.0022452469826780706 0.015197942367421044 0.017852897062141472 -0.024783516044442643
leaf_weight=0.6049468982964743 0.46828960487618976 0.27049412140331686 0.513178397901356 0.66865169981610961 1.7704680170863865 1.5242478220025071 1.0943789556622499 3.2488148697884816 11.153285469859844 4.4691204908303881 12.4762894148007 0.80578311160206872 7.4004083193576653 0.72987925261259068 1.5570339958649126 0.40835919766686857 0.61757211107760657 0.46123502287082363 0.43259352404857054 0.34556980896741152 0.42534447927027941 0.27997322997543961 3.6317202018108228 0.43823453469667484 15.869384293153415 56.68707700050436 15.665978032455314 4.1694972174591376 0.53137462644372213 4.7314743833994726
leaf_count=57 30 20 19 18 27 111 16 169 437 211 365 13 297 12 45 14 15 57 38 5 18 8 101 15 754 1882 506 89 18 351
internal_value=0.00132179 0.0146682 0.0195136 -0.00540334 0.0280683 0.000856024 -0.00653322 0.00157735 0.00671742 -0.011573 0.00909865 0.016317 0.00393121 0.0156443 -0.0146821 0.0219733 0.00137318 0.00124852 0.00964432 -0.0126289 0.0290395 -0.026035 -0.0002464 -0.00529675 -0.00382411 0.000985809 0.00636068 -0.000718568 -0.0150659 -0.0169671
internal_weight=153.451 5.17456 4.6241 1.18183 3.44227 148.276 13.1871 135.089 35.3783 10.7453 31.8358 13.2821 18.5537 2.44183 3.54252 1.01331 1.71195 1.98548 1.6718 0.778163 0.893634 0.550467 99.7107 19.5564 19.1182 80.1543 19.2977 60.8566 9.73197 9.20059
internal_count=5718 183 155 37 118 5535 694 4841 1325 651 1112 378 734 43 213 71 31 168 91 43 48 28 3516 938 923 2578 607 1971 580 562
is_linear=0
shrinkage=0.05


Tree=131
num_leaves=31
num_cat=0
split_feature=1 5 6 6 6 3 0 6 1 0 6 6 5 0 6 1 1 3 5 5 6 6 5 0 5 5 5 6 3 6
split_gain=0.465706 0.409342 0.317831 0.33999 0.289937 0.263109 0.469474 0.965673 0.504954 0.381009 0.266687 0.723114 0.643938 0.248223 0.332889 0.237684 0.867061 0.888933 0.786308 0.732501 0.72582 0.689342 0.424445 0.629792 0.303378 0.597965 0.251928 0.209491 0.182338 0.169841
threshold=8.4500000000000011 0.50423728813559332 58.500000000000007 54.500000000000007 68.500000000000014 2.5000000000000004 0.96250000000000013 58.500000000000007 6.5500000000000007 0.72082500000000016 38.500000000000007 34.500000000000007 0.40761518262115071 0.71457500000000007 23.500000000000004 6.4500000000000011 6.5500000000000007 3.5000000000000004 0.43167701863354041 0.1252535496957404 60.500000000000007 39.500000000000007 0.58657047724750289 0.69000000000000006 0.59411764705882364 0.55530303030303041 0.18263888888888893 51.500000000000007 1.5000000000000002 70.500000000000014
decision_type=2 2 2 2 2 2 2 2 2 2 2 2 2 2 2 2 2 2 2 2 2 2 2 2 2 2 2 2 2 2
left_child=5 2 3 13 -3 6 8 28 9 27 11 -10 -12 14 -2 18 17 -17 19 -7 -19 -21 26 -24 25 -20 -18 -1 -8 -4
right_child=1 4 29 -5 -6 15 7 -9 10 -11 12 -13 -14 -15 -16 16 22 20 24 21 -22 -23 23 -25 -26 -27 -28 -29 -30 -31
leaf_value=-0.032262309141958247 -0.052996373363591379 -0.058856658782201421 0.0491434122607841 -0.034656768609747139 0.015095053954952363 -0.062931415181013306 -0.031064430430887538 0.04976940588579723 -0.011162979954591234 0.058543711971175819 -0.010104402683762689 0.059945508975038156 -0.046448941064457308 0.033989832568998832 0.014443310745887675 0.059129092942014162 -0.014990212405589523 0.020551708828162284 -0.029592555583111069 0.022148971263023332 -0.02402403833298309 -0.0039676523067206848 0.0010210196295554707 0.043110464200616934 -0.064491979746748626 0.029487976172644866 0.0010474535175294358 0.026493751808394209 0.0057034209156283325 0.014510206999543666
leaf_weight=0.30321320134680607 0.225690789055079 0.28852238203398872 1.1663976575946433 0.35521934472490091 0.24516130807751324 0.42344800429418583 0.7244305415078991 1.059385063126683 3.2559608649462448 0.43269795319065452 4.2601524455822073 0.40162346838042129 1.7070768119010606 1.1853545643389223 0.96695439814357087 1.179325534030794 2.5064854439697219 4.4222002956084907 2.5460405449557584 3.6333495820872477 1.1508760800934394 8.2948342870222387 2.2165434921625997 1.4836914374027399 0.43029298886540335 0.51489109511021514 106.19261295894103 0.30360843520611525 0.63081212528049946 0.50824618758633722
leaf_count=29 9 19 38 16 9 12 16 15 125 14 228 18 209 22 59 16 125 107 203 107 48 357 120 53 28 47 3618 28 12 11
internal_value=0.0013728 0.0164724 0.0214798 0.0109704 -0.024885 0.000868892 -0.00590239 0.0140058 -0.01041 0.0226962 -0.0139856 -0.00335487 -0.0205017 0.0177861 0.00168133 0.00152493 0.00228996 0.0196919 -0.00422875 0.00169336 0.0113465 0.00398753 0.00124453 0.0178977 -0.0251806 -0.0196544 0.000677642 -0.00286514 -0.0139504 0.0386324
internal_weight=153.015 4.94155 4.40786 2.73322 0.533684 148.074 13.079 2.41463 10.6643 1.03952 9.62481 3.65758 5.96723 2.378 1.19265 134.995 119.152 6.7524 15.8429 12.3516 5.57308 11.9282 112.399 3.70023 3.49122 3.06093 108.699 0.606822 1.35524 1.67464
internal_count=5718 183 155 106 28 5535 694 43 651 71 580 143 437 90 68 4841 4087 171 754 476 155 464 3916 173 278 250 3743 57 28 49
is_linear=0
shrinkage=0.05


Tree=132
num_leaves=31
num_cat=0
split_feature=1 2 5 5 0 2 2 5 3 5 5 5 5 6 0 0 1 5 5 2 5 5 1 0 2 5 6 2 2 2
split_gain=0.33453 0.430002 1.2406 0.574354 0.961598 0.271263 0.500277 1.2278 0.592165 0.603342 0.666735 0.468695 0.442731 0.617903 0.385988 0.632486 0.308361 0.718316 0.421091 0.389282 0.861345 0.737541 0.352925 0.62275 0.516941 0.466192 0.601653 0.354849 0.288268 0.23462
threshold=8.4500000000000011 3.9246396388285389 0.39680527383367142 0.39852941176470597 0.66457500000000003 2.8219142431241191 2.8078352006066667 0.34514106583072107 4.5000000000000009 0.39545896066051484 0.26442841287458385 0.39852941176470597 0.42640692640692646 50.500000000000007 0.74500000000000011 0.57750000000000001 6.5500000000000007 0.26086335048599202 0.26442841287458385 3.7621995631308658 0.20293040293040296 0.18898809523809526 6.4500000000000011 0.71457500000000007 4.8513053071537007 0.27622890682318418 38.500000000000007 3.5277401006034736 2.8558665753830623 2.8037836452294558
decision_type=2 2 2 2 2 2 2 2 2 2 2 2 2 2 2 2 2 2 2 2 2 2 2 2 2 2 2 2 2 2
left_child=5 3 -3 -2 -5 6 8 -8 12 10 -10 -11 29 -14 15 -9 22 19 -19 21 -21 -18 23 27 -25 -24 -27 -7 -20 -1
right_child=1 2 -4 4 -6 16 7 14 9 11 -12 -13 13 -15 -16 -17 17 18 28 20 -22 -23 25 24 -26 26 -28 -29 -30 -31
leaf_value=0.0012093122472599928 0.03909458819553091 -0.07082280086522319 0.033922472207573051 -0.052170749869174249 0.027244636326900419 -0.0020682168487264527 -0.052960716028152513 0.06195517756735907 0.021290615311895834 0.069812813757085646 -0.015370167592073457 0.017387200070144299 -0.0021757340143436317 -0.032847330573606885 0.068847700904928213 0.0019248125195294981 -0.0036440641350787418 0.033799646464232912 -0.010738642901293761 -0.042598926604705267 0.057594616547350812 -0.046563047009659277 0.050127612555906823 0.015173589874937469 -0.038188176845806859 -0.029606245887039147 0.019154553928409111 -0.028063281648104139 7.6772556680246567e-05 0.022734533170592233
leaf_weight=16.725486221519539 2.179228710243478 0.51015178672969319 0.63399850366113242 0.57662004471058015 1.1245768675580619 4.0210133679502196 0.44027787074446623 0.720612169185188 1.9974401502404342 0.45258328388445068 3.2713515131181339 7.3488054784975247 5.454535551427397 2.3492950630025007 0.70758007094264019 1.1219233029987661 1.8638209037599143 0.88829833082854648 6.7129194127046494 0.40589873306453217 0.45491263008443639 2.1622387494426221 0.87346834968775411 6.49019561172463 0.48798308055847872 0.78059120359830547 3.3373231851728633 1.9491960499726699 74.933495354896877 1.369591828319243
leaf_count=618 65 19 25 51 23 248 19 25 41 12 148 290 228 219 11 31 96 23 274 30 17 126 17 157 11 17 80 173 2593 31
internal_value=0.00146922 0.0141561 -0.0127812 0.0220986 0.000326821 0.00103652 0.00443636 0.024145 0.00292397 0.0116002 -0.00147178 0.0204286 -0.00145459 -0.0114092 0.0374573 0.0254026 -0.000317447 -0.00154279 -0.000439944 -0.0201689 0.0103503 -0.0266942 0.00565373 0.00129956 0.011442 0.0169491 0.00991146 -0.0105553 -0.000812464 0.00283853
internal_weight=152.345 5.02458 1.14415 3.88043 1.7012 147.321 41.9595 2.99039 38.9691 13.0702 5.26879 7.80139 25.8989 7.80383 2.55012 1.84254 105.361 87.4216 82.5347 4.88687 0.860811 4.02606 17.9398 12.9484 6.97818 4.99138 4.11791 5.97021 81.6464 18.0951
internal_count=5718 183 44 139 74 5535 1673 86 1587 491 189 302 1096 447 67 56 3862 3159 2890 269 47 222 703 589 168 114 97 421 2867 649
is_linear=0
shrinkage=0.05


Tree=133
num_leaves=31
num_cat=0
split_feature=1 5 6 6 6 6 6 3 5 1 0 5 6 4 3 0 6 1 0 6 6 1 5 1 0 6 5 0 6 6
split_gain=0.552622 0.414458 0.389471 0.31999 0.276518 0.282461 0.248544 0.227307 0.212361 0.635169 0.507442 0.481652 0.25226 0.209973 0.17931 0.515586 0.812886 0.638333 0.379682 0.256412 0.237938 0.798999 0.862406 0.414923 0.184099 0.339498 0.202439 0.169858 0.127864 0.152245
threshold=8.4500000000000011 0.50423728813559332 58.500000000000007 48.500000000000007 23.500000000000004 34.500000000000007 68.500000000000014 2.5000000000000004 0.58657047724750289 6.4500000000000011 0.69000000000000006 0.65669856459330156 39.500000000000007 1.0000000180025095e-35 2.5000000000000004 0.96250000000000013 58.500000000000007 6.5500000000000007 0.72082500000000016 38.500000000000007 58.500000000000007 8.3500000000000032 0.34698996655518399 7.8500000000000005 0.96250000000000013 38.500000000000007 0.47140522875816998 0.6316750000000001 23.500000000000004 39.500000000000007
decision_type=2 2 2 2 2 2 2 2 2 2 2 2 2 2 2 2 2 2 2 2 2 2 2 2 2 2 2 2 2 2
left_child=8 2 3 4 -2 -6 -3 -5 14 28 11 27 -12 -14 15 17 -17 18 -1 -19 24 23 -23 -22 26 -26 -16 -11 -10 -30
right_child=1 6 -4 7 5 -7 -8 -9 9 10 12 -13 13 -15 20 16 -18 19 -20 -21 21 22 -24 -25 25 -27 -28 -29 29 -31
leaf_value=-0.00064109194503255036 -0.021216796499468681 -0.057709486325060455 0.043033217061064492 -0.051507368535868139 0.054834918334268637 0.012646254767051482 0.012367447950782099 0.0052258909303689906 -0.075717454718734131 0.01454855491512738 0.059958837595231573 -0.076033868638324661 0.0039536047733468764 0.053849961155571814 0.0045378556653253221 -0.010763056197084162 0.048646215076887933 -0.0036940937365813917 0.059679322275246562 -0.02103991020550175 -0.0038003172167709182 0.034264939049650577 -0.063965367639205184 0.0097205603689155349 0.011446771187727751 -0.0091559368103531127 -0.0013255909545496032 -0.028177786758439162 0.016507222463318344 -0.055552582901567706
leaf_weight=0.57397384382784256 0.30388881079852526 0.26690818835049857 1.576540110982023 0.2808379181078634 0.69528992485720642 0.92396761558484286 0.24057680726400577 0.4754627370275557 0.1835365816950788 1.9400236986693933 0.77001872053369858 0.17820347531232972 0.60753190430114046 0.32291589328087866 65.006239522015676 1.2758731758221977 1.0493418704718349 3.4580373591452354 0.47823471808806062 5.5498719548486406 26.730784747371217 0.28998922882601508 0.97363939112983644 7.2031080108718006 2.6963180471211654 7.7375331190414727 19.030019237368833 0.26430467376485456 0.13514774525538087 0.16016737101017497
leaf_count=54 11 19 49 20 24 36 9 15 6 120 32 7 22 12 2174 27 15 131 14 424 1365 10 40 226 45 132 638 13 10 18
internal_value=0.0014615 0.0182217 0.0233146 0.0117124 0.0225481 0.0307616 -0.024489 -0.0158409 0.000916966 0.0115357 0.017925 0.00303355 0.0387896 0.0212703 0.000575958 -0.00517194 0.0160476 -0.0100765 0.0267749 -0.014381 0.00112497 -0.00238397 -0.0414226 -0.000930256 0.00243233 -0.00383178 0.00321008 0.00942556 -0.0429438 -0.0225752
internal_weight=151.378 4.76347 4.25599 2.67945 1.92315 1.61926 0.507485 0.756301 146.615 4.56185 4.083 2.38253 1.70047 0.930448 142.053 12.3853 2.32522 10.0601 1.05221 9.00791 129.668 35.1975 1.26363 33.9339 94.4701 10.4339 84.0363 2.20433 0.478852 0.295315
internal_count=5718 183 155 106 71 60 28 35 5535 240 206 140 66 34 5295 665 42 623 68 555 4630 1641 50 1591 2989 177 2812 133 34 28
is_linear=0
shrinkage=0.05


Tree=134
num_leaves=31
num_cat=0
split_feature=1 2 5 5 0 2 2 5 3 5 5 2 0 0 5 6 2 2 6 6 2 2 5 5 5 5 0 1 2 0
split_gain=0.367532 0.469236 1.1004 0.40864 0.997228 0.306792 0.525107 1.1594 0.50881 0.512109 0.592214 0.393987 0.392187 0.559655 0.351818 0.490363 0.276494 0.247403 0.643904 0.891685 0.510613 0.398287 0.362571 0.359394 0.327072 0.428762 0.298612 0.363466 0.290264 0.22553
threshold=8.4500000000000011 3.9246396388285389 0.39680527383367142 0.39852941176470597 0.66457500000000003 2.8219142431241191 2.8078352006066667 0.34514106583072107 4.5000000000000009 0.39545896066051484 0.26442841287458385 2.7806802694834509 0.74500000000000011 0.57750000000000001 0.42640692640692646 50.500000000000007 2.8840101815541477 5.4024352020554556 49.500000000000007 62.500000000000007 4.8513053071537007 5.7445296940494162 0.44058823529411767 0.38348416289592763 0.32993197278911568 0.40761518262115071 0.51457500000000012 6.5500000000000007 5.7445296940494162 0.88750000000000007
decision_type=2 2 2 2 2 2 2 2 2 2 2 2 2 2 2 2 2 2 2 2 2 2 2 2 2 2 2 2 2 2
left_child=5 3 -3 16 -5 6 8 -8 14 10 -10 -11 13 -9 -1 -16 -2 20 22 23 26 -21 29 -20 -22 -26 -7 -28 -24 -19
right_child=1 2 -4 4 -6 17 7 12 9 11 -12 -13 -14 -15 15 -17 -18 18 19 21 24 -23 28 -25 25 -27 27 -29 -30 -31
leaf_value=0.0028599979439248458 -0.0055648207073457677 -0.069966299131620016 0.030595689408800225 -0.050985559805901803 0.030679466854180104 -0.0077425946272857323 -0.051001348490680068 0.057828352975029744 0.020439812379613717 0.022838416193342623 -0.014157426269732066 -0.014122406673791894 0.068604334597491545 0.0029155914084320008 -0.001780165698247382 -0.029577623400378141 0.044939708320059529 -0.01944077257764347 0.015561825830648458 -0.037595856925651566 0.013229406220345985 0.019988529589152284 0.038732104216174769 0.059480276928663568 -0.07911384862314641 -0.016534467946040785 0.0078287577212069678 -0.00088135319065233959 -0.015855153866739368 -0.074444664401506835
leaf_weight=17.797436136490436 0.31761812465265382 0.48797827726230003 0.61472185220918618 0.54588799813063804 1.1859466433525083 12.313690132141344 0.4352189907804126 0.78320860594976727 1.9949117805808763 7.1483135026646778 3.255257108292426 0.80188664310844604 0.71810516715049733 1.1384420031681655 5.384013121132738 2.2493546012410661 1.8462499319575725 0.5902322616893787 0.71996410749852735 0.63305964414030291 0.3320071785710742 0.57123368431348354 0.42542492446955293 1.3196087684482334 0.47808111016638555 0.64029477414442226 14.4024194835074 71.128752818563953 0.56957218935713172 0.27235682494938374
leaf_count=649 8 19 25 51 23 1248 19 25 41 264 148 38 11 31 228 219 57 26 13 16 13 14 11 16 22 43 433 1987 14 6
internal_value=0.00155671 0.0148888 -0.013906 0.0230393 0.004938 0.0011006 0.00472559 0.0246113 0.00314272 0.0111074 -0.00101148 0.0191104 0.0370777 0.0252964 -0.000991489 -0.00997135 0.0375265 -0.000347566 0.010391 0.0238334 -0.000899277 -0.0102818 -0.0130832 0.0439772 -0.0303489 -0.0432858 -0.000462737 0.000585325 0.00748439 -0.0368079
internal_weight=151.101 4.9984 1.1027 3.8957 1.73183 146.103 41.7061 3.07497 38.6312 13.2004 5.25017 7.9502 2.63976 1.92165 25.4308 7.63337 2.16387 104.397 5.10145 3.24387 99.2952 1.20429 1.85759 2.03957 1.45038 1.11838 97.8449 85.5312 0.994997 0.862589
internal_count=5718 183 44 139 74 5535 1673 86 1587 491 189 302 67 56 1096 447 65 3862 116 59 3746 30 57 29 78 65 3668 2420 25 32
is_linear=0
shrinkage=0.05


Tree=135
num_leaves=31
num_cat=0
split_feature=2 5 1 6 2 6 1 3 1 5 5 6 2 2 1 6 5 3 5 6 6 6 1 1 4 2 5 5 6 5
split_gain=0.234063 0.4067 0.615923 1.04821 0.793055 0.73109 0.722739 0.605796 0.502127 0.631432 0.882149 1.07464 0.691645 1.0936 0.643642 0.618225 0.491735 0.487389 0.451146 0.384128 0.376336 0.822191 1.00776 0.908321 0.840763 0.934315 0.840409 0.793753 0.682259 0.622334
threshold=3.0694006811697876 0.40192307692307699 7.7500000000000009 23.500000000000004 2.9770528305392205 67.000000000000014 8.1500000000000004 2.5000000000000004 5.4500000000000011 0.34514106583072107 0.28851224105461398 62.500000000000007 3.0409651192888831 2.9090836105909128 8.2500000000000018 41.500000000000007 0.41144200626959254 3.5000000000000004 0.58411949685534603 44.500000000000007 53.500000000000007 43.500000000000007 6.2500000000000009 7.9500000000000011 1.0000000180025095e-35 3.0952929991690303 0.40192307692307699 0.37729468599033822 23.500000000000004 0.33809523809523817
decision_type=2 2 2 2 2 2 2 2 2 2 2 2 2 2 2 2 2 2 2 2 2 2 2 2 2 2 2 2 2 2
left_child=1 8 3 -3 7 16 -7 -5 19 10 14 -12 13 -11 -10 -14 -4 -8 -18 -1 21 24 -23 27 25 -2 -25 -24 -26 -30
right_child=20 2 5 4 -6 6 17 -9 9 12 11 -13 15 -15 -16 -17 18 -19 -20 -21 -22 22 23 26 28 -27 -28 -29 29 -31
leaf_value=0.061183639959992514 0.085619160462010971 0.016938939517844132 -0.03698381579548262 -0.05260607261915469 -0.04003384614065978 0.044276040259271947 -0.069205341682488389 -0.0098911591328069755 0.0015947928409980881 0.0092884939415827702 -0.036043744916365771 0.024166626264982852 0.090335043148845259 -0.020191531660266708 -0.060885083982445867 0.0052186059708812854 0.0028121967025795534 0.016367959616453969 -0.041226935216612547 -0.0046902903164486561 -0.0037957772278861949 -0.028993459719949738 0.0053204859910512747 0.016072016735342462 -0.040233389096457475 0.004414984772973583 -0.029526312625199887 0.030944009267775425 0.015725010047092373 -0.012694942742397561
leaf_weight=0.58160430146381159 0.36422039382159788 2.705526408157314 1.0358639307087276 0.87471626128536328 2.9763171392842187 1.684820923401275 0.26722730993060384 16.257564635176095 11.732833987683989 15.17265293168021 4.1892922446713774 0.90033461560960848 0.44099754630587895 3.9687758032232514 0.4272046835394584 0.41323904594173655 7.7887574683118128 0.44097997003700584 0.62846399820409704 0.35723325377330184 31.396675755415345 1.4195353102404649 4.8321283159311887 2.106829290452878 1.7491120807826526 12.904570613434769 1.9418605322716755 8.069843980832955 2.4368827145081005 9.1930553439888154
leaf_count=11 7 82 38 77 184 65 18 901 476 514 154 55 12 176 26 17 289 10 34 23 1176 68 132 68 65 369 58 228 73 330
internal_value=-0.00152732 -0.00355526 -0.00747661 -0.0122795 -0.0162107 0.00177318 0.0264609 -0.012072 4.18899e-06 -0.000906132 -0.00791544 -0.0253928 0.00514059 0.00317612 -0.000600241 0.0491598 -0.00447646 -0.0159213 -0.000475944 0.0361182 0.000405881 0.00333622 0.0114746 0.0148636 -0.00227412 0.00664399 -0.00579817 0.0213473 -0.0111187 -0.00673996
internal_weight=149.259 72.8444 34.6602 22.8141 20.1086 11.8461 2.39303 17.1323 38.1842 37.2453 17.2497 5.08963 19.9957 19.1414 12.16 0.854237 9.45309 0.708207 8.41722 0.938838 76.4147 45.018 18.3702 16.9507 26.6478 13.2688 4.04869 12.902 13.3791 11.6299
internal_count=5736 3162 1698 1244 1162 454 93 978 1464 1430 711 209 719 690 502 29 361 28 323 34 2574 1398 554 486 844 376 126 360 468 403
is_linear=0
shrinkage=0.05


Tree=136
num_leaves=31
num_cat=0
split_feature=2 2 5 2 2 0 0 5 2 3 3 6 6 0 5 2 5 5 6 2 2 2 3 5 0 0 2 0 0 0
split_gain=0.239373 0.218009 0.424339 0.443082 1.29253 0.68418 0.511475 0.458558 0.406249 1.04105 0.752004 0.576529 0.658083 0.41136 0.387432 0.464239 0.331185 0.711754 0.779516 0.487988 0.823548 0.503211 0.426086 0.260102 0.229012 0.202715 0.180891 0.126348 0.0318962 0.00689508
threshold=5.9693946024263989 3.0694006811697876 0.46546310832025123 3.1021172551641576 3.1697059213412886 0.72917500000000002 0.96250000000000013 0.48499103942652338 3.1635937962205944 3.5000000000000004 4.5000000000000009 43.500000000000007 53.500000000000007 0.78167500000000012 0.40192307692307699 3.0592701083171034 0.34514106583072107 0.28851224105461398 62.500000000000007 2.9090836105909128 3.0533169851264135 2.8979540263155372 1.5000000000000002 0.40462577962577967 0.88750000000000007 0.55832500000000007 3.1062888222224907 0.74500000000000011 0.96250000000000013 0.59375000000000011
decision_type=2 2 2 2 2 2 2 2 2 2 2 2 2 2 2 2 2 2 2 2 2 2 2 2 2 2 2 2 2 2
left_child=1 14 8 5 7 25 -6 -5 9 26 -11 13 -13 -10 16 23 17 22 -19 21 -21 -18 -1 28 -25 -4 -3 29 -16 -17
right_child=-2 2 3 4 6 -7 -8 -9 11 10 -12 12 -14 -15 15 27 19 18 -20 20 -22 -23 -24 24 -26 -27 -28 -29 -30 -31
leaf_value=-0.043604343041379362 -0.037434790081796898 -0.010090676918321259 0.031826073527997836 0.015916304343665349 0.0062085842987764546 -0.013173970233005598 0.039116125746608339 -0.054680284328373144 -0.0053776218190121766 0.033312291542709857 -6.1796424883448888e-05 0.0093375043224076977 -0.0052103308331281333 -0.023018298052506606 -0.03462163124324983 -0.057271282729365595 0.0072596603749163942 -0.029342015056963152 0.021519198555903608 -0.01850421659285216 0.037181565043486541 0.055726470419432267 0.0036749950034905519 -0.0073538415190392411 0.0046895946641183064 0.082940562450088462 -0.061085651771362798 -0.018559449177496429 -0.064117067012342557 -0.069684373385940343
leaf_weight=0.49633472703863191 0.45676066726446052 0.25543275498784979 0.31904750358080736 0.28710743412375705 16.942717641242783 0.46405860036611557 1.2692504143342365 1.1568448786856604 9.2288191234692913 3.1608629033435136 3.6220003458438441 12.514218122698365 20.520878444775008 5.1481734458357087 0.20501999475527455 0.22958453465253015 14.96086316840956 4.239803898963145 0.91612047492526461 3.9979722616262725 0.79618196422234166 0.5554340186063208 11.945339255034922 28.711282655567629 4.5764622585847965 0.49478584947064519 0.54481424839468673 0.24333538115024567 0.16576685663312674 0.2181913647800684
leaf_count=29 11 12 12 17 589 10 28 58 378 82 138 359 740 93 20 12 499 159 56 189 25 20 487 1506 138 12 35 6 6 10
internal_value=-0.0012942 -0.0011828 0.000688058 0.0067465 0.00489173 0.0352756 0.00850202 -0.0406433 -0.00161807 0.00912738 0.0154908 -0.00333671 0.00030062 -0.0116945 -0.00314871 -0.0069949 0.000336435 -0.00468436 -0.0203048 0.00468661 -0.00925628 0.00899462 0.00178888 -0.00616198 -0.00569809 0.0629021 -0.0448084 -0.0475601 -0.0478081 -0.0633199
internal_weight=148.643 148.187 75.929 20.9338 19.6559 1.27789 18.212 1.44395 54.9952 7.58311 6.78286 47.4121 33.0351 14.377 72.2577 34.3496 37.908 17.5976 5.15592 20.3105 4.79415 15.5163 12.4417 33.6585 33.2877 0.813833 0.800247 0.691111 0.370787 0.447776
internal_count=5736 5725 2563 726 692 34 617 75 1837 267 220 1570 1099 471 3162 1698 1464 731 215 733 214 519 516 1670 1644 24 47 28 26 22
is_linear=0
shrinkage=0.05


Tree=137
num_leaves=18
num_cat=0
split_feature=2 1 5 1 2 1 6 2 4 2 5 2 2 2 1 1 2
split_gain=0.206763 0.185141 0.197449 0.931181 0.680759 0.575219 0.625956 0.319672 0.318159 0.242212 0.358277 0.607307 0.499667 0.278847 0.397197 0.353354 0.0549458
threshold=5.9693946024263989 3.9000000000000008 0.20293040293040296 6.8500000000000005 3.1503603806779825 6.4500000000000011 41.500000000000007 2.6266587346166723 1.0000000180025095e-35 3.078801454774291 0.48212005108556838 3.1635937962205944 5.4024352020554556 2.6437602321021623 7.0500000000000007 5.2500000000000009 3.6964859815791882
decision_type=2 2 2 2 2 2 2 2 2 2 2 2 2 2 2 2 2
left_child=1 -1 3 5 7 6 -3 -5 -7 13 11 -11 -12 14 -4 -15 -6
right_child=-2 2 9 4 16 8 -8 -9 -10 10 12 -13 -14 15 -16 -17 -18
leaf_value=-0.031233267519065938 -0.034336946965248721 -0.035774338127456277 -0.0079163752754090391 -0.044207022330397971 -0.038383996205379328 0.064339800428488012 0.019702349004632528 0.0079729840661181325 0.024020303982176725 0.012523357451594061 0.0042715829177482848 -0.0034908127507421779 0.035561055980253942 0.034169302778989899 0.010974710970504634 -0.0055418816914995124 -0.062341199611262915
leaf_weight=0.51210694015025993 0.47287815110757847 0.67740010283887242 4.6545866249944066 0.34118504635989744 0.55422374990303058 0.85237270407378685 2.0388840334489942 2.1009400358889252 1.1485804663971066 6.7635793669614932 15.396837908541785 47.480434376106132 1.3912090085796069 0.56585090520093118 6.9180343212210573 55.856350742076756 0.42123835394158959
leaf_count=7 11 10 212 10 47 14 46 114 22 251 577 1545 36 28 228 2548 30
internal_value=-0.00132753 -0.00122183 -0.00111739 0.006454 -0.0134205 0.0208529 0.0058673 0.000683006 0.0411957 -0.00156041 0.000481461 -0.00149404 0.00686451 -0.0036935 0.00337659 -0.00514362 -0.0487295
internal_weight=148.147 147.674 147.162 8.13482 3.41759 4.71724 2.71628 2.44213 2.00095 139.027 71.0321 54.244 16.788 67.9948 11.5726 56.4222 0.975462
internal_count=5736 5725 5718 293 201 92 56 124 36 5425 2409 1796 613 3016 440 2576 77
is_linear=0
shrinkage=0.05


Tree=138
num_leaves=17
num_cat=0
split_feature=2 1 5 1 2 2 2 2 0 6 6 6 5 6 1 0
split_gain=0.195396 0.190086 0.18591 0.914966 0.661122 0.381679 0.326813 0.22524 0.324393 0.510611 0.46844 0.324084 0.919897 0.563336 0.196899 0.0793218
threshold=5.9693946024263989 3.9000000000000008 0.20293040293040296 6.8500000000000005 3.1503603806779825 2.7081161456422262 2.6266587346166723 3.078801454774291 0.88750000000000007 37.000000000000007 23.500000000000004 31.500000000000004 0.2902777777777778 53.500000000000007 6.2500000000000009 0.55832500000000007
decision_type=2 2 2 2 2 2 2 2 2 2 2 2 2 2 2 2
left_child=1 -1 3 5 6 -3 -5 8 10 -10 -4 12 -9 -13 -7 -6
right_child=-2 2 7 4 15 14 -8 11 9 -11 -12 13 -14 -15 -16 -17
leaf_value=-0.030984616517978993 -0.033171571890553905 -0.011912898858452911 0.008915809640294179 -0.043780813234466642 -0.01324918814244895 0.013148085056107936 0.008173996367581057 -0.051432459518011543 -0.01656464807624641 0.0083074628281485149 -0.0068579075406506283 0.006472646539469178 -0.0027348542707116147 -0.0031346705382555087 0.036944714979964773 -0.053959859507350764
leaf_weight=0.53733770176768203 0.48246830841526289 0.72041421616449852 5.2000177361769593 0.35350310988724309 0.13985955202952016 1.4042400801554324 2.1054246007697657 1.0834334976971138 2.5694569889456025 10.479372806148602 49.624500840640394 30.932170768996002 9.2428305073408392 30.111633032211103 2.2817060840316117 0.82808109861798584
leaf_count=7 11 15 141 10 29 31 114 43 59 244 2572 972 277 1117 46 48
internal_value=-0.00140395 -0.00130012 -0.00119167 0.00630324 -0.0130741 0.0213732 0.000704811 -0.0016133 -0.00367542 0.00340987 -0.0053618 0.000347786 -0.00784422 0.00173356 0.0278789 -0.0480775
internal_weight=148.096 147.614 147.077 7.83323 3.42687 4.40636 2.45893 139.243 67.8733 13.0488 54.8245 71.3701 10.3263 61.0438 3.68595 0.967941
internal_count=5736 5725 5718 293 201 92 124 5425 3016 303 2713 2409 320 2089 77 77
is_linear=0
shrinkage=0.05


Tree=139
num_leaves=29
num_cat=0
split_feature=1 1 2 2 0 0 6 6 6 6 2 1 1 0 0 6 0 0 6 6 2 2 2 2 0 2 0 2
split_gain=0.209146 0.19628 0.450696 0.600015 0.71376 0.771914 0.499527 0.764315 0.398079 0.930759 0.548967 0.239569 0.223062 0.311355 0.60225 0.576839 0.525523 0.719305 0.475317 0.46997 0.227279 0.512066 0.502391 0.494121 0.483623 0.358984 0.136753 0.0151747
threshold=3.9000000000000008 6.5500000000000007 2.7334904123527184 3.6598862654191655 0.96250000000000013 0.78167500000000012 27.500000000000004 44.500000000000007 38.500000000000007 42.500000000000007 3.4162823587507689 6.4500000000000011 7.3500000000000005 0.86250000000000016 0.9125000000000002 37.000000000000007 0.72917500000000002 0.61832500000000012 71.500000000000014 69.500000000000014 3.2076530324835146 3.2702910937687597 3.3235600470473003 3.2028262129974809 0.81667500000000015 2.7081161456422262 0.72917500000000002 2.6266587346166723
decision_type=2 2 2 2 2 2 2 2 2 2 2 2 2 2 2 2 2 2 2 2 2 2 2 2 2 2 2 2
left_child=-1 2 6 8 5 -5 27 26 10 -10 -4 -9 20 16 15 -15 17 -14 -16 -18 23 24 -23 25 -22 -3 -8 -2
right_child=1 12 3 4 -6 -7 7 11 9 -11 -12 -13 13 14 18 -17 19 -19 -20 -21 21 22 -24 -25 -26 -27 -28 -29
leaf_value=-0.031647737680744963 0.036151858895160191 0.0034523926100705122 -0.011289827745158963 -0.025322351755051625 -0.081343285762316003 0.018134828027257591 -0.034023180280851953 -0.013704694042918956 0.046635417275242931 0.0087537642975301123 0.032188912712880456 0.027465073923156474 -0.0043627069961539181 -0.010872724001620109 0.00089572844782843638 0.026815170103387666 -0.011485934905952528 0.0093105010132297095 -0.046409059098274266 0.012591290137780764 0.037356028299800691 -0.040634343934664828 -0.001582028348145843 -0.07753921300560733 -0.025578848281726876 -0.010076732053066599 -0.069166829133045643 0.020242750148126678
leaf_weight=0.57257840409874816 0.27360199438408317 6.3246814447920832 3.3121267950045903 2.1201256098138392 0.32515756040811528 1.9725811746902762 0.47959910903591685 1.1503664149204267 2.0409104567952436 7.890681415097788 0.9297965858131646 0.51002057420555491 23.126752710653818 1.3030375735834212 8.2081156736239773 4.5976746552623808 17.366825959004931 16.46762918040622 0.56775390729308206 2.294510713312774 1.4658478048513668 0.85874802083708601 20.090677759901155 0.25073049147613247 0.38554383255541314 21.815166608721483 0.65466895513236523 0.3314919350668788
leaf_count=7 10 282 103 173 8 36 43 99 56 377 24 24 1576 32 149 102 421 357 10 53 67 49 551 12 13 1075 17 10
internal_value=-0.0014876 -0.00137021 0.00298617 0.00604711 -0.0100418 -0.00437709 -0.0137525 -0.0226706 0.011062 0.0165383 -0.00175963 -0.00105859 -0.00213587 -0.000379179 0.00614061 0.0184927 -0.00199401 0.00132409 -0.00216465 -0.00867608 -0.00467293 -0.000955325 -0.00318284 -0.00765859 0.0242501 -0.00703594 -0.0543071 0.0274363
internal_weight=147.687 147.115 21.9911 18.5914 4.41786 4.09271 3.39975 2.79466 14.1735 9.93159 4.24192 1.66039 125.124 73.9323 14.6766 5.90071 59.2557 39.5944 8.77587 19.6613 51.1914 22.8008 20.9494 28.3906 1.85139 28.1398 1.13427 0.605094
internal_count=5736 5729 980 777 217 209 203 183 560 433 127 123 4749 2700 293 134 2407 1933 159 474 2049 680 600 1369 80 1357 60 20
is_linear=0
shrinkage=0.05


Tree=140
num_leaves=31
num_cat=0
split_feature=1 2 5 1 6 5 5 1 1 3 6 5 2 6 2 5 1 2 2 5 5 5 2 5 3 3 6 6 6 1
split_gain=0.345344 0.457379 0.794746 1.08217 1.07676 1.54709 0.587156 0.794368 0.513989 0.593811 0.807033 0.591692 0.516015 0.491891 0.445901 0.396141 0.539241 0.526509 0.618149 0.500537 0.666769 0.473913 0.431773 0.360073 0.358908 0.334452 0.636116 1.18877 0.720184 0.810805
threshold=7.8500000000000005 3.1819828491719071 0.45307917888563054 7.6500000000000012 29.500000000000004 0.45620204603580566 0.6043478260869567 6.8500000000000005 7.6500000000000012 3.5000000000000004 23.500000000000004 0.4491379310344828 2.784856905053958 25.500000000000004 3.1252885749399155 0.49305555555555564 7.7500000000000009 3.6964859815791882 5.4024352020554556 0.6043478260869567 0.62101063829787251 0.50423728813559332 5.4755168397381269 0.50423728813559332 3.5000000000000004 3.5000000000000004 67.000000000000014 65.500000000000014 68.500000000000014 8.0500000000000025
decision_type=2 2 2 2 2 2 2 2 2 2 2 2 2 2 2 2 2 2 2 2 2 2 2 2 2 2 2 2 2 2
left_child=1 2 8 6 -5 -6 14 -8 11 12 -11 13 -10 -1 -4 16 -3 19 23 21 -21 -17 -20 -19 -18 -2 27 -27 -28 -30
right_child=25 15 3 4 5 -7 7 -9 9 10 -12 -13 -14 -15 -16 17 24 18 22 20 -22 -23 -24 -25 -26 26 28 -29 29 -31
leaf_value=0.016355517964962332 -0.0019851795255287374 0.0007012263474202627 -0.021334793375009653 -0.046205465478355544 -0.061564084349620934 0.039578535658078923 -0.035617836874750439 0.04898052797499497 0.0033147727779208229 -0.077606843733397435 0.0069901389064458757 0.047231160058587324 -0.057157335905969664 -0.0022577991430706339 -0.059252269342431302 -0.0036660139464490329 0.0089912247313915332 0.015173258753769065 0.058657430585244898 -0.059337268611908404 0.040057153912775034 0.032498878337328979 -0.0025451059844857271 -0.031331660807924933 -0.039023722907341254 0.0059055293192464553 0.063202900722489685 -0.051794017351190817 0.042253435614415663 -0.0052345964108420394
leaf_weight=3.99248391855508 17.381778938113712 35.858040832506958 11.337652669244562 0.67997430183459018 0.44809305784292552 2.4198896558664273 0.47702388756442704 0.66335867834277451 0.49147308274404977 0.31878753378987346 2.4375050905509852 0.66997881047427554 1.2499935723026281 31.986519102822058 0.83227076765615571 1.1531242750934305 0.53241880168206868 0.54861605516634959 0.51869235560297944 0.42676002386724565 0.27906429208815098 4.2246370856300928 0.6484301071614027 1.7248746774566823 1.4468242559814826 18.850789950112819 0.92507319408468802 0.93704792018979688 1.5067409640178087 2.2279343338450417
leaf_count=100 730 1142 690 20 9 105 28 42 35 6 113 32 70 1518 44 39 40 18 11 18 6 156 18 92 48 442 21 35 38 59
internal_value=-0.000526629 -0.00205257 -0.00502928 -0.0141728 0.0103639 0.023776 -0.0207132 0.0135929 -0.00128309 -0.017235 -0.00279419 0.000674613 -0.040091 -0.000192334 -0.0239279 0.0015931 -0.000701128 0.0107075 -0.00492472 0.0195484 -0.0200393 0.0247442 0.0246545 -0.0201096 -0.0261076 0.00331715 0.00708701 0.00317318 0.0237073 0.0139243
internal_weight=147.196 105.366 58.005 16.8583 3.54796 2.86798 13.3103 1.14038 41.1467 4.49776 2.75629 36.649 1.74147 35.979 12.1699 47.3615 37.8373 9.5242 3.44061 6.08359 0.705824 5.37776 1.16712 2.27349 1.97924 41.8294 24.4476 19.7878 4.65975 3.73468
internal_count=5725 4400 2812 938 134 114 804 70 1874 224 119 1650 105 1618 734 1588 1230 358 139 219 24 195 29 110 88 1325 595 477 118 97
is_linear=0
shrinkage=0.05


Tree=141
num_leaves=31
num_cat=0
split_feature=1 3 5 6 6 6 1 6 5 5 2 6 2 5 6 5 1 2 5 2 2 5 6 5 2 6 1 6 2 2
split_gain=0.28641 0.387073 0.775698 0.765424 0.948463 0.741961 0.656555 0.660084 0.622457 0.592179 0.716941 0.520657 0.567576 0.74916 0.558464 0.521744 0.376467 0.393408 0.366899 0.301835 0.71868 0.867932 0.568593 0.836793 0.951974 0.648916 0.58838 0.664762 0.42676 0.846256
threshold=7.8500000000000005 3.5000000000000004 0.44636015325670503 67.000000000000014 64.000000000000014 22.500000000000004 8.0500000000000025 68.500000000000014 0.57855191256830618 0.4152394775036285 2.8103057858889695 48.500000000000007 3.4519696286118893 0.42640692640692646 51.500000000000007 0.29337431693989074 8.1500000000000004 3.9575540059567773 0.48331479421579543 3.3643075840091208 3.4330019075695355 0.45307917888563054 57.500000000000007 0.40609253321117739 3.5838188022235569 58.500000000000007 7.4500000000000011 25.500000000000004 3.2569227723197582 3.220832220387837
decision_type=2 2 2 2 2 2 2 2 2 2 2 2 2 2 2 2 2 2 2 2 2 2 2 2 2 2 2 2 2 2
left_child=19 2 11 4 16 -4 -5 -8 -9 -6 -11 12 13 -2 -13 -16 18 -18 -3 28 21 -21 26 24 -24 -25 -22 -28 29 -1
right_child=1 3 5 6 9 -7 7 8 -10 10 -12 14 -14 -15 15 -17 17 -19 -20 20 22 -23 23 25 -26 -27 27 -29 -30 -31
leaf_value=-0.0038521688478734329 0.0018771342473607876 0.0045020247471050838 0.074682106736428153 0.047224579557380963 -0.087879160390150673 -0.030142174231115811 0.06177106135084838 -0.020319281702426306 0.037029196770778254 -0.076813801847775143 0.025936383163636997 -0.072595004828341803 0.0472902983359616 0.074765520574859176 -0.045101562849838239 0.00066185912568368687 0.010502501354492037 0.050985010216626492 -0.017721679979733864 0.007546389389696229 0.008257477466540427 0.057251431856239147 -0.024257506127675132 -0.066106445079014003 0.020587684423358437 -0.016030251647427617 -0.057586058051855793 -0.0037982460545389948 -0.018625093482548302 0.025987969633899932
leaf_weight=60.066673894922133 5.5777698456076923 8.1287258283700883 0.17852878477424328 1.985814983723684 0.42699373490176984 3.1008540554612409 0.49054631078615818 1.5116876121610405 0.6887285467237233 0.27558442577719688 0.4421442385064438 0.30906319711357344 0.9944576765410601 0.37631595763377834 0.69181625777855504 6.2446064075338654 7.3757492318982241 0.65329010318964709 2.4071421667467794 3.3863574196002437 17.05402641789988 1.1858064354164524 1.8022558321244995 0.7305021866923197 3.4463793849572539 5.6557925156666897 0.68939345551188935 3.444714970421046 4.4932027355534947 2.4738174058729774
leaf_count=2913 158 174 7 46 18 220 13 41 18 9 17 25 29 14 61 216 181 18 60 76 500 26 60 18 110 208 21 136 244 88
internal_value=-0.000332722 0.00316166 -0.0025184 0.00723155 0.00291655 -0.0244356 0.0254165 0.00932314 -0.00236925 -0.0412545 -0.0135163 0.00254533 0.012324 0.0064839 -0.00683258 -0.00390244 0.00564015 0.0137964 -0.000575451 -0.00173343 0.00186558 0.0204376 -0.000721445 -0.00960212 0.00518892 -0.0217583 0.00415515 -0.0127678 -0.00374116 -0.00267183
internal_weight=146.289 41.8598 17.4734 24.3864 19.7096 3.27938 4.67678 2.69096 2.20042 1.14472 0.717729 14.194 6.94854 5.95409 7.24549 6.93642 18.5649 8.02904 10.5359 104.429 37.3952 4.57216 32.8231 11.6349 5.24864 6.38629 21.1881 4.13411 67.0337 62.5405
internal_count=5725 1325 730 595 477 227 118 72 59 44 26 503 201 172 302 277 433 199 234 4400 1155 102 1053 396 170 226 657 157 3245 3001
is_linear=0
shrinkage=0.05


Tree=142
num_leaves=31
num_cat=0
split_feature=0 1 6 6 6 5 6 3 5 5 0 0 1 1 0 1 0 6 0 6 0 1 1 5 5 6 4 5 1 1
split_gain=0.42598 0.393881 0.404575 0.525525 0.378147 0.749951 0.653514 0.376133 0.360583 1.01168 1.41512 0.468028 0.411216 0.406861 0.398652 0.378983 0.871759 0.397409 0.35141 0.343069 0.56364 0.926663 1.19926 0.349233 0.673065 0.517977 0.406588 0.58072 0.39581 0.355178
threshold=0.61832500000000012 8.1500000000000004 65.500000000000014 59.500000000000007 48.500000000000007 0.41833333333333339 34.500000000000007 4.5000000000000009 0.53589743589743599 0.45080645161290328 0.96250000000000013 0.64500000000000013 7.3500000000000005 7.6500000000000012 0.72917500000000002 7.0500000000000007 0.72917500000000002 68.500000000000014 0.78167500000000012 25.500000000000004 0.54500000000000015 7.5500000000000007 7.8500000000000005 0.54897260273972615 0.45080645161290328 38.500000000000007 1.0000000180025095e-35 0.43929824561403513 7.6500000000000012 7.5500000000000007
decision_type=2 2 2 2 2 2 2 2 2 2 2 2 2 2 2 2 2 2 2 2 2 2 2 2 2 2 2 2 2 2
left_child=19 8 3 4 6 -6 -3 -4 9 15 11 -11 -12 14 -10 17 -17 -2 -5 20 -1 -22 -23 24 26 29 28 -28 -21 -25
right_child=1 2 7 18 5 -7 -8 -9 13 10 12 -13 -14 -15 -16 16 -18 -19 -20 23 21 22 -24 25 -26 -27 27 -29 -30 -31
leaf_value=-0.0082780636981559987 0.0079363216583123366 -0.00014245594165669109 -0.01486691387425116 0.062601118727689198 0.010291757712421258 -0.042932359075316937 0.027634937429673267 0.023333241777489591 -0.020656301757148457 0.0089805431461468296 0.062299045795664303 -0.023027314974549143 0.01112594912433197 0.027862344495702171 0.01139467495870069 0.01068373375641792 -0.0068775289580820815 -0.014835732896993066 0.013454774967372317 0.0019860673763881531 0.049634751232664823 -0.053634878775524489 0.03657942220507529 -0.021552053235322857 0.0052744086554520845 -0.025294479518518594 -0.013819542720337098 -0.059871154620871073 -0.0146101788472084 0.060865053269996965
leaf_weight=3.0391342840739517 25.350249196868393 3.9948763996362704 2.8229323229752477 0.8195845391601313 2.2021572012454267 0.94622697518207122 4.505581202916801 0.8350003957748412 1.3399391649290908 1.2823332869447739 0.60128108761273402 10.442492009256965 1.1310375425964592 2.3587122346507385 3.5157392991241068 10.031151414965278 23.91393072064966 2.0725367267150423 0.65393451089039445 9.5602039309451339 1.5234353258274498 0.69667689781635977 0.78176179633010179 0.22223427915014227 12.28390275815036 3.9515285037341528 7.81114628323121 0.75032751564867783 5.7553763645701119 0.31745734415017068
leaf_count=161 584 76 55 16 41 24 73 17 65 41 16 354 23 68 130 245 548 75 11 671 46 16 23 16 669 343 734 39 531 14
internal_value=-0.000281542 0.00157806 0.00855784 0.0126569 0.00909813 -0.00570441 0.0145807 -0.00614692 0.000150414 -0.000878875 -0.0132943 -0.0195266 0.0288879 0.0108258 0.00255011 0.00184366 -0.00168798 0.00621527 0.0407904 -0.00421712 0.00690074 0.0222679 -0.00593179 -0.00586926 -0.00423603 -0.0190192 -0.00912882 -0.0178555 -0.00425056 0.0269273
internal_weight=145.513 98.8197 16.7803 13.1224 11.6488 3.14838 8.50046 3.65793 82.0394 74.825 13.4571 11.7248 1.73232 7.21439 4.85568 61.3679 33.9451 27.4228 1.47352 46.6932 6.04101 3.00187 1.47844 40.6522 36.161 4.49122 23.8771 8.56147 15.3156 0.539692
internal_count=5725 2462 313 241 214 65 149 72 2149 1886 434 395 39 263 195 1452 793 659 27 3263 246 85 39 3017 2644 373 1975 773 1202 30
is_linear=0
shrinkage=0.05


Tree=143
num_leaves=31
num_cat=0
split_feature=0 1 5 6 6 6 5 1 5 5 6 6 6 1 1 5 0 3 6 6 5 0 6 5 1 1 6 5 5 3
split_gain=0.279884 0.695519 0.613178 0.511889 0.337004 0.301696 0.375455 0.28124 0.8757 0.726079 0.279593 0.463726 0.262353 0.230357 0.507652 0.787808 0.608158 0.788546 0.584024 0.768179 0.362008 0.317034 0.272349 0.261203 0.335145 0.750884 0.424212 0.245751 0.233939 0.283833
threshold=0.96250000000000013 6.8500000000000005 0.48331479421579543 62.500000000000007 46.500000000000007 40.500000000000007 0.33809523809523817 6.0500000000000007 0.27622890682318418 0.32235621521335811 31.500000000000004 35.500000000000007 70.500000000000014 6.5500000000000007 6.4500000000000011 0.43167701863354041 0.78167500000000012 3.5000000000000004 38.500000000000007 31.500000000000004 0.25378787878787884 0.54500000000000015 51.500000000000007 0.58657047724750289 7.7500000000000009 7.5500000000000007 39.500000000000007 0.45521390374331555 0.18898809523809526 2.5000000000000004
decision_type=2 2 2 2 2 2 2 2 2 2 2 2 2 2 2 2 2 2 2 2 2 2 2 2 2 2 2 2 2 2
left_child=13 4 3 10 5 6 -2 -6 -9 -10 -3 -12 -5 14 15 16 17 -1 19 -16 -18 27 -23 28 25 26 -25 -20 29 -15
right_child=1 2 -4 12 7 -7 -8 8 9 -11 11 -13 -14 23 18 -17 20 -19 21 -21 -22 22 -24 24 -26 -27 -28 -29 -30 -31
leaf_value=0.026379291352651924 0.016497028126772513 -0.028624116526818372 0.050063557340910808 0.036452583410623719 0.021739076664683249 -0.050004018973278136 -0.038466807849019992 -0.074123738239028722 0.071102420632736224 -0.013795904843030435 0.039424188524525922 0.0014368631085051231 -0.0028089232952809491 -0.062107904956630322 0.016268189522693613 -0.023721818574140265 -0.0015454624032140308 -0.01101884533456384 -0.030787217414336744 -0.06983597784852312 0.035952492547559174 0.046041187914923669 0.018774073392015103 0.031507850398707925 0.036453863193929216 -0.057788235186415564 -0.012908652911474234 0.049485079575758179 -0.001845184876306719 -0.0109681133213714
leaf_weight=1.8544484402518735 0.63417186215520194 0.64227893948554537 0.98234611004591066 2.0678816074505462 1.0311318575404587 0.78620693553239096 0.60913822613656521 0.41864412557333697 0.3455529762431977 0.92862918390892446 0.90326564945280363 7.2653463082388043 0.53572402242571104 0.30666384217329268 0.71833306457847246 2.9650399179372462 0.92982106097042594 5.8745976688223891 0.38733543932903547 0.40511954459361732 2.0912206890061498 1.6469553010538223 2.0627262655179948 1.3556225941865707 0.97600018314551551 0.43627763766562555 0.89082441001664836 0.12648098752833903 102.43644648810732 2.3542941433843225
leaf_count=67 9 13 24 39 17 14 13 9 5 28 15 117 15 27 18 275 10 365 36 9 42 24 56 58 65 25 51 13 4123 143
internal_value=-7.47876e-05 0.00592288 0.0121579 0.0088957 -0.0103378 -0.0257614 -0.0104316 0.00115375 -0.0113852 0.00922817 0.00313988 0.00563741 0.028374 -0.00087954 0.00419056 -0.000904169 0.00538929 -0.00204582 0.0172587 -0.0147812 0.0244113 0.0257814 0.0308796 -0.00176819 0.0113648 0.00223716 0.0138946 -0.0110274 -0.00222539 -0.0168618
internal_weight=144.969 17.1503 12.3968 11.4145 4.75348 2.02952 1.24331 2.72396 1.69283 1.27418 8.81089 8.16861 2.60361 127.818 19.0621 13.7151 10.7501 7.72905 5.34695 1.12345 3.02104 4.2235 3.70968 108.756 3.65872 2.68272 2.24645 0.513816 105.097 2.66096
internal_count=5725 318 223 199 95 36 22 59 42 33 145 132 54 5407 915 759 484 432 156 27 52 129 80 4492 199 134 109 49 4293 170
is_linear=0
shrinkage=0.05


Tree=144
num_leaves=31
num_cat=0
split_feature=0 5 5 6 6 2 6 2 2 2 6 0 2 5 6 6 5 6 0 0 5 6 5 3 6 3 2 6 0 6
split_gain=0.304369 0.704897 0.464749 0.416374 0.41486 0.653693 0.715826 0.453297 0.386504 0.260748 0.795155 0.790166 0.607213 0.750105 0.671213 0.526163 0.549627 0.398274 0.411055 0.912561 0.503778 0.489643 0.399003 0.586335 1.05404 0.560605 0.523442 0.414592 0.41306 0.388596
threshold=0.96250000000000013 0.42052631578947369 0.40609253321117739 58.500000000000007 44.500000000000007 3.0409651192888831 39.500000000000007 2.7541698915195858 3.0063754226394113 3.5941812513034272 43.500000000000007 0.6316750000000001 3.7359650897473711 0.38762626262626271 57.500000000000007 58.500000000000007 0.45080645161290328 25.500000000000004 0.54500000000000015 0.62250000000000016 0.24744897959183676 22.500000000000004 0.37729468599033822 4.5000000000000009 48.500000000000007 3.5000000000000004 3.4865948718212101 65.500000000000014 0.76500000000000012 29.500000000000004
decision_type=2 2 2 2 2 2 2 2 2 2 2 2 2 2 2 2 2 2 2 2 2 2 2 2 2 2 2 2 2 2
left_child=9 2 4 -4 5 7 -7 -2 -3 17 29 15 14 -14 -13 -12 -17 18 20 21 -1 -20 23 28 -25 27 -27 -24 -19 -11
right_child=1 8 3 -5 -6 6 -8 -9 -10 10 11 12 13 -15 -16 16 -18 22 19 -21 -22 -23 25 24 -26 26 -28 -29 -30 -31
leaf_value=-0.077581666252036482 -0.010075219009832199 0.050183405313202728 -0.074429277446594264 -0.0068499793837506449 0.009222447469323115 0.028863508132463148 -0.028518615612978922 -0.071193548635501189 0.014852964853147183 0.0044536923670804168 0.0063613653839858344 0.063735383797221407 -0.0037832060276039529 0.023806083946431193 0.0078408306483413372 -0.055085439635465611 -0.0037459486414138268 0.0093519438056994739 0.0095973690111886764 0.0013708839986407637 -0.0037823131538426828 0.052002559536813625 -0.0090855925228717441 0.0062222322656058284 -0.025028974879872507 -0.00061264962844759642 -0.018583751669191677 -0.027931383646828692 -0.0091313076081721654 -0.021077447255828441
leaf_weight=0.2542710776906455 0.60442120209336392 1.1196609190665179 0.36700390186160881 0.60146962944418192 8.886795189464463 1.2981139160692694 0.93492827378213395 0.60909663792699575 2.5081629157066345 2.4083954483503502 3.0208217644831192 1.2708432599902146 4.5726088928058726 5.3416978996247053 0.93028122535906721 0.92445316421799395 1.195480252150446 17.58200695033884 1.132272040471433 6.8385348813608289 2.5536877530976199 1.7070375115144996 12.79076599123073 5.8849869059631583 4.9825237218901748 37.816596461183508 4.5381457620533174 3.7809770976600694 3.6502666256856164 3.9100109001155943
leaf_count=8 13 27 9 16 151 19 16 12 55 93 157 16 100 109 15 91 87 809 29 140 126 43 597 228 313 1765 153 270 82 176
internal_value=-7.70157e-05 0.0062208 0.000892655 -0.0324592 0.0035116 -0.0112135 0.00483881 -0.0407521 0.0257571 -0.00091597 0.00382977 0.00938632 0.0163558 0.0110815 0.0401122 -0.00703896 -0.0261339 -0.0019968 0.00637735 0.0112641 -0.0104651 0.035092 -0.00314546 0.00133971 -0.00810579 -0.00558872 -0.00253818 -0.0133854 0.00617429 -0.0113457
internal_weight=144.016 16.9297 13.3018 0.968474 12.3334 3.44656 2.23304 1.21352 3.62782 127.087 23.5746 17.2562 12.1154 9.91431 2.20112 5.14076 2.11993 103.512 12.4858 9.67784 2.80796 2.83931 91.0263 32.0998 10.8675 58.9265 42.3547 16.5717 21.2323 6.31841
internal_count=5725 318 236 25 211 60 35 25 82 5407 844 575 240 209 31 335 178 4563 346 212 134 72 4217 1432 541 2785 1918 867 891 269
is_linear=0
shrinkage=0.05


Tree=145
num_leaves=31
num_cat=0
split_feature=0 0 0 5 2 5 2 2 2 6 5 2 2 0 5 2 3 2 6 5 5 2 2 5 0 6 2 6 0 2
split_gain=0.317871 0.26537 0.617446 0.547326 0.715556 0.650633 0.532746 0.587906 0.587443 0.97489 0.556998 0.479278 0.663943 0.569528 0.557847 0.67004 0.444053 0.413346 0.697377 0.769248 0.372889 0.495245 0.341541 0.501438 0.266348 0.264651 0.239346 0.201806 0.153955 0.110741
threshold=0.18500000000000003 0.66832500000000017 0.61832500000000012 0.53589743589743599 2.831063924436251 0.6043478260869567 3.5941812513034272 4.4013162140956954 3.5042216710073544 53.500000000000007 0.48212005108556838 2.8540534885841544 2.8840101815541477 0.72082500000000016 0.50423728813559332 2.831063924436251 3.5000000000000004 2.6690321316788999 26.500000000000004 0.41144200626959254 0.59411764705882364 3.9829067764226105 2.9131649601214229 0.53589743589743599 0.38667500000000005 51.500000000000007 2.6336138048967253 38.500000000000007 0.74500000000000011 3.4330019075695355
decision_type=2 2 2 2 2 2 2 2 2 2 2 2 2 2 2 2 2 2 2 2 2 2 2 2 2 2 2 2 2 2
left_child=-1 2 17 11 5 16 8 27 10 -10 -4 14 25 -14 15 -3 -5 18 26 -20 21 -6 24 -24 -19 -13 -2 -8 -16 -22
right_child=1 3 6 4 20 -7 7 -9 9 -11 -12 12 13 -15 28 -17 -18 22 19 -21 29 -23 23 -25 -26 -27 -28 -29 -30 -31
leaf_value=-0.042006341677062395 0.027621874490958903 0.0018591369988143311 0.012237677647956545 0.006273017115626005 0.036510237368574824 0.043071566054300903 0.0063089868701736301 -0.010951480556541424 0.010039737660599637 -0.067480859489353603 -0.022217331544218538 -0.0069452582757266977 -0.020641808749671059 -0.0035954729354653494 -0.012697411395983384 0.038604135549999051 -0.048317026278509374 0.0082093879986732694 -0.022425702885790377 0.021625038661721871 -0.01660555792228479 -0.013962515942773488 0.0033153983597501505 -0.015106704852289205 -0.011955488406783961 -0.071890095587882119 0.073160477982255334 0.041599691590932304 -0.057185711368855044 0.01709054995010063
leaf_weight=0.45690282323630427 0.73047289298847207 19.685526442131966 12.094209330505693 0.59014522528741453 3.230475458898582 0.40051569417119015 0.47922865347936738 0.84315832145512093 0.96304036723449715 0.70061676483601332 1.2989556374959637 0.2221647659316649 5.5421192054636768 42.289198930491693 0.33620418445207079 1.3240836365148414 1.0101689100265501 1.9038761009433063 1.7668696583714334 2.2570924559549894 0.68357720196945571 0.57207738514989603 24.118580148700861 4.361887990467948 11.706869344328878 0.53368572099134326 0.47693174588494003 2.6185496286489069 0.46126789005938917 0.37903192732483149
leaf_count=76 24 518 341 29 95 19 13 19 19 15 59 10 144 953 11 38 41 237 173 157 29 16 1618 312 687 24 15 46 16 15
internal_value=-0.000368004 -0.000235502 0.00208458 -0.00222706 0.011248 -0.013922 0.00969886 0.026065 0.00541523 -0.0226066 0.00889601 -0.00354137 -0.00630534 -0.0055706 0.00261687 0.00417491 -0.0281859 -0.000972194 0.0122828 0.00228293 0.0215994 0.0289168 -0.00261961 0.000493986 -0.00913482 -0.0528011 0.0456099 0.0361402 -0.03843 -0.00458618
internal_weight=144.037 143.581 66.3203 77.2602 6.86599 2.00083 18.9978 3.94094 15.0568 1.66366 13.3932 70.3943 48.5872 47.8313 21.8071 21.0096 1.60031 47.3226 5.23137 4.02396 4.86516 3.80255 42.0912 28.4805 13.6107 0.75585 1.2074 3.09778 0.797472 1.06261
internal_count=5769 5693 3735 1958 244 89 512 78 434 34 400 1714 1131 1097 583 556 70 3223 369 330 155 111 2854 1930 924 34 39 59 27 44
is_linear=0
shrinkage=0.05


Tree=146
num_leaves=31
num_cat=0
split_feature=2 5 5 2 2 3 2 5 1 2 2 5 2 5 5 6 5 2 6 6 6 6 1 2 6 5 2 1 5 5
split_gain=0.212517 0.632262 1.04118 0.443992 0.433313 0.362257 0.683689 0.285602 0.617831 0.281971 0.226556 0.519311 0.225905 0.472493 0.377083 0.380585 0.615556 0.373532 0.566958 0.337581 0.249944 0.216234 0.196707 0.462865 0.81209 0.455999 0.628399 0.416244 0.374594 0.180749
threshold=2.6609929469832676 0.34983896940418685 0.36491677336747769 2.6064219431943121 2.591775185283987 3.5000000000000004 2.6455007957016399 0.31293706293706297 7.5500000000000007 2.5116186471417885 2.6153478486952397 0.39209164818920922 2.6899880530998783 0.26696832579185525 0.2902777777777778 33.500000000000007 0.40877080665813065 2.7050789234063806 58.500000000000007 35.500000000000007 39.500000000000007 23.500000000000004 6.5500000000000007 3.6598862654191655 52.500000000000007 0.37590579710144933 2.7626959825806785 8.5500000000000025 0.56594202898550738 0.57021857923497277
decision_type=2 2 2 2 2 2 2 2 2 2 2 2 2 2 2 2 2 2 2 2 2 2 2 2 2 2 2 2 2 2
left_child=1 3 4 7 -3 -5 -7 8 -1 29 21 -12 13 -2 -15 16 -16 18 19 -14 -17 -11 23 28 -25 26 -24 -27 -19 -4
right_child=12 2 9 5 -6 6 -8 -9 -10 10 11 -13 17 14 15 20 -18 22 -20 -21 -22 -23 25 24 -26 27 -28 -29 -30 -31
leaf_value=0.010555036931360536 -0.064300645618877425 -0.016429310203197725 -0.039339748793038101 0.058569450863121819 -0.09880888099632773 0.037961046149571742 -0.064535380779060389 0.041759995118539048 -0.061960906638712038 -0.02971473973590448 0.064374859432602627 -0.015953382002127679 0.0039739319255722707 0.045251764139799366 0.065410095789082731 -0.061207013712712179 -0.03059578505000031 0.0092606425409372493 -0.055461655768596775 0.05998636894642051 -0.015651793720400924 0.013217443558179021 -0.036290919237058433 -0.030080640074865418 0.011498802165900882 0.00045172543211934567 -0.0053091667619545434 -0.052299818138660442 -0.029257734103449451 0.027384693665689987
leaf_weight=2.0567289976170287 0.4119000222999597 0.2801893106661727 0.58838121860753556 1.0330852522747589 0.37096855463460088 0.75831449148245145 0.20713959122076631 0.49939055647701014 0.34266283601755265 0.31142201833426941 0.22299952310277182 2.0583202579873614 0.43316140142269322 0.30813587899319861 0.34164426149800453 0.38940919470041979 0.32653646124526858 14.859763001208194 0.18558954528998572 0.70977701182710007 1.3276786296919452 5.0375285503687337 1.7351686743932102 2.4652290191152124 2.2425829908315791 74.058312641980592 28.834706434980035 0.37585135718108986 0.65919717265933364 0.12265309813665226
leaf_count=45 21 15 60 29 11 31 13 16 19 11 21 163 15 11 10 14 11 563 21 31 92 164 103 108 112 2801 1170 30 51 7
internal_value=-0.000473985 0.00540391 -0.00246856 0.0198593 -0.0633614 0.0379907 0.0159703 0.00735885 0.000198863 0.002285 0.00509128 -0.00810128 -0.00110363 -0.0144271 -0.00679998 -0.0135242 0.0184925 -0.00077672 0.0255961 0.0387583 -0.025983 0.0107179 -0.0010565 0.00345857 -0.0102741 -0.00192623 -0.00706771 0.000185359 0.0076245 -0.0278298
internal_weight=143.554 13.8898 8.99246 4.89732 0.651158 1.99854 0.965454 2.89878 2.39939 8.3413 7.63027 2.28132 129.665 3.1053 2.6934 2.38527 0.668181 126.559 1.32853 1.14294 1.71709 5.34895 125.231 20.2268 4.70781 105.004 30.5699 74.4342 15.519 0.711034
internal_count=5769 605 452 153 26 73 44 80 64 426 359 184 5164 159 138 127 21 5005 67 46 106 175 4938 834 220 4104 1273 2831 614 67
is_linear=0
shrinkage=0.05


Tree=147
num_leaves=31
num_cat=0
split_feature=0 0 0 1 3 0 6 2 2 3 1 2 6 2 2 2 6 0 2 1 2 6 6 1 6 1 2 6 1 3
split_gain=0.297385 0.313127 0.596862 0.965485 0.603044 0.45084 0.403116 0.398954 0.548949 0.49613 0.614449 0.39592 0.353219 0.343258 0.296667 0.681314 0.76273 0.428741 0.616699 0.532925 0.321331 0.368598 0.762538 0.677871 0.356633 0.637301 0.566705 0.233091 0.229998 0.0357938
threshold=0.18500000000000003 0.66832500000000017 0.61832500000000012 7.9500000000000011 3.5000000000000004 0.56832500000000008 29.500000000000004 2.9920734793724502 3.0063754226394113 3.5000000000000004 7.1500000000000012 2.8374396928438563 37.000000000000007 3.2294790785070626 3.6461801274364229 3.5775695247251433 57.500000000000007 0.9125000000000002 3.2356345651664475 6.9500000000000011 4.1875676371385344 49.500000000000007 48.500000000000007 6.1500000000000012 56.000000000000007 6.3500000000000005 4.5412782988227152 67.000000000000014 5.9500000000000011 3.5000000000000004
decision_type=2 2 2 2 2 2 2 2 2 2 2 2 2 2 2 2 2 2 2 2 2 2 2 2 2 2 2 2 2 2
left_child=29 2 3 4 5 -2 -6 9 -9 10 -4 -11 13 -5 15 17 -17 18 -3 -19 21 22 -16 -23 26 -26 -22 -14 -10 -1
right_child=1 14 7 12 6 -7 -8 8 28 11 -12 -13 27 -15 20 16 -18 19 -20 -21 24 23 -24 -25 25 -27 -28 -29 -30 -31
leaf_value=-0.056411596641179021 0.017660012410503755 -0.001286533686153099 -0.028434712689375186 -0.013804867379296202 0.010261452706629259 -0.0078922213094571713 -0.0044764765711267241 0.063958031886431899 -0.015844114865226584 -0.00072456693307910449 0.032063232012646006 -0.033944586321404166 -0.029216746464222756 0.023044361102421636 -0.018865694993387479 0.064411261053490376 -0.0014359303695016961 -0.0085707445974589538 -0.015233735921083675 0.011867044424692073 0.046093313035692585 -0.066186033412179129 -0.087267918456500115 0.002354157371676633 0.029389922356740823 -0.028999769205673355 -0.0011343787237832847 -0.0016643528631791493 0.014594041468194605 -0.027903277086647367
leaf_weight=0.21033839051960868 8.5545270907168725 36.094992863188963 0.53953049634583594 2.1178776762681069 5.8511640412034494 2.1626688372634808 22.410878190283256 0.55043396330438454 0.6587455477565517 3.5270793224335648 1.8897837102413175 1.2027581823058424 4.2930345638596918 0.90077427541837085 3.1863239658996449 0.83014965802430996 0.93522898806259036 4.6554449920076868 10.155719359754583 10.130161953857167 0.79315082170069251 0.40538790426217053 0.46717562247067679 3.2755261268466711 0.60828809556551311 2.0164759270846844 3.1894089803099632 0.93476348795229558 10.723845617496407 0.23105059156659991
leaf_count=32 562 1115 17 89 254 105 1685 9 24 115 42 64 373 48 66 15 16 97 224 182 16 19 10 69 11 38 80 107 241 44
internal_value=-0.000510627 -0.000384198 0.00213217 -0.000883821 0.00240447 0.0125037 -0.00142524 0.00959242 0.0151908 0.000260987 0.0186271 -0.00917214 -0.0164269 -0.00280895 -0.00255872 -0.00109399 0.029528 -0.00197968 -0.00434906 0.00543193 -0.00915671 -0.0163614 -0.0276123 -0.00519434 -0.00115914 -0.015468 0.0082713 -0.0242902 0.0128325 -0.0414886
internal_weight=143.503 143.061 66.3179 47.2257 38.9792 10.7172 28.262 19.0922 11.933 7.15915 2.42931 4.72984 8.24645 3.01865 76.7434 62.8017 1.76538 61.0363 46.2507 14.7856 13.9417 7.33441 3.6535 3.68091 6.60732 2.62476 3.98256 5.2278 11.3826 0.441389
internal_count=5769 5693 3735 3223 2606 667 1939 512 274 238 59 179 617 137 1958 1649 31 1618 1339 279 309 164 76 88 145 49 96 480 265 76
is_linear=0
shrinkage=0.05


Tree=148
num_leaves=31
num_cat=0
split_feature=2 5 5 2 2 3 2 6 5 2 2 5 5 2 5 5 6 5 2 1 2 2 2 5 1 6 5 5 5 6
split_gain=0.238227 0.569882 1.07633 0.521208 0.436706 0.357355 0.363789 0.306152 0.395833 0.239154 0.238537 0.404808 0.357679 0.335099 0.254608 0.265327 0.221139 0.202194 0.369686 0.201328 0.37752 0.198236 0.378884 0.562929 0.209576 0.320445 0.239018 0.171089 0.158926 0.155523
threshold=2.6609929469832676 0.34983896940418685 0.36491677336747769 2.6064219431943121 2.591775185283987 3.5000000000000004 2.6437602321021623 52.500000000000007 0.27864874953340807 2.5116186471417885 2.6899880530998783 0.26696832579185525 0.2902777777777778 2.7050789234063806 0.34698996655518399 0.49305555555555564 58.500000000000007 0.38348416289592763 2.5501084575884092 7.1500000000000012 2.5296351104100774 5.4024352020554556 5.4359270417206025 0.38006535947712422 6.6500000000000012 44.500000000000007 0.40761518262115071 0.57021857923497277 0.48499103942652338 44.500000000000007
decision_type=2 2 2 2 2 2 2 2 2 2 2 2 2 2 2 2 2 2 2 2 2 2 2 2 2 2 2 2 2 2
left_child=1 3 4 7 -3 29 16 19 -9 27 11 -2 -13 28 -14 -16 -7 -11 -19 20 -1 24 -23 -24 25 -15 -26 -4 -12 -5
right_child=10 2 9 5 -6 6 -8 8 -10 17 13 12 14 21 15 -17 -18 18 -20 -21 -22 22 23 -25 26 -27 -28 -29 -30 -31
leaf_value=0.037323370267832258 -0.062876490592256015 -0.0150181030710566 -0.036971692062510511 0.075512352491280757 -0.096632358246645358 0.011095273286405097 -0.040317914567394808 -0.041539286789974608 0.015545429262306419 0.029767026901091904 0.03265865738925193 0.042976126641720694 -0.058609437610660987 0.010629934552466056 0.00016673442181062533 -0.047385485291204156 0.068186521343395756 0.033346323221943863 -0.0015627469856687619 0.037388711632539366 -0.025438871834974199 0.048533528422898445 -0.030798736746991087 0.012864389124842847 -0.0050815213853978554 -0.0021276999829753394 -0.00015910767201381601 0.027274806795436025 -0.011902205943487967 0.03764862464920276
leaf_weight=0.44655120430979811 0.38729775068350081 0.28104508458636601 0.56231724238022973 0.59213536744937323 0.3932549967430532 0.43530709529295553 0.21912944270297885 0.61659830622374989 0.59838325419696048 0.77843968145316456 1.0648913293844078 0.30303571652621064 0.29003600287251208 8.3223525674839056 1.6197302126092834 0.35822279800777312 0.27789774420671165 0.8687898734351619 5.9685055812879 0.81699502654373646 0.51699087652377784 0.53099269606172939 0.92928343173116434 3.58964182989439 46.745773354006815 12.047399224888066 52.199571652294253 0.12703506095567718 0.24638585449429218 0.50036749127320945
leaf_count=11 21 15 60 9 11 19 18 14 18 32 47 11 14 291 82 31 7 33 294 23 14 10 39 79 1880 595 2044 7 20 20
internal_value=-0.000514289 0.00567973 -0.00186331 0.0191712 -0.0626159 0.0387664 0.0160285 0.00592572 -0.0134248 0.00306927 -0.00118841 -0.0152221 -0.0080435 -0.000858062 -0.0148605 -0.00844535 0.0333407 0.00562198 0.00287302 0.0191299 0.00364813 -0.00112317 0.00858009 0.00388539 -0.00153386 0.00308461 -0.00248465 -0.0251322 0.0242858 0.0581707
internal_weight=142.634 13.9997 8.97939 5.02036 0.6743 2.02484 0.932334 2.99552 1.21498 8.30509 128.635 2.95832 2.57102 125.676 2.26799 1.97795 0.713205 7.61574 6.8373 1.78054 0.963542 124.365 5.04992 4.51893 119.315 20.3698 98.9453 0.689352 1.31128 1.0925
internal_count=5769 605 452 153 26 73 44 80 32 426 5164 159 138 5005 127 113 26 359 327 48 25 4938 128 118 4810 886 3924 67 67 29
is_linear=0
shrinkage=0.05


Tree=149
num_leaves=28
num_cat=0
split_feature=0 2 2 5 0 6 5 0 2 0 1 1 5 0 6 1 5 6 0 0 5 5 3 5 6 5 2
split_gain=0.28789 0.251025 0.519531 0.485558 0.439389 0.547094 0.278217 0.220972 0.555598 0.498817 0.687352 0.614776 0.43518 0.628597 0.567517 0.499387 0.637933 0.397393 0.380414 0.173172 0.0809499 0.0700642 0.0300973 0.0509541 0.0487297 0.0310441 0.00132875
threshold=0.18500000000000003 5.4024352020554556 5.4755168397381269 0.56155303030303039 0.51457500000000012 67.000000000000014 0.40462577962577967 0.6775000000000001 4.5697052401238327 0.61832500000000012 7.9500000000000011 6.3500000000000005 0.53589743589743599 0.78167500000000012 71.500000000000014 6.6500000000000012 0.48212005108556838 39.500000000000007 0.9125000000000002 0.6316750000000001 0.5272058823529413 0.42052631578947369 3.5000000000000004 0.48499103942652338 48.500000000000007 0.40192307692307699 2.9845437387886795
decision_type=2 2 2 2 2 2 2 2 2 2 2 2 2 2 2 2 2 2 2 2 2 2 2 2 2 2 2
left_child=22 7 6 4 21 -6 -3 8 9 10 -2 -11 15 17 -15 16 -9 -14 -17 20 -10 -4 26 24 -24 -26 -1
right_child=1 2 3 -5 5 -7 -8 12 19 11 -12 -13 13 14 -16 18 -18 -19 -20 -21 -22 -23 23 -25 25 -27 -28
leaf_value=-0.049978583353660413 0.0015936998661216174 0.015953655256915993 0.025745073209176173 -0.050112013902901612 -0.013835601489862202 0.044127172524584007 0.0619518869696149 0.0074390409871633858 -0.01060528062520746 -0.018131630324392602 -0.014837774694461937 0.010712505866895365 0.014744165257420928 0.013753521001663186 0.065023001306042716 -0.0086886390058996798 -0.036907714441229394 -0.026965580926063618 0.001345745034192285 -0.07943599751918623 -0.054168086069556247 0.056676444336462607 -0.048913284357343358 -0.061779603470844657 -0.014616188764415533 0.043949371642426127 -0.05877484410543117
leaf_weight=0.063316858810138821 36.728167627683433 0.69950636755674966 0.35759735386818725 0.41236412175931025 2.0512870618840684 0.507901414297521 0.62018690584227443 12.681742025772106 0.3026033680071113 2.0391745399392702 7.698593959095887 19.63463515060721 0.95128072460647617 3.206721592927352 0.64900136820506293 38.134183726971969 0.86634357203729528 1.4287757216952739 12.554989501135422 0.22391264140605927 0.16467429359909147 0.37513748928904533 0.055744766024872661 0.078555874992161989 0.053283213172107935 0.03932893299497664 0.13335466361604631
leaf_count=17 2473 12 14 14 56 10 11 337 56 81 609 509 37 94 25 998 35 72 218 6 18 8 10 8 15 11 15
internal_value=-0.000467635 -0.000345106 0.0106323 0.00103526 0.00744224 -0.0023322 0.0375704 -0.000746885 0.00131379 0.00178011 -0.00125367 0.00799871 -0.00269992 0.00991084 0.0223833 -0.00392409 0.00460325 -0.0102947 -0.00620326 -0.0432819 -0.0259573 0.041581 -0.0416269 -0.0292188 -0.0119777 0.0102544 -0.055943
internal_weight=142.712 142.289 5.02398 3.70429 3.29192 2.55919 1.31969 137.265 66.7918 66.1006 44.4268 21.6738 70.473 6.23578 3.85572 64.2373 13.5481 2.38006 50.6892 0.69119 0.467278 0.732735 0.423584 0.226913 0.148357 0.0926121 0.196672
internal_count=5769 5693 125 102 88 66 23 5568 3752 3672 3082 590 1816 228 119 1588 372 109 1216 80 74 22 76 44 36 26 32
is_linear=0
shrinkage=0.05


Tree=150
num_leaves=31
num_cat=0
split_feature=1 6 6 5 6 2 5 5 6 0 6 4 1 1 2 2 4 5 2 6 6 1 6 5 5 0 6 5 6 2
split_gain=0.374785 0.4991 0.843606 0.454189 0.483649 0.285138 0.678204 0.616734 0.537519 0.395233 0.27269 0.69098 0.391958 0.347592 0.298563 0.415539 0.390651 0.268421 0.247816 0.246454 0.43849 0.232945 0.223639 0.41095 0.214717 0.640969 0.208558 0.189688 0.119336 0.101575
threshold=8.4500000000000011 58.500000000000007 54.500000000000007 0.38348416289592763 37.000000000000007 5.3746676043712638 0.38006535947712422 0.29337431693989074 40.500000000000007 0.74500000000000011 21.500000000000004 1.0000000180025095e-35 6.4500000000000011 7.9500000000000011 2.5116186471417885 2.6064219431943121 1.0000000180025095e-35 0.44365079365079368 3.1371858849812857 43.500000000000007 47.500000000000007 4.5500000000000007 60.500000000000007 0.45521390374331555 0.34384236453201977 0.74500000000000011 49.500000000000007 0.44201680672268912 50.500000000000007 3.7359650897473711
decision_type=2 2 2 2 2 2 2 2 2 2 2 2 2 2 2 2 2 2 2 2 2 2 2 2 2 2 2 2 2 2
left_child=5 2 3 24 17 10 7 26 9 -8 11 12 -1 -14 19 16 -16 -5 -13 -12 -21 -17 28 -24 25 -2 -7 -3 -10 -6
right_child=1 27 -4 4 29 6 8 -9 22 -11 14 18 13 -15 15 21 -18 -19 -20 20 -22 -23 23 -25 -26 -27 -28 -29 -30 -31
leaf_value=0.057594705221534419 -0.046175207161823717 0.049062090620230814 -0.061397884684246132 -0.024484491336380049 -0.033690469495288228 -0.021667913260075482 0.017717439760628541 -0.073202136746946561 0.032559849573281306 -0.044465448983341399 -0.057903584266385304 0.060169934822997262 -0.017112626091219576 0.02606005711367931 0.0049718701758537306 0.018487335400548293 0.033574417602002936 0.046748066528608058 0.013089699728441631 0.051160270621443786 -0.026788456616339135 -0.001396776308298593 0.04862680703873818 -0.017159300306236639 0.054151480712217717 0.047160242898503693 0.042091943787173541 0.013599864885956353 0.06110774118109176 -0.084117530271919275
leaf_weight=0.25845126225613002 0.2806395173538474 1.0709239725256336 0.44255316304042924 0.21365212835371472 0.32460536400321871 0.25738636730238695 0.64405569457449041 0.39188464567996562 0.68389877304434799 0.42360601015388966 0.37675416865385969 0.79972026892937698 1.985234529245645 0.60931592388078559 5.0802337897912357 1.4912591951433558 1.5604462148621676 0.34711740759667009 0.42968319868668914 0.22554668143857248 0.90172101010102779 119.80409608943592 0.48952817451208819 0.46089122584089637 0.61437387857586145 0.53385349176824093 0.25563694932498038 0.58204092294909049 0.78769478388130665 0.14423374319449067
leaf_count=7 20 33 16 8 23 15 16 19 14 13 24 20 50 13 160 33 41 14 21 11 49 4969 15 15 18 9 7 21 10 8
internal_value=0.000533804 0.0146465 0.0021519 0.0135916 -0.0117256 6.78049e-05 0.0125994 -0.0259734 0.0226017 -0.00695428 -0.000344644 0.0123788 -0.00112455 -0.00697376 -0.000745927 -0.000485561 0.011693 0.0196086 0.0437151 -0.0228934 -0.0111923 -0.00115231 0.0356305 0.0167248 0.0318345 0.0150008 0.0101033 0.0365752 0.0478406 -0.0492039
internal_weight=142.471 4.55399 2.90103 2.45848 1.02961 137.917 4.39458 0.904908 3.48967 1.06766 133.522 4.08241 2.853 2.59455 129.44 127.936 6.64068 0.56077 1.2294 1.50402 1.12727 121.295 2.42201 0.950419 1.42887 0.814493 0.513023 1.65296 1.47159 0.468839
internal_count=5692 170 116 100 53 5522 124 41 83 29 5398 111 70 63 5287 5203 201 22 41 84 60 5002 54 30 47 29 22 54 24 31
is_linear=0
shrinkage=0.05


Tree=151
num_leaves=31
num_cat=0
split_feature=2 2 2 3 6 6 0 1 5 5 5 1 3 5 5 2 2 2 0 6 2 1 6 1 0 2 2 5 5 0
split_gain=0.216118 0.282662 0.674216 0.33898 0.475756 0.302092 0.285819 0.274166 0.495931 0.323191 0.380989 0.248505 0.242823 0.965627 0.839466 0.240082 0.224347 0.221376 0.613759 0.787462 0.44334 0.454425 0.353851 0.260472 0.13514 0.127322 0.121036 0.106357 0.105412 0.258547
threshold=2.5116186471417885 2.6609929469832676 2.6723193428129473 1.5000000000000002 57.500000000000007 53.500000000000007 0.44582500000000008 7.0500000000000007 0.34698996655518399 0.26696832579185525 0.34580419580419586 8.0500000000000025 4.5000000000000009 0.38348416289592763 0.34580419580419586 2.436968623597993 2.6690321316788999 3.5635952952329242 0.88750000000000007 61.500000000000007 3.5042216710073544 7.5500000000000007 57.500000000000007 7.8500000000000005 0.96250000000000013 2.6336138048967253 2.6546845354323731 0.35504201680672276 0.18898809523809526 0.84500000000000008
decision_type=2 2 2 2 2 2 2 2 2 2 2 2 2 2 2 2 2 2 2 2 2 2 2 2 2 2 2 2 2 2
left_child=15 3 7 4 5 11 25 9 -9 -3 -11 -2 14 -14 -8 28 -10 20 22 -20 23 -22 -19 -4 -6 -5 -27 -17 -1 -30
right_child=1 2 17 6 24 -7 12 8 16 10 -12 -13 13 -15 -16 27 -18 18 19 -21 21 -23 -24 -25 -26 26 -28 -29 29 -31
leaf_value=0.029161355314805171 -0.035641339049972125 -0.052875720390615714 -0.0016864253863270056 -0.045616634929532052 -0.032133075790985101 0.049356293883658676 0.032860929887406957 -0.076573756550773225 0.0024132839197059867 0.073012089626448451 -0.023175059425534533 0.014690752799521353 -0.020316720902990637 0.041084242378462796 -0.0035048813366019395 -0.082198906458248858 -0.04271070216769942 0.012614887855729257 -0.021378373021247149 0.020847778412260334 0.00025707611269900124 -0.038213948012802923 -0.00052975558345997188 0.0040372512256843769 -0.096021291641937512 0.042411776727888373 -0.046140645284631465 -0.026739919025233302 -0.033998581558119793 0.019324296309232117
leaf_weight=0.16889879852533229 0.52263221377506741 0.18510244973003787 65.148946204833919 0.31247687118593503 0.15246154041960824 0.25169863406335935 2.2962114908732456 0.54477169108577084 0.59955032391007967 0.21359245199710131 0.19873508345335722 0.46204100269824266 0.88350393250584636 2.3263640356017277 5.1374381410860224 0.17543556727468956 0.50955759367207065 15.009101914009085 4.1838926821947089 1.4999100752174852 1.5141081265173846 1.5568852085270917 7.7706361518285112 28.604124123725342 0.18108063749969006 0.10166384314652532 0.062194962403737009 0.17043496656697243 0.59604074974777177 0.36748555861413479
leaf_count=2 31 10 2967 45 30 6 50 15 22 6 21 18 32 71 172 4 18 570 75 27 47 65 325 949 3 21 11 21 50 8
internal_value=0.000607375 0.00080786 9.97664e-05 0.00792458 -0.0138245 0.000471808 0.0109951 -0.0270199 -0.0375069 0.00201146 0.0266515 -0.0120239 0.012691 0.0241839 0.00772831 -0.0184103 -0.018318 0.000587083 0.00446348 -0.0102352 -0.000552469 -0.0192464 0.00813098 5.98722e-05 -0.0668181 -0.0268972 0.00880043 -0.0548703 -0.0072745 -0.0136614
internal_weight=141.707 140.229 127.539 12.6898 1.56991 1.23637 11.1199 2.25131 1.65388 0.59743 0.412328 0.984673 10.6435 3.20987 7.43365 1.4783 1.10911 125.288 28.4635 5.6838 96.8241 3.07099 22.7797 93.7531 0.333542 0.476336 0.163859 0.345871 1.13243 0.963526
internal_count=5692 5607 5117 490 88 55 402 92 55 37 27 49 325 103 222 85 40 5025 997 102 4028 112 895 3916 33 77 32 25 60 58
is_linear=0
shrinkage=0.05


Tree=152
num_leaves=31
num_cat=0
split_feature=2 2 2 6 6 6 2 6 6 3 6 6 2 0 2 6 2 2 2 0 6 0 6 0 6 6 0 6 2 6
split_gain=0.206584 0.294545 0.343948 0.480469 0.343078 0.426348 0.327633 0.583943 0.335539 0.272092 0.310036 0.364128 0.24194 0.781965 0.237962 0.218927 0.855307 0.309362 0.213937 0.252487 0.169066 0.14261 0.140285 0.0755455 0.0750335 0.113633 0.21515 0.0570646 0.0452991 0.0262514
threshold=2.5116186471417885 2.6609929469832676 2.6899880530998783 24.500000000000004 28.500000000000004 39.500000000000007 2.6455007957016399 44.500000000000007 33.500000000000007 1.5000000000000002 57.500000000000007 53.500000000000007 2.7050789234063806 0.69000000000000006 2.436968623597993 22.500000000000004 2.7402904316616046 5.3746676043712638 2.6392708554440598 0.47250000000000003 37.000000000000007 0.81667500000000015 27.500000000000004 0.84500000000000008 43.500000000000007 57.500000000000007 0.96250000000000013 49.500000000000007 2.6949564733353122 67.000000000000014
decision_type=2 2 2 2 2 2 2 2 2 2 2 2 2 2 2 2 2 2 2 2 2 2 2 2 2 2 2 2 2 2
left_child=14 6 3 -3 -5 -6 9 8 -8 10 11 -2 13 20 24 16 -14 -17 19 -11 -4 29 -20 -12 -1 -26 -27 -16 -15 -9
right_child=1 2 12 4 5 -7 7 21 -10 18 23 -13 15 28 27 17 -18 -19 22 -21 -22 -23 -24 -25 25 26 -28 -29 -30 -31
leaf_value=-0.028696620203738567 -0.021235651404833453 -0.05694798858453113 -0.061884199082037489 0.047347402339350718 -0.053716033838815361 -0.0023061279839393769 0.023680021077815198 -0.0056291609929782181 0.084183643540205175 -0.029361065009547355 -0.030514212946440578 0.051574839007287238 0.079467835814594906 0.056878483663816738 -0.032229447694991233 -0.000490884806533874 0.0046118843696829831 0.013394455189317046 0.016110611579363804 0.012017497985912883 0.0015383348891593526 -0.056801016038093323 -0.028312670158083399 -0.087621455366510836 0.028521292578799769 -0.052082824651412618 0.012199745694372356 -0.073157120376728446 0.035660233099132958 0.030053543962671986
leaf_weight=0.28635069844312855 0.72525814175605663 0.57865153718739692 0.25355775095522304 0.26402053632773492 0.50366760347969863 2.0234301437594695 0.45927224727347382 0.17802350374404341 0.45733260177075863 0.38431044435128292 0.091516548302024603 0.22498127445578575 0.4120654514990737 0.42673507519066312 0.1574470552150159 112.74733469921921 5.1615452219266444 4.1593696532072491 0.24906660476699549 9.0534839926112891 0.17943875555647537 0.15108198998495936 0.62038275209488347 0.15771187655627728 0.25760625512339175 0.20682767365360633 0.35117445141077042 0.18551989004481584 0.61270417831838131 0.072549392527434975
leaf_count=17 40 14 11 8 26 126 13 31 9 64 21 3 10 12 13 4593 150 120 7 224 31 9 48 5 17 21 5 12 16 16
internal_value=0.000811992 0.00100591 0.000278421 -0.0154829 -0.00688635 -0.0125525 0.00822825 0.031839 0.0538678 0.00552329 -0.0170154 -0.00399684 0.000706906 0.0208539 -0.0179971 0.000464703 0.0101461 3.13529e-06 0.00814615 0.0103325 -0.0356012 -0.0184322 -0.015587 -0.0666517 -0.00667717 0.00105361 -0.0116271 -0.0543683 0.0443712 0.0047022
internal_weight=141.592 140.147 127.323 3.36977 2.79112 2.5271 12.825 1.31826 0.916605 11.5067 1.19947 0.950239 123.953 1.47244 1.44493 122.48 5.57361 116.907 10.3072 9.43779 0.432997 0.401655 0.869449 0.249228 1.10196 0.815608 0.558002 0.342967 1.03944 0.250573
internal_count=5692 5607 5117 174 160 152 490 78 22 412 69 43 4943 70 85 4873 160 4713 343 288 42 56 55 26 60 43 26 25 28 47
is_linear=0
shrinkage=0.05


Tree=153
num_leaves=31
num_cat=0
split_feature=2 2 2 2 6 6 6 0 3 5 5 0 5 6 0 6 2 2 2 5 2 5 2 2 5 5 6 6 5 6
split_gain=0.159705 0.205353 0.197859 0.329378 0.421222 0.304472 0.428525 0.218196 0.267844 0.769666 0.488519 0.544188 0.440666 0.259425 0.229837 0.173709 0.467504 0.28183 0.227983 0.401469 0.368939 0.122078 0.106672 0.0926951 0.0921622 0.0487139 0.0461605 0.0359398 0.0336088 0.0286094
threshold=2.5116186471417885 2.436968623597993 2.6609929469832676 2.6899880530998783 24.500000000000004 28.500000000000004 39.500000000000007 0.41875000000000001 4.5000000000000009 0.40761518262115071 0.34580419580419586 0.74500000000000011 0.36491677336747769 47.500000000000007 0.6316750000000001 22.500000000000004 2.7402904316616046 3.8508873188580268 3.5635952952329242 0.34698996655518399 3.5042216710073544 0.35504201680672276 2.6336138048967253 2.6546845354323731 0.3053613053613054 0.38548951048951058 43.500000000000007 47.500000000000007 0.48212005108556838 29.500000000000004
decision_type=2 2 2 2 2 2 2 2 2 2 2 2 2 2 2 2 2 2 2 2 2 2 2 2 2 2 2 2 2 2
left_child=1 24 7 4 -4 -6 -7 22 10 14 11 -9 -12 -11 -10 16 -5 -18 20 -20 -17 -3 -2 29 -1 -26 -23 -27 -29 -24
right_child=2 21 3 15 5 6 -8 8 9 13 12 -13 -14 -15 -16 18 17 -19 19 -21 -22 26 23 -25 25 27 -28 28 -30 -31
leaf_value=0.0048721970175946948 -0.045147725666799164 -0.091152346627854597 -0.054054713787742396 0.060514051476444057 0.044283202539518118 -0.054476876848551938 -0.0022569735651746387 0.040822852808056198 0.023970453944426255 0.064861465016871539 -0.033532610029711467 -0.0047945120367388992 0.0020494857852268512 0.02654318935608407 -0.020856965192033162 -0.00027887221637648091 0.0088892380627781618 -0.033166291984521944 -0.0063347907923068511 0.0077125908435902966 -0.019257566681596616 -0.055574498831270171 0.061404276185081409 -0.045905736294808902 -0.048546507171167548 0.0070306842251644519 -0.0011425061227757917 -0.0036241988914730663 -0.053002541386518831 0.010427843276195429
leaf_weight=0.6853545868070785 0.29152664227876712 0.12456722185015667 0.57469764677807633 0.41463576699606974 0.26185102993622456 0.48720840341411564 2.0288475155393826 1.5535308886319383 0.40462920471327313 0.7287902763346209 1.0436913917073978 1.1288191876374183 5.2326045910449466 1.1213545401114968 0.97479681053664535 87.567080358465319 4.6876444573281333 0.43536195741035033 6.6935224688495536 21.182584646630858 2.6378578189760438 0.069296722998842597 0.045308842323720455 0.060653950000414625 0.14393989788368344 0.12521299440413713 0.088939723675139248 0.064668860344681889 0.07377130666282028 0.070119866519235075
leaf_count=14 51 4 14 12 8 26 126 44 21 19 21 23 214 35 28 3703 132 18 270 701 107 7 5 11 15 11 14 10 10 18
internal_value=0.000801167 -0.0161512 0.000968199 0.000373968 -0.0150898 -0.00702869 -0.0123688 0.00692991 0.00821584 0.0205608 0.00376551 0.0216256 -0.0038675 0.0416371 -0.00770767 0.000793354 0.00944834 0.00531529 0.000387461 0.00433958 -0.000833865 -0.0541271 -0.026588 0.00414005 -0.00632483 -0.0251523 -0.02498 -0.0123803 -0.0299367 0.0304375
internal_weight=141.003 1.37575 139.627 126.971 3.3526 2.77791 2.51606 12.6558 12.1882 3.22957 8.95865 2.68235 6.2763 1.85014 1.37943 123.619 5.53764 5.12301 118.081 27.8761 90.2049 0.282804 0.467609 0.176083 1.09295 0.407593 0.158236 0.263653 0.13844 0.115429
internal_count=5692 85 5607 5117 174 160 152 490 405 103 302 67 235 54 49 4943 162 150 4781 971 3810 25 85 34 60 46 21 31 20 23
is_linear=0
shrinkage=0.05


Tree=154
num_leaves=30
num_cat=0
split_feature=1 2 5 2 5 1 6 5 1 1 0 2 5 2 6 1 1 5 0 1 6 6 6 5 0 5 6 6 5
split_gain=0.177209 0.289465 1.35466 0.38613 0.391184 0.430281 0.445469 0.175159 0.318035 0.192846 0.188472 0.35628 0.630586 0.483269 0.413265 0.325539 0.242606 0.6289 0.271861 0.612811 0.203186 0.194651 0.153704 0.149547 0.403059 0.248042 0.0735127 0.0674011 0.0124013
threshold=8.4500000000000011 3.9246396388285389 0.39680527383367142 3.4369016171537843 0.33809523809523817 8.5500000000000025 58.500000000000007 0.62101063829787251 7.5500000000000007 7.0500000000000007 0.55832500000000007 4.8513053071537007 0.38348416289592763 3.8301357469544932 48.500000000000007 6.5500000000000007 4.5500000000000007 0.20293040293040296 0.70500000000000007 7.1500000000000012 47.500000000000007 29.500000000000004 67.000000000000014 0.39545896066051484 0.66457500000000003 0.35239651416122014 58.500000000000007 48.500000000000007 0.32235621521335811
decision_type=2 2 2 2 2 2 2 2 2 2 2 2 2 2 2 2 2 2 2 2 2 2 2 2 2 2 2 2 2
left_child=7 3 -3 4 -2 6 -6 10 9 -9 11 13 28 15 -15 -1 17 -12 19 -18 -14 -20 -4 25 27 -5 -7 -25 -13
right_child=1 2 22 23 5 26 -8 8 -10 -11 16 12 20 14 -16 -17 18 -19 21 -21 -22 -23 -24 24 -26 -27 -28 -29 -30
leaf_value=0.011017052487665581 0.041098571464689065 -0.086208491079148269 0.0071211934184656133 0.019188497174039334 -0.014989066734205015 -0.0685597962235487 0.053480604279712456 0.0050101366089469086 -0.017574945284929904 0.059534295649319863 -0.012331798450900209 -0.03511905110622715 0.011393148897906796 -0.0029581502930813588 -0.056947635799362885 -0.0061333945194600101 -0.0037298091965761214 0.056524180241044469 -0.0079992992196635474 0.0082589844146302091 0.056917039076330028 -4.180828099947597e-05 0.059312541816106491 -0.0030081176078088235 0.049115817766325578 0.071579011088743164 -0.027917683995396476 -0.052245237862134322 -0.058622093037593727
leaf_weight=3.3148071307223388 0.49568516551516939 0.38650758448056866 0.26257174520287663 0.40398051240481414 0.73678997147362657 0.25629412557464082 0.3505888192448765 0.25161032524192595 0.35989682050421834 0.45621919981203973 0.6563177928328503 0.087235062150283649 0.40307089313864686 0.63093361310893559 0.80883189768064767 16.739213691209443 16.769465941732051 0.67030191794037819 8.9044043112080526 29.252246403484605 0.62543159979395568 56.119333661219571 0.30485168471932411 0.13286271598190069 0.41144845355302095 0.51257560448721051 0.19661957863718271 0.14575781067833304 0.15738016250543296
leaf_count=305 18 17 14 17 22 17 10 15 18 14 8 8 16 60 85 1610 746 13 186 928 25 1467 7 8 10 12 6 12 18
internal_value=0.000848491 0.0105043 -0.0140145 0.0169254 0.00246428 -0.00996871 0.00708668 0.000522637 0.0206946 0.0401527 0.000363259 -0.00378514 0.021915 -0.00530741 -0.0332884 -0.00329853 0.00120374 0.0224591 0.000949807 0.00389049 0.0390762 -0.00113151 0.0351613 0.0352511 0.0176704 0.0484874 -0.0509162 -0.0287661 -0.0502404
internal_weight=140.803 4.59653 0.953931 3.6426 2.03598 1.54029 1.08738 136.207 1.06773 0.70783 135.139 22.7669 1.27312 21.4938 1.43977 20.054 112.372 1.32662 111.045 46.0217 1.0285 65.0237 0.567423 1.60663 0.690069 0.916556 0.452914 0.278621 0.244615
internal_count=5692 170 38 132 73 55 32 5522 47 29 5475 2127 67 2060 145 1915 3348 21 3327 1674 41 1653 21 59 30 29 23 20 26
is_linear=0
shrinkage=0.05


Tree=155
num_leaves=31
num_cat=0
split_feature=2 2 2 5 5 5 6 1 6 5 3 3 5 2 5 5 5 1 5 3 2 2 6 5 3 5 6 1 6 1
split_gain=0.471477 0.776021 0.617389 0.482121 1.0763 0.874056 0.479895 0.427302 0.776695 0.768377 1.10089 1.04209 0.550148 0.968286 0.683905 0.606206 1.36272 0.705004 0.35605 0.33204 0.294791 0.269889 0.569646 0.385847 0.592535 0.365392 0.269125 0.348457 0.376358 0.331333
threshold=3.3643075840091208 3.2569227723197582 5.5440414091679253 0.44058823529411767 0.42640692640692646 0.56155303030303039 57.500000000000007 7.7500000000000009 23.500000000000004 0.37729468599033822 4.5000000000000009 4.5000000000000009 0.44201680672268912 3.2028262129974809 0.49305555555555564 0.40877080665813065 0.41144200626959254 7.8500000000000005 0.38348416289592763 2.5000000000000004 2.8979540263155372 3.3179759011960215 59.500000000000007 0.47722567287784684 4.5000000000000009 0.52440476190476204 22.500000000000004 7.9500000000000011 20.500000000000004 7.7500000000000009
decision_type=2 2 2 2 2 2 2 2 2 2 2 2 2 2 2 2 2 2 2 2 2 2 2 2 2 2 2 2 2 2
left_child=1 7 26 4 6 -5 18 8 19 11 -11 -10 15 14 -14 17 -17 -9 -4 -1 -21 -3 23 24 -23 -25 27 28 -2 -28
right_child=2 21 3 5 -6 -7 -8 12 9 10 -12 -13 13 -15 -16 16 -18 -19 -20 20 -22 22 -24 25 -26 -27 29 -29 -30 -31
leaf_value=0.061901598339085928 -0.02206884396425848 -0.031250033340875623 -0.028296414017460022 0.030047667448905593 -0.10999524556056955 -0.056117032223161722 -0.05513359302098985 -0.036644874182277874 0.010036009762672335 -0.019784348293601012 -0.00087693530518596582 -0.012414739273349247 0.02817576785073549 -0.063990194561439936 0.0020600424442756599 -0.068312502196563096 -0.0031347957294998816 0.0054989666595557825 0.034858653957085324 0.021820058015982864 -0.0037228124371697629 0.034713276371527317 -0.052573152146190849 0.067222825863558419 -0.027106666877626525 -0.0086744046332948143 0.0066523322544298717 0.074011797855342384 0.045588128188141119 -0.0034398112016627452
leaf_weight=0.34350108611397345 0.41173972119577118 2.9159423842502283 0.40550386835820906 0.96583573706448056 0.38109786063432682 0.42331878957338631 0.48699738830327988 1.0631278634537071 12.906695007259259 17.044367131631589 14.040842074362446 8.6212879088852787 5.0649367187870631 0.40093904139939773 4.9635576285945717 1.0384197528474022 3.5216560134431347 14.904792765300952 0.49631763808429241 2.6538985779043287 1.9666212524170985 0.5251728433649997 0.64299889496760432 0.35802652873098839 1.4798042667098343 0.28466558526270092 30.873820770189923 0.30865677911788225 0.41045987315010279 11.041225261215002
leaf_count=13 15 181 22 22 5 14 16 72 543 896 834 414 167 15 214 27 109 451 8 74 62 15 37 10 57 15 999 7 16 405
internal_value=-0.00106342 -0.00308294 0.00307751 -0.0182574 -0.0355622 0.00379059 -0.0151375 -0.0018848 -0.00443185 -0.00621563 -0.0112441 0.00104518 0.00285242 0.0122037 0.0152499 -0.00189858 -0.0179771 0.00269307 0.00646099 0.0144742 0.0109483 -0.0201739 -0.0103591 -0.000107204 -0.0109139 0.0336059 0.00464325 0.0287125 0.011707 0.00399387
internal_weight=140.946 94.7413 46.205 3.15907 1.76992 1.38915 1.38882 88.5346 57.5772 52.6132 31.0852 21.528 30.9574 10.4294 10.0285 20.528 4.56008 15.9679 0.901822 4.96402 4.62052 6.20661 3.29067 2.64767 2.00498 0.642692 43.0459 1.13086 0.8222 41.915
internal_count=5735 4206 1529 87 51 36 46 3891 2836 2687 1730 957 1055 396 381 659 136 523 30 149 136 315 134 97 72 25 1442 38 31 1404
is_linear=0
shrinkage=0.05


Tree=156
num_leaves=31
num_cat=0
split_feature=2 2 2 0 2 6 5 2 2 2 2 2 0 2 0 6 5 5 5 0 0 6 6 5 2 0 0 6 2 0
split_gain=0.321085 0.548224 0.370181 0.349622 0.577261 0.633576 0.447665 1.22941 0.677405 0.670416 0.617136 0.489661 0.35912 0.589705 0.427965 0.339466 0.315347 0.744104 0.842695 0.438382 0.3121 0.250293 0.46856 0.320832 0.247113 0.784062 0.596171 0.222483 0.67598 0.683414
threshold=3.3643075840091208 3.2569227723197582 5.5440414091679253 0.73667500000000008 3.1819828491719071 38.500000000000007 0.34698996655518399 3.2100353706170854 3.220832220387837 3.2100353706170854 2.6546845354323731 3.2356345651664475 0.76500000000000012 3.0592701083171034 0.83667500000000017 22.500000000000004 0.56155303030303039 0.44058823529411767 0.42640692640692646 0.88750000000000007 0.64500000000000013 59.500000000000007 57.500000000000007 0.45867486338797819 3.3179759011960215 0.96250000000000013 0.9125000000000002 64.000000000000014 3.4475878423115245 0.60832500000000012
decision_type=2 2 2 2 2 2 2 2 2 2 2 2 2 2 2 2 2 2 2 2 2 2 2 2 2 2 2 2 2 2
left_child=1 3 15 6 12 -6 7 10 9 -8 -1 -10 13 -5 -14 20 17 18 19 -4 -2 22 24 -23 26 -26 -3 -17 -29 -30
right_child=2 21 16 4 5 -7 8 -9 11 -11 -12 -13 14 -15 -16 27 -18 -19 -20 -21 -22 23 -24 -25 25 -27 -28 28 29 -31
leaf_value=0.024451887554828952 0.0067076661544659012 -0.014677795773073189 -0.025665330696844919 0.017335417107589877 -0.023993133922663099 0.033369974486965014 -0.0058623375751849817 0.063314687592528077 -0.069455257180814065 0.064531654597824686 -0.0052915186025466257 -0.014478435056401976 -0.017036554785413324 -0.028273635801668907 0.00060456222007368758 0.00081108923629298634 -0.055282111229254298 0.02769433815300093 -0.099086701535565952 0.042919974380107494 0.059478593650257275 -0.021057281387184802 0.058059502156400072 -0.076406119496016237 -0.023126105958048458 0.039646034662190147 -0.081712949606778204 0.03507551720449472 -0.025408583222145315 0.010115922517823077
leaf_weight=2.1267212312668535 0.6176965299528081 1.6326693156152026 1.0422695295419542 5.216761241201314 0.59148653224110548 2.5854795924387872 40.447653589857509 0.82160388678312379 0.70542972697876283 0.34108285894035262 9.690282609255517 0.95107660978101194 4.1812274914700565 0.8201356641948222 19.339067696360871 31.956616316107102 0.40972317371051747 0.9328895155340432 0.33400039002299298 0.30006161611527193 0.51277889311313629 0.9135869840683879 0.22725580632686604 0.36699214170221239 1.6892996043898167 0.70508969947695721 0.41622328246012319 2.0349333053454748 1.6951506265904734 6.7240115675376728
leaf_count=86 25 107 39 141 13 49 2207 28 33 21 632 35 147 20 479 1009 14 22 5 7 13 69 17 27 76 10 9 52 193 150
internal_value=-0.000964895 -0.00265022 0.00242924 -0.00165498 0.00243752 0.0226901 -0.004087 0.00417337 -0.00654662 -0.00527369 6.14401e-05 -0.0378905 0.000260663 0.0111393 -0.00253152 0.00360318 -0.0145021 -0.00809851 -0.0280175 -0.0103339 0.0306443 -0.0173365 -0.0119672 -0.0369193 -0.0155488 -0.00464123 -0.0282957 0.00288239 0.00921405 0.00296326
internal_weight=140.329 93.7691 46.5601 87.818 32.7342 3.17697 55.0839 12.6386 42.4452 40.7887 11.817 1.65651 29.5572 6.0369 23.5203 43.5412 3.01894 2.60922 1.67633 1.34233 1.13048 5.95112 4.67054 1.28058 4.44328 2.39439 2.04889 42.4107 10.4541 8.41916
internal_count=5735 4206 1529 3891 849 62 3042 746 2296 2228 718 68 787 161 626 1442 87 73 51 46 38 315 219 96 202 86 116 1404 395 343
is_linear=0
shrinkage=0.05


Tree=157
num_leaves=29
num_cat=0
split_feature=1 1 5 1 6 1 0 1 0 0 6 6 6 6 5 1 5 3 5 1 0 0 5 0 0 6 3 6
split_gain=0.317597 0.279413 0.381067 0.474947 0.273347 0.735637 0.91112 0.745108 0.714806 0.265029 0.263092 0.403283 0.736269 0.26179 0.315665 0.236467 0.226372 0.743644 0.716037 0.215614 0.718998 0.203447 0.128167 0.110692 0.0818611 0.0666659 0.0196075 0.00176372
threshold=4.5500000000000007 8.4500000000000011 0.40877080665813065 8.5500000000000025 22.500000000000004 7.6500000000000012 0.88750000000000007 7.9500000000000011 0.96250000000000013 0.55832500000000007 60.500000000000007 34.500000000000007 44.500000000000007 64.000000000000014 0.41444372153545878 7.0500000000000007 0.41833333333333339 4.5000000000000009 0.43167701863354041 7.8500000000000005 0.61832500000000012 0.56832500000000008 0.20293040293040296 0.84500000000000008 0.72917500000000002 70.500000000000014 3.5000000000000004 41.500000000000007
decision_type=2 2 2 2 2 2 2 2 2 2 2 2 2 2 2 2 2 2 2 2 2 2 2 2 2 2 2 2
left_child=22 4 10 13 5 8 7 -7 15 16 11 -3 -13 14 -4 -2 17 -6 -18 21 -21 -11 -1 -24 27 26 -12 -5
right_child=1 2 3 24 9 6 -8 -9 -10 19 25 12 -14 -15 -16 -17 18 -19 -20 20 -22 -23 23 -25 -26 -27 -28 -29
leaf_value=0.0044328058831752089 0.0011160517046128764 0.048653052685730579 -0.081032558456970216 -0.045254373320671462 -0.0032261556437304302 -0.037871264288701391 -0.075269124190270431 0.027613639861053446 0.088546434124074244 0.0036358782337604246 0.064753545365652226 -0.060636782675715463 0.02374493282470852 0.031142467084768491 0.00012006312830805584 0.02577012938917634 0.034907045389830749 -0.03087330123482146 -0.0067123026588888487 -0.019400085788761675 0.0053840107915568841 -0.0035975126966025315 0.018221603869402615 0.055577417486096563 -0.094996745638001576 0.025374634581587598 0.0460869982962821 -0.032835111564592519
leaf_weight=0.54044367652386316 1.8055116388713934 0.53335347631946151 0.14041747665032722 0.050913574290461727 7.457720556121787 0.71770168514922295 0.4865894354879855 1.1004039164399726 0.35445516183972348 11.381797755289879 0.31740173848811526 0.3835297576151786 0.79305903788190335 0.56476703064981848 0.81724543892778456 2.1082982819061726 1.1690326735842962 3.6093737439368851 8.9098992308281577 3.3075831034802858 25.386708134552464 66.61687335568422 0.4169183683115989 0.37820077314972878 0.14074742421507835 0.24684117012657225 0.25267123442608863 0.065192956302780658
leaf_count=8 66 15 3 8 729 25 5 32 3 474 16 16 28 18 45 56 80 484 748 185 489 2147 16 7 4 7 9 12
internal_value=-0.00104564 -0.00127927 0.011258 -0.00646735 -0.00168092 0.00826304 -0.0145005 0.00176331 0.0205545 -0.0021922 0.0237392 0.0125878 -0.00376077 0.00414336 -0.011779 0.0143968 -0.00730594 -0.0122429 -0.00188497 -0.00117868 0.00252715 -0.00254199 0.0232202 0.03599 -0.0693594 0.0470811 0.05648 -0.038281
internal_weight=140.054 138.718 4.30614 1.77928 134.412 6.57296 2.3047 1.81811 4.26827 127.839 2.52686 1.70994 1.17659 1.52243 0.957663 3.91381 21.146 11.0671 10.0789 106.693 28.6943 77.9987 1.33556 0.795119 0.256854 0.816914 0.570073 0.116107
internal_count=5735 5704 181 90 5523 187 62 57 125 5336 91 59 44 66 48 122 2041 1213 828 3295 674 2621 31 23 24 32 25 20
is_linear=0
shrinkage=0.05


Tree=158
num_leaves=31
num_cat=0
split_feature=2 2 0 2 2 6 6 6 0 2 2 2 0 3 5 6 5 5 2 2 2 5 2 5 5 5 0 0 0 3
split_gain=0.351601 0.821306 0.465997 0.457013 0.643911 0.843287 1.05575 0.445112 0.297079 0.331914 0.653015 1.05801 0.922159 0.328294 0.576445 0.324604 0.236541 0.749089 0.659952 0.502276 0.428667 0.807013 0.434143 0.21248 0.2667 0.294605 0.948534 0.246967 0.219444 0.217454
threshold=2.8005987924319804 2.7941968664446146 0.55832500000000007 2.8103057858889695 2.8078352006066667 33.500000000000007 56.000000000000007 65.500000000000014 0.61832500000000012 3.463371370393928 3.2294790785070626 3.220832220387837 0.96250000000000013 4.5000000000000009 0.34514106583072107 23.500000000000004 0.41144200626959254 0.38548951048951058 3.5534682665703636 2.8219142431241191 4.520663788509558 0.54897260273972615 2.8347413390871714 0.6043478260869567 0.1252535496957404 0.20293040293040296 0.83667500000000017 0.69000000000000006 0.59375000000000011 4.5000000000000009
decision_type=2 2 2 2 2 2 2 2 2 2 2 2 2 2 2 2 2 2 2 2 2 2 2 2 2 2 2 2 2 2
left_child=1 23 -3 4 5 -2 -7 -8 16 10 11 -10 -12 14 -11 -15 17 19 -19 -5 22 -22 -18 24 -1 26 -26 28 -25 -27
right_child=3 2 -4 8 -6 6 7 -9 9 13 12 -13 -14 15 -16 -17 20 18 -20 -21 21 -23 -24 27 25 29 -28 -29 -30 -31
leaf_value=-0.058929665431308169 0.058266431337139324 0.0088791740289728954 -0.067326227123374424 -0.079958395087701445 0.060509641060654457 -0.0448552016270743 0.061997991020183746 -0.024303922114272569 0.0011759624426675162 -0.014899232702059241 -0.020570226746586734 0.070847044956617061 0.015216762861023881 -0.030548133811748347 0.020960733130376719 0.0037654403104513713 0.0260257150229872 -0.015959454763215881 -0.066038662446261928 -0.00091397770112344907 0.034622059170224921 -0.042642715896529494 -0.005225658593972551 0.038242233131441705 0.031151813867534989 -0.0088845281994205903 -0.047674453869042649 0.050805138894775219 -0.034735120194610593 0.00014761995408357431
leaf_weight=0.22530785319395619 0.5839950016234069 0.26660322616225929 0.81042675976641476 0.2051113301422437 0.72873233910650004 0.98421908868476726 0.48533473187126219 0.21585517982020974 30.995138136961035 1.3593210163526261 7.7193670793203619 0.55465913843363424 2.3475176109932363 0.71476038161199795 6.3832184597849846 19.293002923135646 1.189457916887483 2.3314392360043708 0.91646614595083509 9.9632964887714461 1.8007909061852836 0.41603004984790448 16.914567315019667 0.17477240666630578 1.6920079586561798 18.700852538269828 0.49278687965124834 0.37688009161502123 0.25088657718151808 10.353060585126515
leaf_count=14 13 19 29 12 25 38 13 21 930 32 186 9 41 17 114 410 59 208 62 917 68 21 1021 19 46 914 12 17 9 439
internal_value=-0.00103246 -0.00551113 -0.0484627 0.000375002 0.0196185 0.00648788 -0.0114534 0.0354307 -0.000184575 0.00168717 -0.0011371 0.00240081 -0.012225 0.00592268 0.014665 0.00253962 -0.00403306 -0.00918563 -0.0300904 -0.00250842 -0.000631215 0.0201218 -0.0031724 -0.00407744 -0.00472545 -0.0043345 0.0133723 0.021328 -0.00477116 -0.00566602
internal_weight=139.446 33.3436 1.07703 106.102 2.99814 2.2694 1.68541 0.70119 103.104 69.367 41.6167 31.5498 10.0669 27.7503 7.74254 20.0078 33.7372 13.4163 3.24791 10.1684 20.3208 2.21682 18.104 32.2666 31.464 31.2387 2.18479 0.802539 0.425659 29.0539
internal_count=5735 1518 48 4217 110 85 72 34 4107 1739 1166 939 227 573 146 427 2368 1199 270 929 1169 89 1080 1470 1425 1411 58 45 28 1353
is_linear=0
shrinkage=0.05


Tree=159
num_leaves=31
num_cat=0
split_feature=0 0 5 3 2 2 4 5 2 5 2 2 0 5 0 0 3 0 6 6 5 2 0 2 2 5 2 5 0 2
split_gain=0.238209 0.19402 0.391378 0.459017 0.459465 0.805999 0.623006 0.449999 0.580914 0.432133 1.46701 0.604515 0.416213 0.25037 0.610421 0.552266 0.582217 0.50128 0.342434 0.313992 0.261175 0.362932 0.435175 0.305359 0.231736 0.571329 0.486946 0.21426 0.1913 0.0495266
threshold=0.25207500000000005 0.73667500000000008 0.43167701863354041 1.5000000000000002 3.1697059213412886 3.0952929991690303 1.0000000180025095e-35 0.37729468599033822 2.6153478486952397 0.34580419580419586 2.9342025515800345 2.8005987924319804 0.96250000000000013 0.48331479421579543 0.71125000000000005 0.72082500000000016 4.5000000000000009 0.67250000000000021 29.500000000000004 33.500000000000007 0.47420634920634924 2.8374396928438563 0.62250000000000016 2.6572465972796429 4.0537383911602278 0.36038961038961043 3.9829067764226105 0.52440476190476204 0.96250000000000013 2.7717758900264529
decision_type=2 2 2 2 2 2 2 2 2 2 2 2 2 2 2 2 2 2 2 2 2 2 2 2 2 2 2 2 2 2
left_child=29 13 7 27 5 -5 -6 9 28 11 -11 -3 -10 20 17 -16 -17 18 -15 -19 24 23 -23 -22 26 -26 -2 -4 -9 -1
right_child=1 2 3 4 6 -7 -8 8 12 10 -12 -13 -14 14 15 16 -18 19 -20 -21 21 22 -24 -25 25 -27 -28 -29 -30 -31
leaf_value=0.0032003089440288076 -0.0019687973256032518 -0.017170463036591529 -0.051480272770179851 0.0066404318644907095 0.035626304188516325 -0.044496665910231319 0.0074975318776174145 0.044371665426120921 -0.017921603347153571 0.043232527453432729 -0.0092437612101328153 0.0044480564399949985 0.0013485105153325126 0.0074639666818825199 -0.093044282215799662 -0.047070571479110881 0.020792794111319853 -0.011377046754400899 -0.011451498842610206 0.036178446966435907 -0.007989527067165424 0.022316048958831745 -0.027029156994274186 0.060170375622516925 -0.021832268400456548 0.016899908550453323 -0.049749038590821401 0.0028914176844349083 0.0033371575402392504 -0.037721520123293287
leaf_weight=0.085990589373976856 58.270541391713778 4.2662926409393611 0.46013802220113831 6.6150619568070423 3.0811817324720305 0.87214460503309954 5.4509056841488928 0.62307411199435481 8.4427742802072299 2.5150648725684723 2.8308948792982846 13.359869587933643 4.1941441160161039 3.0263197862659625 0.34011045051738498 0.84749126993119717 0.50400223804172128 0.49918114702450189 11.427412412711417 1.1393214866984633 0.22494149953126852 1.0891330200247464 0.75759133580140758 0.60973322001518682 1.2233771043829609 4.2936750841327012 0.53816637222189356 0.29888177569955587 0.52195403166115284 0.52752616669749841
leaf_count=20 2894 101 21 245 59 29 123 13 228 41 59 262 86 126 6 48 26 15 778 45 12 62 33 32 85 144 33 13 9 87
internal_value=-0.000899193 -0.000761311 0.00159543 0.00792302 0.0097232 0.000683745 0.0176556 -0.00129313 -0.00843593 0.00299214 0.0154443 -0.000784559 -0.0115259 -0.00224923 -0.00752316 -0.0360945 -0.0217628 -0.00451976 -0.00749098 0.0216903 -0.000849517 0.0144398 0.00207291 0.0418016 -0.00148685 0.00831125 -0.00240604 -0.0300701 0.0256663 -0.0319859
internal_weight=138.937 138.323 53.5324 16.7783 16.0193 7.48721 8.53209 36.7541 13.7819 22.9721 5.34596 17.6262 12.6369 84.791 17.7838 1.6916 1.35149 16.0922 14.4537 1.6385 67.0072 2.6814 1.84672 0.834675 64.3258 5.51705 58.8087 0.75902 1.14503 0.613517
internal_count=5735 5628 1289 490 456 274 182 799 336 463 100 363 314 4339 1044 80 74 964 904 60 3295 139 95 44 3156 229 2927 34 22 107
is_linear=0
shrinkage=0.05


Tree=160
num_leaves=31
num_cat=0
split_feature=2 2 5 5 5 0 6 1 3 6 2 2 0 0 2 5 2 5 1 2 1 0 6 2 5 1 1 2 2 5
split_gain=0.226832 0.77404 0.714512 0.743525 0.545794 1.09411 0.484924 0.675667 0.477048 0.451265 0.469648 0.565585 0.417676 0.395386 0.217675 0.466508 0.696231 0.501068 0.599635 0.493675 0.603246 0.40811 0.407662 0.386402 0.37751 0.675745 0.574407 0.462734 0.324018 0.657419
threshold=2.8219142431241191 2.8065067579406118 0.34514106583072107 0.31293706293706297 0.36491677336747769 0.56832500000000008 24.500000000000004 7.6500000000000012 3.5000000000000004 37.000000000000007 2.7913174313277689 2.784856905053958 0.54500000000000015 0.71125000000000005 3.078801454774291 0.37354651162790703 3.0592701083171034 0.37590579710144933 7.6500000000000012 2.8540534885841544 6.3500000000000005 0.54500000000000015 64.000000000000014 2.827372285901038 0.25378787878787884 6.5500000000000007 6.3500000000000005 3.5838188022235569 3.0952929991690303 0.39852941176470597
decision_type=2 2 2 2 2 2 2 2 2 2 2 2 2 2 2 2 2 2 2 2 2 2 2 2 2 2 2 2 2 2
left_child=1 6 3 -3 -4 -6 7 8 -1 10 11 -8 -10 -7 15 19 17 -17 -19 23 21 -21 -22 -2 25 26 27 -16 29 -26
right_child=14 2 4 -5 5 13 9 -9 12 -11 -12 -13 -14 -15 24 16 -18 18 -20 20 22 -23 -24 -25 28 -27 -28 -29 -30 -31
leaf_value=0.03697907178473829 -0.021973563056922395 0.01935223009692669 0.069492560310401061 -0.089203569337992783 0.067468315449874708 -0.017987704196073161 0.012397981073568959 -0.04206546142127314 -0.050575470725403832 -0.0012919597683286441 0.051998273786170029 -0.047113693030096805 0.0018481628467861113 0.037812570628255486 -0.032589078072623283 -0.06403111780331093 -0.046847029503938625 -0.015484826292501197 0.0026449126412493077 0.060624233822567097 -0.0054070860665315036 0.0087523794639907046 -0.047758772924282628 0.038277319638577639 -0.024173668444395821 -0.032005519773332353 0.043106212491406115 0.016370972662928803 -3.4046939178373471e-05 0.05337200798084394
leaf_weight=0.64355539157986585 0.32656084210612135 0.39542414783500079 0.78503616340458426 0.26241250848397613 0.84881427674554322 1.1633407287299631 6.5913954164716442 1.5564882386242969 0.52865808643400658 23.278247684909729 0.69093443860765535 0.42498065857216705 1.3507080767303703 0.43660326534882177 1.0385166460182511 0.386999388691044 1.2115797795122478 9.2413363415107614 9.005046762787968 0.5057892927434281 5.6184758776216768 1.514892222243361 0.63212341582402576 1.4373880828497929 0.42087237210944184 2.5368772280635312 0.69614320644177485 0.90155585668981064 63.980021462128207 0.77958602784201503
leaf_count=19 21 20 11 6 34 35 199 38 25 1250 15 12 37 14 26 17 46 633 349 12 252 41 61 75 15 169 10 17 2302 37
internal_value=-0.000843143 0.00239454 0.0235505 -0.0239509 0.0332135 0.0215829 4.65795e-05 -0.0161585 -0.00017548 0.00218006 0.0126665 0.00879337 -0.0128984 -0.00276056 -0.00210149 -0.00567684 -0.0101195 -0.00773144 -0.00653735 0.00310871 -0.00201263 0.0217362 -0.00969011 0.027123 -0.000582987 -0.0135839 0.00414349 -0.00983724 0.000448842 0.026185
internal_weight=139.19 38.9566 3.89163 0.657837 3.23379 2.44876 35.065 4.07941 2.52292 30.9856 7.70731 7.01638 1.87937 1.59994 100.234 29.8802 19.845 18.6334 18.2464 10.0352 8.27128 2.02068 6.2506 1.76395 70.3536 5.17309 2.63622 1.94007 65.1805 1.20046
internal_count=5798 1715 120 26 94 83 1595 119 81 1476 226 211 62 49 4083 1507 1045 999 982 462 366 53 313 96 2576 222 53 43 2354 52
is_linear=0
shrinkage=0.05


Tree=161
num_leaves=22
num_cat=0
split_feature=2 2 6 2 2 0 0 6 6 2 6 3 0 6 2 6 1 6 2 2 1
split_gain=0.193164 0.281604 0.557763 0.214237 0.560264 0.305846 0.445732 0.431704 0.285637 0.494218 0.375751 0.18849 0.190233 0.224321 0.186134 0.350155 0.239405 0.127713 0.139115 0.227892 0.0975953
threshold=5.9693946024263989 5.4024352020554556 28.500000000000004 2.8219142431241191 2.8065067579406118 0.56832500000000008 0.6316750000000001 43.500000000000007 24.500000000000004 2.7913174313277689 37.000000000000007 1.0000000180025095e-35 0.60832500000000012 60.500000000000007 3.0694006811697876 73.500000000000014 5.7500000000000009 38.500000000000007 5.4359270417206025 5.5440414091679253 8.3500000000000032
decision_type=2 2 2 2 2 2 2 2 2 2 2 2 2 2 2 2 2 2 2 2 2
left_child=1 3 -3 4 8 7 -7 -6 9 -1 -10 12 20 -14 15 -13 -16 -4 -19 -20 -5
right_child=-2 2 17 11 5 6 -8 -9 10 -11 -12 14 13 -15 16 -17 -18 18 19 -21 -22
leaf_value=-0.0064019908796027411 -0.030969039414744232 -0.054744062250874873 -0.0098173389956182789 -0.043264666379005751 0.075879238476428662 -0.028496005017984063 0.021588005469220625 0.0093926081008800719 0.011330592992768923 -0.063699688166139648 -0.0014137487199727301 -0.005420089461049377 0.0080456370601160489 0.04844729830355235 -0.016531115146368444 -0.059565736962637318 -0.00052723703913114164 0.047282769636116016 -0.0034759022708675579 0.026154511407788069 0.0078271056708335337
leaf_weight=3.4879682904575016 0.52526778704486687 0.28802175354212423 0.38644125731661949 0.19805569550953706 0.51523036544676815 0.5491613449994478 2.3251164020039141 0.46404589747544378 7.7007290997426052 0.42186112341005344 23.233208797275438 27.608712590968938 1.1270795974414793 0.49422083643730719 2.4273955069947979 0.30185329075902601 62.619484951064806 0.42481836909428272 0.95284973538946394 2.0344613417983055 0.17700180772226304
leaf_count=108 15 10 12 36 17 20 50 33 226 11 1250 1422 29 12 96 19 2313 9 22 64 24
internal_value=-0.000705717 -0.000590307 0.0123388 -0.000985635 0.00215015 0.020241 0.0120189 0.0443735 0.000149397 -0.0125843 0.00175884 -0.00226359 0.0129377 0.0203613 -0.00259005 -0.00600568 -0.00112446 0.0174253 0.0205106 0.0167034 -0.0191528
internal_weight=138.263 137.738 4.08659 133.651 38.6973 3.85355 2.87428 0.979276 34.8438 3.90983 30.9339 94.9538 1.99636 1.6213 92.9574 27.9106 65.0469 3.79857 3.41213 2.98731 0.375058
internal_count=5798 5783 117 5666 1715 120 70 50 1595 119 1476 3951 101 41 3850 1441 2409 107 95 86 60
is_linear=0
shrinkage=0.05


Tree=162
num_leaves=31
num_cat=0
split_feature=6 2 2 2 0 6 6 5 2 2 0 2 2 6 2 2 0 5 5 6 2 2 5 5 0 5 2 3 5 2
split_gain=0.175106 0.300624 0.475743 0.63982 0.741961 0.36315 0.270982 0.279737 0.265348 0.281719 0.257562 0.193858 0.778136 0.677075 0.670803 0.457722 0.320302 0.317263 0.564275 0.24558 0.239669 0.301365 0.28525 0.207201 0.181137 0.176728 0.544042 0.632659 0.253854 0.416846
threshold=23.500000000000004 2.6609929469832676 2.8451419081642224 3.0063754226394113 0.5837500000000001 20.500000000000004 21.500000000000004 0.43167701863354041 3.9575540059567773 3.2702910937687597 0.6316750000000001 4.0537383911602278 3.8508873188580268 68.500000000000014 3.9575540059567773 4.0793745148099401 0.35917500000000008 0.37354651162790703 0.4491379310344828 52.500000000000007 5.4024352020554556 4.3366373803950742 0.41444372153545878 0.46027742749054229 0.6316750000000001 0.26086335048599202 2.8999644251029708 3.5000000000000004 0.36038961038961043 3.6904654766097438
decision_type=2 2 2 2 2 2 2 2 2 2 2 2 2 2 2 2 2 2 2 2 2 2 2 2 2 2 2 2 2 2
left_child=1 10 5 4 -4 -3 -7 -8 9 -5 -1 12 25 17 -15 19 23 24 -19 -13 21 -18 -22 -17 -14 26 -2 -28 29 -27
right_child=11 2 3 8 -6 6 7 -9 -10 -11 -12 15 13 14 -16 16 20 18 -20 -21 22 -23 -24 -25 -26 28 27 -29 -30 -31
leaf_value=0.045007675326693058 0.0063185941411297132 0.0018744812374647036 -0.010059961519416644 -0.018487631481021494 0.075401066388639429 -0.078586885669088419 -0.050118798212279485 -0.0049333284099818912 -0.044076404211139911 0.0081762329821962916 -0.0059090607010268831 0.0099749769340257283 0.007813942421261575 0.0008481405837544617 -0.097149948304697364 0.0075266531003716462 0.010806325635623167 0.017914456271303874 -0.034465368654192793 0.064349426840301233 0.00047545645504307621 -0.008726553672844346 0.026339222530714065 -0.10014544012969184 -0.059638145755093047 0.0036741682565172764 0.008685552882301906 -0.02724303073527461 -0.001005383521619754 0.040282684133723087
leaf_weight=0.47451307438313772 4.6579920899821428 0.68484553229063783 0.50163690838962771 2.1682070408132863 0.51440976653248072 0.37731069279834617 0.80302165169268824 0.59729904658161104 0.5262794168666004 1.8239784275647251 0.52115757763385773 0.36496188584715028 0.12720644508954126 0.26026044898026146 0.53069119669089559 0.070237947860731675 3.2581428942794428 1.2644766038865785 0.86650754185393442 0.48177422466687858 2.1072358356323084 5.0129365114844404 2.1576026934199035 0.12279928481439129 0.45747325383126736 22.598232051415838 1.743175324227195 4.1239557705121115 77.799105379468529 0.80530099757015605
leaf_count=18 189 18 18 66 12 10 21 22 25 62 17 11 28 13 24 15 97 53 33 14 64 187 55 8 20 898 86 175 3508 31
internal_value=-0.000806268 -0.00755189 -0.0107776 -0.00264299 0.0332077 -0.0290606 -0.0409786 -0.0308452 -0.0107046 -0.00630525 0.0183567 -0.000335334 -0.00100111 -0.0241934 -0.0649039 0.00531594 0.00294802 -0.0123362 -0.00338439 0.0409128 0.00393225 -0.00103216 0.0135601 -0.0609682 -0.0449629 -0.00027321 -0.00643951 -0.0165683 0.000368088 0.00493384
internal_weight=137.803 8.99266 7.99699 5.53451 1.01605 2.46248 1.77763 1.40032 4.51846 3.99219 0.995671 128.81 115.234 3.50662 0.790952 13.5757 12.729 2.71566 2.13098 0.846736 12.5359 8.27108 4.26484 0.193037 0.58468 111.728 10.5251 5.86713 101.203 23.4035
internal_count=5798 289 254 183 30 71 53 43 153 128 35 5509 5058 171 37 451 426 134 86 25 403 284 119 23 48 4887 450 261 4437 929
is_linear=0
shrinkage=0.05


Tree=163
num_leaves=31
num_cat=0
split_feature=1 5 5 5 3 6 0 5 0 5 0 6 5 6 3 0 0 0 5 3 5 5 5 5 6 1 1 6 3 6
split_gain=0.249913 0.468267 0.469539 0.404425 0.378167 0.317147 0.303092 0.237184 0.231903 0.394884 0.394353 1.09109 0.622551 0.190283 0.512278 0.817681 1.02266 0.557685 0.561727 0.53819 0.399171 0.388763 0.512235 0.505027 0.36155 0.340405 0.372557 0.581843 0.517281 0.337066
threshold=8.1500000000000004 0.27254641909814331 0.40877080665813065 0.44201680672268912 1.5000000000000002 41.500000000000007 0.67250000000000021 0.43760810476896467 0.96250000000000013 0.34698996655518399 0.69000000000000006 42.500000000000007 0.31293706293706297 33.500000000000007 3.5000000000000004 0.6316750000000001 0.57750000000000001 0.78167500000000012 0.47722567287784684 4.5000000000000009 0.56594202898550738 0.34580419580419586 0.38348416289592763 0.47722567287784684 37.000000000000007 3.9000000000000008 7.0500000000000007 45.500000000000007 2.5000000000000004 22.500000000000004
decision_type=2 2 2 2 2 2 2 2 2 2 2 2 2 2 2 2 2 2 2 2 2 2 2 2 2 2 2 2 2 2
left_child=13 5 8 7 -5 -2 -6 -4 10 -10 12 -12 -3 14 21 16 20 18 -17 -19 -16 29 -23 -24 -15 -26 27 -27 -28 -1
right_child=1 2 3 4 6 -7 -8 -9 9 -11 11 -13 -14 24 15 17 -18 19 -20 -21 -22 22 23 -25 25 26 28 -29 -30 -31
leaf_value=0.017060550248103858 0.0037150842246463874 -0.044372578109436359 -0.012378180330046239 -0.046325909955607966 -0.0043855496124965221 -0.049264385527484897 0.018052109080066461 -0.057125154619299526 0.00053664714678689927 0.05718040540317592 -0.029270376359612146 0.018886478442365892 0.028186367466236761 0.011659508671822109 -0.012857022261512441 -0.017818071024731257 0.031124342639644892 -0.029595972213482691 -0.051140432533847119 0.0049663257561856321 0.026679033382447006 0.043945917955013958 -0.010859209188685699 0.026888502838325692 -0.043336047395445193 0.013326452150259939 -0.022565077887430895 -0.001115752650816643 -0.0025774814249609145 -0.032080440331359157
leaf_weight=0.5354178305715348 0.49265750125050789 0.32140352885471646 2.5646309932926656 0.34035832158406254 2.7632174880709499 0.66212492750491947 3.3055569780990481 0.33480022149160493 0.52893372811377115 0.73556897975504398 1.8474093526601789 3.2373754060827196 3.6849709588568658 5.6394261429668395 5.6128536259639095 3.4394051465787907 2.2129285164410248 1.7172435997053979 2.0002299509942532 3.273318630643189 0.72036573692457739 1.0955649851821361 2.1156691021751617 1.5246197323431259 0.48142167180776496 9.4891200180281867 3.4818873097829046 26.310998851957265 46.029139323421987 1.0019865881185976
leaf_count=13 18 33 89 43 154 64 72 17 11 14 28 58 157 207 273 91 63 34 52 69 34 31 64 69 7 368 268 1341 2017 39
internal_value=-0.000764595 0.00428183 0.00609901 -0.00205019 0.00495958 -0.0266621 0.00783586 -0.0175452 0.0134242 0.0334867 0.0106337 0.00139008 0.0223655 -0.00166501 -0.0055073 -0.00960213 0.001864 -0.0189971 -0.0300712 -0.0069265 -0.00836003 0.00687939 0.0139713 0.00495022 -0.00060393 -0.00141005 -0.00117345 0.00271227 -0.00398312 -0.0149666
internal_weight=137.501 20.819 19.6642 9.30856 6.40913 1.15478 6.06877 2.89943 10.3557 1.2645 9.09116 5.08478 4.00637 116.682 25.2496 18.9763 8.54615 10.4302 5.43964 4.99056 6.33322 6.27326 4.73585 3.64029 91.432 85.7926 85.3111 35.8001 49.511 1.5374
internal_count=5798 758 676 375 269 82 226 106 301 25 276 86 190 5040 832 616 370 246 143 103 307 216 164 133 4208 4001 3994 1709 2285 52
is_linear=0
shrinkage=0.05


Tree=164
num_leaves=24
num_cat=0
split_feature=2 2 5 0 2 5 5 1 4 0 0 2 5 2 2 5 0 1 3 1 5 0 2
split_gain=0.163684 0.163064 0.252095 0.305108 0.34658 0.234517 0.142099 0.533321 0.418989 0.493616 0.455959 0.233126 0.533759 0.378371 0.336109 0.43279 0.228612 0.193126 0.235006 0.206976 0.137016 0.288574 0.0241916
threshold=5.9693946024263989 5.4024352020554556 0.48212005108556838 0.59375000000000011 5.6574867333774366 0.56330128205128216 0.25378787878787884 7.6500000000000012 1.0000000180025095e-35 0.71457500000000007 0.38667500000000005 4.3366373803950742 0.26086335048599202 4.4013162140956954 4.0537383911602278 0.33809523809523817 0.25207500000000005 8.0500000000000025 3.5000000000000004 8.2500000000000018 0.2869249394673124 0.88750000000000007 5.6574867333774366
decision_type=2 2 2 2 2 2 2 2 2 2 2 2 2 2 2 2 2 2 2 2 2 2 2
left_child=1 6 3 4 -3 22 7 8 10 -10 -1 14 -13 -14 16 -16 -8 18 -9 -19 -5 -22 -4
right_child=-2 2 5 20 -6 -7 11 17 9 -11 -12 12 13 -15 15 -17 -18 19 -20 -21 21 -23 -24
leaf_value=0.039556248779449389 -0.028837247181122985 -0.053254878931980845 0.053065645102991471 -0.0089873729143296315 0.0062005965581586574 -0.0055798063816451691 -0.036148983034071144 -0.016995250268129102 -0.054575001001804416 -0.006064917074252392 0.0010181398802556532 0.067849690379352609 -0.072735059620897741 -0.011470091678960669 -0.028098699260228371 0.019895101080563943 -0.00047735603064482686 0.0064785749792883474 -0.064137148344420553 -0.038841964873632881 0.036530046643435968 -0.0093935877173619061 0.035549525749158463
leaf_weight=0.9117198350140806 0.52014322392642398 0.45665212918538545 0.38704332150518872 0.54292593873105977 0.52911192481406033 0.33905144862364978 0.45096199223189515 0.46347837720531904 0.63621853681979734 2.9837865363806486 4.8523940142476931 0.20237168297171493 0.26831952901557077 4.1483768476755358 0.53854785906150837 3.6758489953936078 111.91966960887657 0.5700519881211219 0.61536626034649089 0.45142016897443682 0.96974975941702701 0.52850685454905033 0.40170655027031898
leaf_count=44 15 18 11 13 20 14 82 45 70 80 138 3 9 182 14 102 4796 28 41 32 19 13 9
internal_value=-0.000841742 -0.000735331 0.00901863 0.00150079 -0.021342 0.029196 -0.00104075 -0.00635635 -0.00125887 -0.0145906 0.00711378 -0.000537078 -0.0115538 -0.015192 -0.0001006 0.0137621 -0.000620512 -0.0291316 -0.0438847 -0.01355 0.0125324 0.0203306 0.0441448
internal_weight=137.363 136.843 4.15475 3.02695 0.985764 1.1278 132.689 11.4844 9.38412 3.62001 5.76411 121.204 4.61907 4.4167 116.585 4.2144 112.371 2.10032 1.07884 1.02147 2.04118 1.49826 0.78875
internal_count=5798 5783 117 83 38 34 5666 478 332 150 182 5188 194 191 4994 116 4878 146 86 60 45 32 20
is_linear=0
shrinkage=0.05


Tree=165
num_leaves=31
num_cat=0
split_feature=3 1 6 4 1 6 2 6 2 6 2 0 2 2 6 2 6 6 6 0 1 2 0 1 0 0 0 0 1 6
split_gain=0.354175 0.212349 0.243705 0.221629 0.591978 0.550512 0.405331 0.344622 0.454738 0.313954 0.303693 0.269923 0.184629 0.178689 0.431128 0.23713 0.34254 0.332921 0.370226 0.22369 0.220461 0.19898 0.158641 0.101739 0.101151 0.0993877 0.0968175 0.0826921 0.0702179 0.0548627
threshold=1.5000000000000002 4.5500000000000007 44.500000000000007 1.0000000180025095e-35 8.3500000000000032 38.500000000000007 4.0881677204756794 42.500000000000007 3.6461801274364229 73.500000000000014 3.7359650897473711 0.63542500000000002 2.9702093150074416 2.7402904316616046 33.500000000000007 3.049960005733658 60.500000000000007 53.500000000000007 31.500000000000004 0.84500000000000008 8.2500000000000018 3.3643075840091208 0.78167500000000012 7.7500000000000009 0.69000000000000006 0.78167500000000012 0.72917500000000002 0.69000000000000006 8.0500000000000025 51.500000000000007
decision_type=2 2 2 2 2 2 2 2 2 2 2 2 2 2 2 2 2 2 2 2 2 2 2 2 2 2 2 2 2 2
left_child=13 2 -2 6 9 -6 7 10 -9 11 -3 -5 -11 14 -1 16 22 18 23 21 -18 -19 24 -17 -15 -7 -16 -20 -28 -4
right_child=1 3 29 4 5 25 -8 8 -10 12 -12 -13 -14 15 26 17 20 19 27 -21 -22 -23 -24 -25 -26 -27 28 -29 -30 -31
leaf_value=0.038146618762222778 0.040427412571491718 0.0050021278757396426 -0.017320815336011579 -0.0072541015541987448 0.010713920163555808 -0.051185310392077611 -0.048000742271801698 -0.0026626790024865806 0.016003590597845552 0.092739905608706513 0.03330107072129395 0.00013869923218722959 0.02101864037613203 -0.043447824361244447 -0.037028751594003644 -0.05785140446141105 -0.034693565919663424 0.031936720013896649 0.039451215109689512 -0.06446930206907249 0.035009642332799427 -0.039921776774568568 -0.069756784109010719 -0.0094120690738074761 -0.0068234935939195289 -0.095072125614146782 -0.019929516505865053 0.010587100198951297 0.0094981491369858992 0.010682796629157096
leaf_weight=0.53333908191416313 0.69538532150909194 30.660523646511141 0.30212999600917101 18.193304679807625 0.28683284053113212 0.23278290778398514 0.40843302244320412 37.846019943157444 3.5705921511107581 0.11123656551353533 0.97830730208079231 38.423350032942835 0.46413584938272834 0.65452062385156773 0.37379968249297213 0.20259532216005061 0.19807402265723784 0.168673013919033 0.4413247035408856 0.34029038902372122 0.26549063541460782 0.22463751523173414 0.42778434953652322 0.23314811615273356 0.26479798514628783 0.289366465061903 0.43759050406515598 0.56684121070429683 0.37765774363651872 0.41532891592942178
leaf_count=24 13 883 7 1374 10 18 13 1796 132 5 36 1063 21 54 66 8 34 21 36 10 12 29 18 16 14 5 16 19 9 15
internal_value=-0.000470561 5.34359e-05 0.0193343 -0.000153774 -0.00246423 -0.0449363 0.00167037 0.00194807 -0.00105343 -0.00186346 0.00587716 -0.00223692 0.0348845 -0.0126633 0.000795309 -0.0184757 -0.0318459 -0.00735803 0.0065774 -0.0347864 0.00522654 -0.00910493 -0.0446033 -0.0319335 -0.0328987 -0.0755067 -0.0159584 0.0232224 -0.00629737 -0.00110984
internal_weight=138.588 132.878 1.41284 131.465 58.001 0.808982 73.4639 73.0554 41.4166 57.192 31.6388 56.6167 0.575372 5.71056 1.72239 3.98818 1.81067 2.17751 1.44391 0.733601 0.463565 0.393311 1.3471 0.435743 0.919319 0.522149 1.18905 1.00817 0.815248 0.717459
internal_count=5777 5391 35 5356 2496 33 2860 2847 1928 2463 919 2437 26 386 115 271 132 139 79 60 46 50 86 24 68 23 91 55 25 22
is_linear=0
shrinkage=0.05


Tree=166
num_leaves=25
num_cat=0
split_feature=1 6 1 5 1 1 4 5 5 2 5 5 5 2 1 6 5 2 5 5 5 5 2 1
split_gain=0.187692 0.206501 0.205644 0.598669 0.563379 0.180869 0.370641 0.673836 0.717709 0.610584 0.32413 0.309273 0.408489 0.256264 0.239734 0.466534 0.318885 0.203591 0.124026 0.069859 0.0559644 0.0672036 0.0100139 0.00312973
threshold=4.5500000000000007 44.500000000000007 5.6500000000000012 0.33809523809523817 5.3500000000000005 6.6500000000000012 1.0000000180025095e-35 0.39680527383367142 0.28320802005012535 3.3848182702787946 0.18898809523809526 0.1252535496957404 0.21807065217391305 3.6964859815791882 7.2500000000000009 28.500000000000004 0.21638795986622075 2.7541698915195858 0.34698996655518399 0.24744897959183676 0.48331479421579543 0.39209164818920922 4.5516818502987642 5.2500000000000009
decision_type=2 2 2 2 2 2 2 2 2 2 2 2 2 2 2 2 2 2 2 2 2 2 2 2
left_child=1 -1 3 4 -2 6 11 8 -8 -9 13 -4 -13 17 16 -16 -12 -7 -5 -3 21 -20 -15 -22
right_child=2 19 5 18 -6 10 7 9 -10 -11 14 12 -14 22 15 -17 -18 -19 20 -21 23 -23 -24 -25
leaf_value=0.037954454196270249 0.031393314218574456 0.016657415303606909 0.048078991989309025 -0.11089084077093653 -0.029751118530350451 -0.03808614041468867 0.0030127921959799335 -0.0056020511721120375 -0.028968951000676476 0.026815310681291706 0.021937271145209269 -0.014936159167807758 0.01342127035875789 -0.050837318553279776 -0.0084079940269626893 0.0024737905029112595 -0.0052317019910284269 -0.0042204759934559482 -0.049081771354438364 -0.014798006193655278 -0.060259111507464783 -0.015767965201645379 -0.068113282282362284 -0.049807353781736591
leaf_weight=0.66612634249031433 0.86992829805239968 0.31899390276521444 0.53130347188562232 0.066271252930164115 0.66448700113687664 0.58530644513666619 3.6626464065629989 2.887088699528249 3.3666990163037553 2.9233227043587249 1.1181053819600482 1.512685714289544 7.9141300513001624 0.17831730004400004 11.630171419645192 64.33891839547141 31.698831453279126 1.8355225376144515 0.28141723858425394 0.39517528773285449 0.21910175785887986 0.32763144973432645 0.15838324557989836 0.10641252144705504
leaf_count=13 19 5 7 1 21 30 112 205 188 115 39 34 372 20 328 2624 1391 127 19 17 19 46 9 16
internal_value=-0.000415746 0.0179297 -0.000600746 -0.0147085 0.00491438 -0.000334508 0.00372358 -0.0018909 -0.0123048 0.0107077 -0.00116392 0.0109628 0.00887086 -0.018093 -0.000734801 0.000807889 -0.00430603 -0.0124085 -0.044793 -0.000747991 -0.040106 -0.031161 -0.0589639 -0.0568424
internal_weight=138.257 1.3803 136.877 2.53525 1.53442 134.341 22.7979 12.8398 7.02935 5.81041 111.544 9.95812 9.42682 2.75753 108.786 75.9691 32.8169 2.42083 1.00083 0.714169 0.934563 0.609049 0.336701 0.325514
internal_count=5777 35 5742 141 40 5601 1033 620 300 320 4568 413 406 186 4382 2952 1430 157 101 22 100 65 29 35
is_linear=0
shrinkage=0.05


Tree=167
num_leaves=23
num_cat=0
split_feature=3 5 5 5 2 2 5 2 2 2 2 2 2 2 6 6 5 5 6 5 6 2
split_gain=0.332637 0.247941 0.234994 0.462526 0.324168 0.421506 0.318416 0.259991 0.212765 0.170038 0.149619 0.178684 0.13406 0.370468 0.313755 0.487839 0.381144 0.150485 0.121957 0.115547 0.106092 0.000376006
threshold=1.5000000000000002 0.21638795986622075 0.39415279556124633 0.40877080665813065 2.6064219431943121 2.8840101815541477 0.27622890682318418 3.5941812513034272 2.7941968664446146 3.4841737449602026 5.8956072372094459 5.8091117636764453 4.589410143454125 4.5516818502987642 49.500000000000007 67.000000000000014 0.36914510317720278 0.28320802005012535 42.500000000000007 0.33809523809523817 54.500000000000007 2.7478443874442866
decision_type=2 2 2 2 2 2 2 2 2 2 2 2 2 2 2 2 2 2 2 2 2 2
left_child=1 -1 4 21 19 8 -7 9 -6 -5 11 12 13 18 16 -16 -14 -15 -2 -3 -12 -4
right_child=10 2 3 7 5 6 -8 -9 -10 -11 20 -13 14 17 15 -17 -18 -19 -20 -21 -22 -23
leaf_value=-0.059088289809826701 0.0019703754583935036 0.0028415071959677816 -0.079623424534028917 -0.015054539596815587 -0.01109552497364738 -0.042374913991587271 0.025202300862335849 -0.068969508408868549 -0.056867641615462351 0.020378629336064037 0.0044424490036062995 -0.030908101558167717 0.018316676833683359 -0.0043997136788275163 0.028761725522723193 -0.014350809773277372 -0.01879478104813026 -0.056376554951753213 -0.0012178038004398764 0.049477517774570795 0.042238509168903829 -0.076141971309550693
leaf_weight=0.2685501630185162 50.729690996551653 0.20345181960146907 0.1420632429653782 1.6111260974139447 0.55862977233482547 0.21519314625766106 0.91763862548395991 0.18858668731991191 0.46540080779232085 0.42866978642996389 0.38574373139999707 0.46164429606869717 1.1173549119848751 0.21124008717015286 2.5387220743577932 0.88486219308106218 1.8167729802662504 0.40865278732962906 73.390672252557124 0.38256501336582005 0.35795324947685003 0.17079925863072276
leaf_count=19 1638 9 10 174 31 13 51 13 20 18 14 10 43 7 66 45 71 20 3468 17 9 11
internal_value=-0.000232439 -0.0122213 -0.0098394 -0.0207939 0.000309804 -0.00864994 0.0123653 -0.0128011 -0.031898 -0.00760814 0.000270724 0.000144304 0.000253651 -0.000107317 0.00733596 0.0176188 -0.00466224 -0.0386645 8.52487e-05 0.0332865 0.0226343 -0.0777228
internal_weight=137.856 5.55267 5.28412 2.54125 2.74288 2.15686 1.13283 2.22838 1.02403 2.0398 132.303 131.56 131.098 124.74 6.35771 3.42358 2.93413 0.619893 124.12 0.586017 0.743697 0.312863
internal_count=5777 386 367 226 141 115 64 205 51 192 5391 5368 5358 5133 225 111 114 27 5106 26 23 21
is_linear=0
shrinkage=0.05


Tree=168
num_leaves=30
num_cat=0
split_feature=3 5 5 5 2 2 5 2 2 6 2 2 6 5 1 1 6 6 3 1 1 1 6 2 5 5 5 5 1
split_gain=0.213549 0.246838 0.177329 0.297554 0.269045 0.34867 0.242719 0.240854 0.184865 0.162759 0.141673 0.306582 0.217852 0.211221 0.211089 0.208823 0.224489 0.119832 0.394882 0.41544 0.270421 0.408743 0.281854 0.205133 0.111377 0.105203 0.0759734 0.0398204 0.0196138
threshold=1.5000000000000002 0.21638795986622075 0.39415279556124633 0.40877080665813065 2.6064219431943121 2.8840101815541477 0.35504201680672276 3.5941812513034272 2.7941968664446146 67.000000000000014 4.589410143454125 4.5516818502987642 22.500000000000004 0.26086335048599202 7.5500000000000007 5.7500000000000009 33.500000000000007 41.500000000000007 2.5000000000000004 4.5500000000000007 6.2500000000000009 6.5500000000000007 67.000000000000014 2.6572465972796429 0.49305555555555564 0.33809523809523817 0.39545896066051484 0.32235621521335811 8.0500000000000025
decision_type=2 2 2 2 2 2 2 2 2 2 2 2 2 2 2 2 2 2 2 2 2 2 2 2 2 2 2 2 2
left_child=1 -1 4 28 25 8 -7 9 -6 -5 11 17 -12 -13 15 -14 -17 18 23 -20 22 -22 -19 -2 26 -3 -16 -15 -4
right_child=10 2 3 7 5 6 -8 -9 -10 -11 12 13 14 27 24 16 -18 20 19 -21 21 -23 -24 -25 -26 -27 -28 -29 -30
leaf_value=-0.059482376903050575 0.035749754108101342 0.0027153418782354297 -0.053278943862442266 -0.0019371392027548119 -0.0096912413982858589 -0.0098068826598078605 0.03728310098231416 -0.067637794812761123 -0.053397050055652998 -0.048695088497159505 -0.035389968281921612 0.0092892204731528684 0.038076032522115777 -0.073264439773524162 0.018626596693072834 0.037454672017912638 -0.00022247935460060838 -0.017887523612178768 0.053118329077660335 0.00012408032055142505 0.01068575182894782 -0.0017597037653486833 0.0093134685621484546 0.0097516662862457172 0.0071479753168832766 0.047536517176654185 0.05554845690955558 -0.042085448654814166 -0.081674238195217075
leaf_weight=0.24142761388793488 1.1167512402171262 0.2031282399548221 0.10717078181915018 1.8190623442351359 0.55488381042960133 0.58480052166851215 0.51429826073581353 0.17638776847161342 0.42900209012441337 0.20732387252792239 0.29330187570303579 0.1797819989733388 0.44747214217204589 0.18007473740726709 0.2111833735834806 0.42740502068772901 5.2708912636735477 4.3487230794562484 0.37305515632033248 42.64910889742896 7.3434333175537168 64.934240510498057 1.2193840686377369 2.3667493952088989 0.33318244328256696 0.36827871226705611 0.40947506751399487 0.2374231421854347 0.14059814065694809
leaf_count=19 28 9 15 158 31 40 24 13 20 34 12 6 15 4 19 22 157 255 7 1351 289 2994 82 100 15 17 18 17 6
internal_value=-0.000283004 -0.0100799 -0.00774354 -0.0174423 0.00121039 -0.00712698 0.0122278 -0.011599 -0.0287482 -0.00672104 0.000112774 -0.000285156 0.00683825 -0.0360218 0.0085828 0.00518627 0.00260352 -0.000113507 0.00189464 0.000583606 -0.00131319 -0.000495242 -0.0119307 0.0180862 0.0304673 0.0316031 0.0429855 -0.0555335 -0.069392
internal_weight=137.688 5.34636 5.10493 2.45054 2.65439 2.08298 1.0991 2.20277 0.983886 2.02639 132.342 124.949 7.39291 0.59728 7.09961 6.14577 5.6983 124.351 46.5057 43.0222 77.8458 72.2777 5.56811 3.4835 0.953841 0.571407 0.620658 0.417498 0.247769
internal_count=5777 386 367 226 141 115 64 205 51 192 5391 5133 258 27 246 194 179 5106 1486 1358 3620 3283 337 128 52 26 37 21 21
is_linear=0
shrinkage=0.05


Tree=169
num_leaves=31
num_cat=0
split_feature=2 6 1 0 0 6 5 5 6 0 5 5 6 5 6 6 1 2 6 6 2 0 2 0 2 1 0 0 1 0
split_gain=0.146598 0.249291 0.112477 0.469982 0.879219 0.566566 0.550053 0.52647 0.495793 0.492151 0.448502 0.387547 0.432969 0.324597 0.308153 0.201147 0.384012 1.16266 0.320711 0.329776 0.713329 0.312363 0.349743 0.300568 0.421677 0.344036 0.24732 0.236673 0.178807 0.146529
threshold=5.8956072372094459 51.500000000000007 7.8500000000000005 0.61832500000000012 0.66457500000000003 37.000000000000007 0.47987117552334951 0.48212005108556838 67.000000000000014 0.81667500000000015 0.34983896940418685 0.56465997770345611 32.500000000000007 0.59411764705882364 54.500000000000007 67.000000000000014 7.6500000000000012 3.4519696286118893 65.500000000000014 61.500000000000007 3.7621995631308658 0.88750000000000007 3.078801454774291 0.9125000000000002 2.6899880530998783 7.1500000000000012 0.66457500000000003 0.83667500000000017 8.4500000000000011 0.27707500000000002
decision_type=2 2 2 2 2 2 2 2 2 2 2 2 2 2 2 2 2 2 2 2 2 2 2 2 2 2 2 2 2 2
left_child=2 -2 15 5 7 11 10 14 13 -8 -6 12 -4 -7 -5 18 23 27 19 29 -21 26 -23 25 -25 -17 -20 -18 -10 -1
right_child=1 -3 3 4 6 8 9 -9 28 -11 -12 -13 -14 -15 -16 16 17 -19 21 20 -22 22 -24 24 -26 -27 -28 -29 -30 -31
leaf_value=0.02412623315072639 -0.013287292529991402 0.045261339968092971 0.0024281277014863833 0.045787699125059859 0.0091105929472875338 -0.026728364698821113 0.0066667098331670907 -0.015807492669628956 0.0025144355738972481 0.045777501272537387 -0.006788269428098021 -0.037145365426661157 0.043698465747735948 0.057187616595332558 0.015374761073576704 -0.013852230459659552 -0.014914335623426806 -0.087473665372939532 0.0055613534330874528 -0.026565385859613946 0.043479052013074483 -0.040741900364839372 0.01244405353803385 -0.030335149845622383 0.040611119805220169 0.0063488812819192473 0.028571411744443775 0.034111057554168898 0.054608331798606191 -0.00077961828000011081
leaf_weight=0.59509253758005698 0.30409715417772432 0.45210481970570982 2.1825795890763393 2.1535969227552445 6.5402130680158796 4.5594759587693261 2.4779388841707255 0.62420895975083102 1.1154942345310699 1.1909326026216147 13.785899953218175 0.41282848571427155 0.89656151068629686 0.11822593910619605 1.3581546661444006 5.8025106329587253 0.8639371461176768 0.57200598175404582 2.3995094935235093 2.7051993908826257 0.41990138613618899 0.55988340266048886 0.69006585888564587 0.28639851044863529 0.77943398943170905 3.3098540588689502 2.2749580190284178 0.34427804918959737 0.19326043489854772 77.491491354478057
leaf_count=81 12 11 96 32 139 433 68 15 130 30 259 21 46 9 22 415 97 25 160 169 17 13 15 10 21 269 69 12 25 3056
internal_value=-0.000237442 0.0217167 -0.000358886 0.00196914 0.00521358 -0.00765998 0.00154367 0.0265047 -0.0169963 0.0193623 -0.00167259 0.0083458 0.0144449 -0.0246074 0.0340256 -0.00124244 -0.00732329 -0.0287475 -0.000407918 -0.00122721 -0.0171539 0.010823 -0.0113793 -0.00357609 0.0215472 -0.00651465 0.0167598 -0.000944666 0.010207 -0.000589812
internal_weight=137.46 0.756202 136.704 37.6094 28.1309 9.47843 23.995 4.13596 5.98646 3.66887 20.3261 3.49197 3.07914 4.6777 3.51175 99.0945 11.9584 1.78022 87.1361 81.2117 3.1251 5.92442 1.24995 10.1782 1.06583 9.11236 4.67447 1.20822 1.30875 78.0866
internal_count=5777 23 5754 1325 565 760 496 69 597 98 398 163 142 442 54 4429 849 134 3580 3323 186 257 28 715 31 684 229 109 155 3137
is_linear=0
shrinkage=0.05


Tree=170
num_leaves=31
num_cat=0
split_feature=1 5 1 0 0 0 3 6 0 5 5 6 1 0 5 5 1 6 1 6 6 4 1 0 1 6 0 1 1 5
split_gain=0.211392 0.688848 0.690982 0.583705 0.459574 0.512821 0.440091 0.438811 0.312111 0.396904 0.425326 0.300578 0.346757 0.232456 0.269805 0.61852 0.281029 0.348926 0.252979 0.232998 0.232458 0.386067 0.474198 0.445236 0.345514 0.584897 0.396199 0.283053 0.264639 0.227715
threshold=6.5500000000000007 0.41444372153545878 6.2500000000000009 0.96250000000000013 0.71125000000000005 0.69000000000000006 3.5000000000000004 31.500000000000004 0.6316750000000001 0.43760810476896467 0.45742753623188409 38.500000000000007 6.4500000000000011 0.54500000000000015 0.1252535496957404 0.18263888888888893 6.6500000000000012 47.500000000000007 6.7500000000000009 62.500000000000007 31.500000000000004 1.0000000180025095e-35 8.3500000000000032 0.36500000000000005 7.9500000000000011 37.000000000000007 0.41875000000000001 7.7500000000000009 7.3500000000000005 0.45620204603580566
decision_type=2 2 2 2 2 2 2 2 2 2 2 2 2 2 2 2 2 2 2 2 2 2 2 2 2 2 2 2 2 2
left_child=1 3 -3 4 5 6 -1 -6 11 -10 -11 -4 -13 20 18 -16 17 -17 -15 -18 21 22 23 -2 26 -26 -22 -28 -23 -27
right_child=13 2 8 -5 7 -7 -8 -9 9 10 -12 12 -14 14 15 16 19 -19 -20 -21 24 28 -24 -25 25 29 27 -29 -30 -31
leaf_value=0.028211175926389997 0.022040007213826502 -0.03280937604205228 -0.013141285898556633 -0.010542121625291776 0.070306337456129062 -0.057394239241715932 0.0010685909171218577 0.022132026221397455 0.029428106362841478 -0.057138499465881357 -0.0043056407947319204 -0.012728076933520127 0.041656813806772761 0.063040839713368921 -0.037143650572771102 0.005629405930562062 0.0012424734635781357 -0.026444804100887599 0.0068916083639584923 0.0074195367084176969 -0.011821782875041202 -0.0098732030341046363 0.029833974088170779 -0.038591555810097454 0.029146985044004189 -0.017035052939050433 0.0049091475990304927 0.030787410659094513 0.041753093470859343 -0.050686586700006468
leaf_weight=2.256800652015956 0.34714102535508917 1.9029898461158143 0.60942384344525669 2.4273533257655791 0.51687302906066168 0.29246807424351562 4.4149683510768227 5.5313041883055121 0.50172296422533724 0.55648557376116503 1.2075670225312931 0.38934182224329528 1.1856494509847835 0.34421276301145454 1.0191043749218796 1.5390677384566509 72.658006248122547 1.888234165147878 0.48081749014090747 19.32680602002074 3.1193127846054249 0.58976193307898916 0.36527545528952021 2.3696208108449355 0.57264875608961974 1.6818275981349873 5.9758399312268011 1.2836413621553218 0.42864303715759888 0.71704565588152025
leaf_count=76 31 225 25 50 8 15 301 124 13 21 42 58 38 3 63 60 2018 93 21 752 542 57 19 103 37 232 480 90 36 84
internal_value=0.00175048 0.00626472 -0.00759321 0.011967 0.0161659 0.00740911 0.0102499 0.026249 0.00318972 -0.0098118 -0.0209722 0.0166755 0.0282127 0.00089283 0.00184627 0.00160268 0.00201653 -0.0120415 0.0303178 0.00254033 -0.00442087 -0.0148336 -0.0236528 -0.0308442 -0.00122268 -0.0162555 0.00308132 0.00948501 0.0118561 -0.0270938
internal_weight=136.5 21.7929 6.35318 15.4398 13.0124 6.96424 6.67177 6.04818 4.45019 2.26578 1.76405 2.18442 1.57499 114.707 97.2562 96.4312 95.4121 3.4273 0.82503 91.9848 17.4508 4.10044 3.08204 2.71676 13.3503 2.97152 10.3788 7.25948 1.0184 2.39887
internal_count=5717 996 422 574 524 392 377 132 197 76 63 121 96 4721 3010 2986 2923 153 24 2770 1711 246 153 134 1465 353 1112 570 93 316
is_linear=0
shrinkage=0.05


Tree=171
num_leaves=31
num_cat=0
split_feature=1 5 0 2 0 5 0 6 1 2 6 1 5 0 5 0 2 2 5 5 3 5 2 0 5 5 2 0 0 5
split_gain=0.32467 0.531162 0.407486 0.628781 0.585892 0.786868 0.403593 0.59311 0.41434 0.338687 0.296576 0.317283 0.493852 0.371179 0.217139 0.233581 0.209131 0.496241 0.409331 0.604017 0.49461 0.670149 0.632781 0.38362 0.342977 0.554612 0.31249 0.463436 0.292661 0.258678
threshold=6.5500000000000007 0.43760810476896467 0.96250000000000013 3.5534682665703636 0.81667500000000015 0.28851224105461398 0.71125000000000005 60.500000000000007 6.4500000000000011 3.4162823587507689 38.500000000000007 6.4500000000000011 0.49305555555555564 0.6316750000000001 0.5128579777907657 0.69000000000000006 2.7607058823271244 2.8161569419805268 0.34384236453201977 0.3053613053613054 2.5000000000000004 0.36491677336747769 2.8005987924319804 0.78167500000000012 0.61285846438482905 0.49305555555555564 2.7162497024783385 0.96250000000000013 0.40625000000000006 0.53137254901960795
decision_type=2 2 2 2 2 2 2 2 2 2 2 2 2 2 2 2 2 2 2 2 2 2 2 2 2 2 2 2 2 2
left_child=1 2 3 6 5 -5 8 -8 -1 -4 14 -12 13 -13 -3 -16 24 18 19 -18 22 -22 -20 -21 25 26 28 -28 -2 -27
right_child=16 10 9 4 -6 -7 7 -9 -10 -11 11 12 -14 -15 15 -17 17 -19 20 23 21 -23 -24 -25 -26 29 27 -29 -30 -31
leaf_value=0.0044541105617966585 -0.031236244339051922 -0.038921548005926621 -0.017221095620293527 -0.054656516023679616 0.023721254192263185 0.0041355550779300608 0.03983634073386548 -0.013457335272475533 0.033511620252982148 0.025486273685493246 -0.012644279748946144 0.024012898739505923 0.051823994873914203 -0.042289333993804711 0.04418783629054094 -0.025190268780201582 0.01018785459986539 0.00036972603776011049 -0.049198826484186102 -0.016060098119607222 0.055374574909711552 0.013953263418774392 0.066386202697397673 -0.088794239837398481 0.046875698157498868 -0.043920997246177804 -0.023031931393398777 0.020938211733825172 0.0039846487455929619 -0.013101718012695364
leaf_weight=4.2815316574997322 0.61879369447707233 1.0080753331421863 1.9168530548922711 0.88676461065188039 1.3813354708254335 1.5888107329374177 3.8618109605740756 0.60367281350772817 1.7195273464312775 0.61258835624903429 1.8416365588927874 0.45883880893234164 0.6339244696428068 0.39094487717375159 0.19462740430026304 0.32209759973920882 1.6220809384249144 82.297673546010628 0.55083105171797697 0.47932700940873463 1.120796486386096 7.5836437487159856 0.15083507169038057 0.29155471920967102 0.32750459291855705 1.1113804525230073 2.9506380874663587 0.7519815582782029 12.587537636572959 1.7575946787255814
leaf_count=263 104 55 40 41 24 104 72 29 57 14 219 12 26 10 16 14 65 3336 41 23 22 254 5 6 17 55 196 19 456 122
internal_value=0.00182091 0.00742688 0.0116231 0.0148904 -0.00236714 -0.0169241 0.0212497 0.0326318 0.0127802 -0.00687809 -0.00715398 0.00121839 0.0184253 -0.00648959 -0.0254128 0.000941388 0.000755555 0.00174459 0.0113342 -0.00712961 0.0160314 0.0192867 -0.0243519 -0.0435688 -0.00387328 -0.00471364 -0.00126475 -0.0141018 0.00233434 -0.0250405
internal_weight=135.905 21.703 16.8529 14.3235 3.85691 2.47558 10.4665 4.46548 6.00106 2.52944 4.85015 3.32534 1.48371 0.849784 1.5248 0.516725 114.202 94.0967 11.7991 2.39296 9.40611 8.70444 0.701666 0.770882 20.1054 19.7779 16.909 3.70262 13.2063 2.86898
internal_count=5717 996 644 590 169 145 421 101 320 54 352 267 48 22 85 30 4721 3752 416 94 322 276 46 29 969 952 775 215 560 177
is_linear=0
shrinkage=0.05


Tree=172
num_leaves=25
num_cat=0
split_feature=2 1 5 3 1 0 2 2 5 5 5 5 0 5 2 2 0 5 5 5 1 0 5 1
split_gain=0.40267 0.291876 0.633542 0.625913 0.57909 0.417793 0.368221 0.254851 0.249655 0.280221 0.268427 0.230531 0.631107 0.487145 0.338763 0.226797 0.182419 0.180816 0.305893 0.170877 0.0865261 0.100891 0.0791948 0.05012
threshold=5.8091117636764453 6.5500000000000007 0.42052631578947369 2.5000000000000004 6.0500000000000007 0.96250000000000013 3.5745752524493564 5.7665570805572965 0.50423728813559332 0.59411764705882364 0.43760810476896467 0.1252535496957404 0.81667500000000015 0.18263888888888893 2.5116186471417885 3.3848182702787946 0.81667500000000015 0.43760810476896467 0.46998799519807927 0.48499103942652338 6.1500000000000012 0.59375000000000011 0.26696832579185525 7.3500000000000005
decision_type=2 2 2 2 2 2 2 2 2 2 2 2 2 2 2 2 2 2 2 2 2 2 2 2
left_child=1 2 3 20 17 6 -5 11 10 -10 -6 12 23 16 -15 -7 -13 -4 -19 -2 21 -1 -22 -3
right_child=19 7 4 5 8 15 -8 -9 9 -11 -12 13 -14 14 -16 -17 -18 18 -20 -21 22 -23 -24 -25
leaf_value=0.0039028368852507115 -0.011753820640581253 -0.046812784459909336 -0.07412296946776982 0.017934844844285102 0.021024712125808198 -0.029285292005846664 -0.0016505359949232784 0.03351234595831102 0.031634274242841529 -0.029438774333713141 -0.014394343625267906 -0.016972404719077905 0.054682620340877112 -0.031775873436071578 0.0011182638639884365 0.0038806342343631404 -0.057676782438354404 0.016178343558302315 -0.044019160589830721 -0.05807739433290357 0.034123819494560469 0.049743316020205319 0.069135171363997008 -0.0092218061694914286
leaf_weight=0.20678789308294898 0.42069541523232956 0.18289153277873893 0.255461729131638 9.3722629497060534 0.69717131322249803 0.94963529752567355 3.2258585553499861 0.59662923775613208 1.0233261117537038 0.23004162800498296 2.2985502097872086 0.81089033879106753 0.63372992957010865 0.78834629256743838 109.43091961735627 1.1274083014577625 0.4166950291255489 0.29277215735055484 0.75588679734210018 0.3779012393206358 0.24073633388616145 0.28609857650008053 0.49083004228305072 0.17212090326938778
leaf_count=13 17 14 17 359 29 26 141 15 72 19 109 89 9 45 4494 19 17 42 108 6 5 10 19 23
internal_value=0.00172489 0.0019351 0.00728187 0.0123599 -0.0072572 0.0094943 0.0129198 0.000920316 0.00168783 0.020425 -0.00615154 0.00074737 0.0247841 0.000534119 0.000882988 -0.011283 -0.0307892 -0.0364019 -0.0272128 -0.0336744 0.0467041 0.0305112 0.057614 -0.0285875
internal_weight=135.284 134.485 21.4528 15.8996 5.55321 14.6752 12.5981 113.032 4.24909 1.25337 2.99572 112.436 0.988742 111.447 110.219 2.07704 1.22759 1.30412 1.04866 0.798597 1.22445 0.492886 0.731566 0.355012
internal_count=5717 5694 988 592 396 545 500 4706 229 91 138 4691 46 4645 4539 45 106 167 150 23 47 23 24 37
is_linear=0
shrinkage=0.05


Tree=173
num_leaves=31
num_cat=0
split_feature=1 2 0 3 1 0 6 0 6 2 6 0 6 2 6 0 2 2 3 6 6 0 6 6 2 2 6 0 6 2
split_gain=0.192839 0.302047 0.409388 0.443908 0.348 0.522315 0.406351 0.390053 0.472237 0.321165 0.319657 0.551 0.482673 0.311468 0.455599 0.309325 0.202261 0.501248 0.516667 0.334674 0.900613 0.279953 0.680935 0.393762 0.861477 0.648648 0.363887 0.300131 0.261229 0.704752
threshold=6.5500000000000007 3.5534682665703636 0.78167500000000012 4.5000000000000009 6.4500000000000011 0.78167500000000012 26.500000000000004 0.67250000000000021 57.500000000000007 3.6094017520887385 44.500000000000007 0.60832500000000012 37.000000000000007 2.7440927505788149 43.500000000000007 0.71125000000000005 2.7607058823271244 2.7717758900264529 3.5000000000000004 39.500000000000007 59.500000000000007 0.96250000000000013 47.500000000000007 53.500000000000007 2.591775185283987 2.6064219431943121 42.500000000000007 0.54500000000000015 71.500000000000014 3.1990806349003873
decision_type=2 2 2 2 2 2 2 2 2 2 2 2 2 2 2 2 2 2 2 2 2 2 2 2 2 2 2 2 2 2
left_child=1 4 3 9 6 7 -1 8 -6 -3 12 -12 -5 14 -8 -15 21 18 -18 -20 -21 22 26 24 -24 -25 27 -2 -19 -30
right_child=16 2 -4 10 5 -7 13 -9 -10 -11 11 -13 -14 15 -16 -17 17 28 19 20 -22 -23 23 25 -26 -27 -28 -29 29 -31
leaf_value=0.027846022447754387 -0.018388222124114031 -0.022752118479780377 0.012822310881103333 -0.047667713026406475 0.0051369628241157185 -0.0062275035829471651 -0.04283023349386704 0.062894492713931813 0.048151531808254142 0.038171925765871424 -0.0061159640520629215 -0.063565506429841642 0.036712794415835859 -0.0052079656685396387 0.0045358499095953415 0.01503154372027192 -0.020977702747207241 0.00068297257967817548 0.064185262653712521 -0.018109603050392005 0.066229907404963401 0.011574928136526046 -0.086640184142750432 0.010919232638716624 -0.015461182990051853 -0.024656754100858172 0.02602610235042498 0.0038905004851136149 -0.010921520702231402 0.031015313705075084
leaf_weight=1.6313116151141027 1.9749913542764312 0.35333104524761383 2.1648024572059512 0.28812875336734611 1.6102955387905238 1.2848059560637919 0.90928348788292934 0.75477032549679268 1.056835565541405 0.55783676088321954 0.74703328520990886 0.94576779729686677 0.41154693526914343 3.552949009812437 1.1494400680094257 4.0280003929510713 0.50398832932114523 86.944257545779692 0.67808771133422863 0.68778339773416497 0.58640650752931833 2.6084055928513399 0.5969022952485824 2.1518836976611055 1.4768169638700781 3.1667954190197634 1.4200890780484758 6.4445889788912609 1.7158721958840022 2.4073186737368815
leaf_count=51 118 11 46 31 51 29 49 11 35 33 80 49 22 266 115 117 22 3466 11 15 12 58 17 93 104 320 78 181 129 97
internal_value=0.00171706 0.00606486 -0.00407794 -0.0151523 0.00953629 0.0209552 0.0047678 0.0311614 0.0221812 0.0145469 -0.0264631 -0.038213 0.00196462 0.0008623 -0.0163845 0.00554593 0.000894549 0.0018673 0.0241557 0.0358071 0.020705 -0.00369081 -0.00600158 -0.0174686 -0.0359494 -0.0102631 0.00261345 -0.00133545 0.00126614 0.0135632
internal_weight=134.81 21.4461 5.46845 3.30364 15.9777 4.70671 11.271 3.4219 2.66713 0.911168 2.39248 1.6928 0.699676 9.63967 2.05872 7.58095 113.364 93.5237 2.45627 1.95228 1.27419 19.8405 17.2321 7.3924 2.07372 5.31868 9.83967 8.41958 91.0674 4.12319
internal_count=5717 996 272 226 724 126 598 97 86 44 182 129 53 547 164 383 4721 3752 60 38 27 969 911 534 121 413 377 299 3692 226
is_linear=0
shrinkage=0.05


Tree=174
num_leaves=31
num_cat=0
split_feature=1 1 5 2 2 6 0 0 5 5 6 0 2 0 0 6 0 5 5 0 1 2 5 5 0 2 0 0 2 5
split_gain=0.242117 0.277686 0.405671 0.378837 0.413352 0.576083 0.362673 0.431239 0.273398 0.504272 0.449383 0.344898 0.29218 0.275566 0.265126 0.262712 0.188273 0.298701 0.595845 0.481741 0.247507 0.242047 0.223144 0.357279 0.34217 0.294613 0.564299 0.190093 0.18688 0.185723
threshold=6.5500000000000007 6.4500000000000011 0.43167701863354041 2.7806802694834509 3.2356345651664475 58.500000000000007 0.55832500000000007 0.6316750000000001 0.21807065217391305 0.18898809523809526 42.500000000000007 0.96250000000000013 3.1115059724878997 0.84500000000000008 0.47250000000000003 49.500000000000007 0.46625000000000005 0.45521390374331555 0.42640692640692646 0.35917500000000008 8.3500000000000032 5.4359270417206025 0.1252535496957404 0.18263888888888893 0.81667500000000015 2.5116186471417885 0.84500000000000008 0.81667500000000015 2.6064219431943121 0.59411764705882364
decision_type=2 2 2 2 2 2 2 2 2 2 2 2 2 2 2 2 2 2 2 2 2 2 2 2 2 2 2 2 2 2
left_child=1 2 8 -3 5 -5 15 -8 9 14 11 -10 -11 -12 -1 -6 17 18 20 -20 -2 -19 24 27 -18 26 -25 -24 -27 -4
right_child=16 3 29 4 6 -7 7 -9 10 12 13 -13 -14 -15 -16 -17 22 21 19 -21 -22 -23 23 25 -26 28 -28 -29 -30 -31
leaf_value=0.037015458632897257 -0.011662239626446963 0.036370483075063978 -0.0097536410472833547 -0.059580471226437982 0.020534243248661474 0.030408007875006318 0.038911374451114991 0.0022613536379869296 0.032293787659567127 -0.011823637065929213 -0.0052335259997375976 -0.015892149770861352 -0.066578907329369011 0.018189231738533509 -0.0025830138967577946 -0.050866003073447734 -0.018489946070896116 -0.020105883857421812 0.10412469612575888 0.013687422076013925 0.029195568874481916 -0.09804330639778859 -0.011089010405566464 -0.059895463126560328 0.048982843125392153 0.010579260383557089 0.039017916264168555 -0.054384929529416842 0.0012461569283189139 -0.056748582278036419
leaf_weight=0.58287086011842237 3.8675669651711351 1.6310301347402845 2.7869121817711853 0.46941030444577325 0.21197855856735293 0.28633480332791805 1.680546914925799 1.5363908475264905 2.9192040096968399 0.58165906928479649 3.5969421085901558 0.42548171989619721 0.41923729935660958 1.9292111862450836 1.5382690918631849 0.3284443459706381 0.27925114973913778 1.6731657079362774 0.21724103909218673 0.45705121208447963 0.40994949091691513 0.10592699394328509 0.67477248143404611 0.49170039652380992 0.57438351307064295 5.6740971363615236 0.20402047038078308 0.40609435935039073 97.988369979793788 0.22738723788643245
leaf_count=11 632 53 281 15 11 9 29 30 111 14 277 11 13 44 36 25 23 268 40 64 58 3 65 30 9 140 5 17 3367 26
internal_value=0.00185459 0.00676439 0.00309867 0.015718 0.0082542 -0.0254859 0.0150406 0.0214075 0.00722001 -0.00550533 0.0116986 0.026164 -0.0347585 0.00294349 0.0082983 -0.0228596 0.000935773 -0.00717373 -0.000860246 0.0428242 -0.0077465 -0.0247463 0.0014493 0.00124317 0.0269103 0.00153938 -0.0308891 -0.0273558 0.00175702 -0.0132988
internal_weight=134.175 21.1513 15.0072 6.14414 4.51311 0.755745 3.75736 3.21694 11.9929 3.12204 8.87084 3.34469 1.0009 5.52615 2.12114 0.540423 113.024 6.7309 4.95181 0.674292 4.27752 1.77909 106.293 105.439 0.853635 104.358 0.695721 1.08087 103.662 3.0143
internal_count=5717 996 824 172 119 24 95 59 517 74 443 122 27 321 47 36 4721 1065 794 104 690 271 3656 3624 32 3542 35 82 3507 307
is_linear=0
shrinkage=0.05


Tree=175
num_leaves=31
num_cat=0
split_feature=6 0 0 0 1 1 0 3 1 1 1 3 5 3 6 1 1 6 3 5 1 0 0 0 5 3 5 1 5 1
split_gain=0.257533 0.438649 0.314864 0.281973 0.462598 0.341119 0.545802 0.296711 0.223155 0.287889 0.282285 0.326411 0.348842 0.34731 0.200803 0.38965 0.345279 0.479974 0.397161 0.336061 0.232917 0.421499 0.351791 0.195347 0.184411 0.308719 0.321545 0.814823 0.447858 0.203467
threshold=70.500000000000014 0.63542500000000002 0.6775000000000001 0.73667500000000008 7.8500000000000005 8.1500000000000004 0.88750000000000007 3.5000000000000004 8.0500000000000025 8.1500000000000004 7.9500000000000011 3.5000000000000004 0.57855191256830618 2.5000000000000004 56.000000000000007 8.4500000000000011 8.3500000000000032 68.500000000000014 3.5000000000000004 0.43760810476896467 7.7500000000000009 0.88750000000000007 0.61832500000000012 0.59375000000000011 0.34514106583072107 2.5000000000000004 0.36914510317720278 7.0500000000000007 0.39852941176470597 5.7500000000000009
decision_type=2 2 2 2 2 2 2 2 2 2 2 2 2 2 2 2 2 2 2 2 2 2 2 2 2 2 2 2 2 2
left_child=14 8 -3 4 7 6 -5 -4 10 -10 11 13 -13 -2 24 16 20 18 -18 -17 22 -22 -16 -21 -1 26 27 -26 -28 -27
right_child=1 2 3 5 -6 -7 -8 -9 9 -11 -12 12 -14 -15 15 19 17 -19 -20 23 21 -23 -24 -25 25 29 28 -29 -30 -31
leaf_value=0.0033970891993914971 -0.044972976320799232 0.042998232454447033 -0.088215153133147137 0.041144876863028694 0.024462903372049576 -0.019924044593953971 -0.0035149952733568423 -0.014752915786981201 -0.086892394206481247 -0.013654727618193505 0.040488773066249872 -0.00085846899839129079 -0.042514236780259389 0.03645995508271456 0.0008178276911317622 0.054005503908640201 -0.0466116535908239 -0.081923788262629957 0.010085420952232988 -0.054742633566579747 -0.0036372923924124462 0.022790445227672089 -0.012283141576237756 0.023980511108630278 0.025162703824818906 -0.023223117326467854 0.011688701557121556 -0.055981281105133646 -0.018094623475092664 -0.00016091597655342471
leaf_weight=24.238401965732919 0.15973117081739374 0.92078596376813937 0.21174673270434119 1.8405254526296637 0.5011735453736037 0.50570980738848437 1.0888725668191908 0.3917352819989901 0.16386732827231743 0.74072742516000289 0.39942002354655404 1.6115782001579648 0.73037349530204654 0.72630479064537212 8.2347481749457163 0.51184497738722612 0.54322472686180734 0.33238503616303194 0.71598378079943359 0.1431757794925943 6.6062830456066859 1.9552987813949583 13.564955636509692 0.17527104465989396 0.43696172186173399 0.97254451166372646 2.1243272855936084 1.0595993167953563 3.1102354693284724 57.563340615539346
leaf_count=892 35 27 10 52 12 10 42 34 8 42 14 163 80 55 721 31 37 8 17 15 333 38 518 7 12 71 80 39 245 2096
internal_value=-0.00092268 0.00679509 0.0163388 0.0109316 -0.0110427 0.017998 0.0245446 -0.040529 -0.004704 -0.0269217 0.000836608 -0.00406981 -0.0138495 0.0217795 -0.00155332 -0.00490113 -0.00577983 -0.0284808 -0.0143738 0.0289148 -0.00458981 0.00239829 -0.0073343 -0.0114139 -0.000327118 -0.00171019 -0.011851 -0.0322891 -0.00600774 -0.000544083
internal_weight=132.281 9.99255 5.46055 4.53976 1.10466 3.43511 2.9294 0.603482 4.532 0.904595 3.62741 3.22799 2.34195 0.886036 122.289 32.7832 31.9529 1.59159 1.25921 0.830292 30.3613 8.56158 21.7997 0.318447 89.5054 65.267 6.73112 1.49656 5.23456 58.5359
internal_count=5744 584 187 160 56 104 94 44 397 50 347 333 243 90 5160 1725 1672 62 54 53 1610 371 1239 22 3435 2543 376 51 325 2167
is_linear=0
shrinkage=0.05


Tree=176
num_leaves=31
num_cat=0
split_feature=6 2 0 0 2 2 0 0 5 2 5 0 2 6 5 5 5 0 2 2 6 2 2 2 5 5 2 3 6 2
split_gain=0.27761 0.411415 0.350177 0.295918 0.312641 0.664663 0.345921 0.28534 0.402042 0.250628 0.545272 0.87595 0.605717 0.84825 0.686944 0.645303 0.523982 0.486818 0.424251 0.402451 0.955842 0.375866 0.298315 0.241042 0.209674 0.496259 0.787778 0.521965 0.237433 0.494595
threshold=70.500000000000014 2.5501084575884092 0.81667500000000015 0.76500000000000012 3.9372024996980168 4.0537383911602278 0.62750000000000006 0.86250000000000016 0.48499103942652338 3.2294790785070626 0.5128579777907657 0.64500000000000013 3.5635952952329242 53.500000000000007 0.21807065217391305 0.27864874953340807 0.3053613053613054 0.88750000000000007 4.7168406480655465 3.220832220387837 48.500000000000007 3.4330019075695355 3.4000282246878273 3.2410776280782216 0.35504201680672276 0.36038961038961043 2.6723193428129473 3.5000000000000004 60.500000000000007 2.8451419081642224
decision_type=2 2 2 2 2 2 2 2 2 2 2 2 2 2 2 2 2 2 2 2 2 2 2 2 2 2 2 2 2 2
left_child=9 -2 3 4 6 -6 -3 -4 -9 19 12 21 16 14 -14 -15 23 -18 -13 24 -21 22 -12 -11 28 26 -26 -27 -1 -30
right_child=1 2 7 -5 5 -7 -8 8 -10 10 11 18 13 15 -16 -17 17 -19 -20 20 -22 -23 -24 -25 25 27 -28 -29 29 -31
leaf_value=0.0059188192229615855 -0.082398188116060145 -0.0022955399491095293 0.046643746909292551 -0.042829890028828511 -0.068731052205945095 0.010819230439032955 0.022117592692945998 0.029695885821749857 -0.028161635687160333 0.026375086914262581 -0.0034152509951442794 0.039286638367487858 -0.044237466610644149 0.030079706956809893 0.0099688071533788319 -0.017299200198730408 -0.02205869450012515 -0.00076066823308366385 -0.013359782093333925 -0.033855849437852747 0.069491670587315396 -0.02163396898235459 0.058761090459591908 -0.0033761445541857895 -0.087922796632235123 -0.0089948061105370597 0.00073734555883124466 0.0021776180605396489 0.0052143390686679586 -0.03161993488657374
leaf_weight=19.928228951408531 0.12632998020853747 2.8976191935798834 0.93801670090761069 0.3353993227938189 0.41920013462367911 0.70279174501774833 2.9064293998817448 0.92086306866258361 0.4455225495621562 0.81101660022977995 0.55222356301965136 2.2788604293018584 0.61308877123520034 0.79297535540535857 12.521017802442655 7.6702703408082016 11.727981005562468 3.478930886834859 0.45989738032221783 0.34981872304342587 0.6207200747448951 1.9255314149486364 0.29649155400693417 4.2403132548788562 0.43087261822074541 15.159561220309113 0.59865250869188458 33.679886380457901 2.6706342221441437 1.3834500638185998
leaf_count=761 13 306 26 11 14 41 125 30 18 19 41 61 38 37 417 272 476 72 17 13 14 122 6 162 11 761 25 1566 141 128
internal_value=-0.000902192 0.00724302 0.00842685 0.0030377 0.00525888 -0.0189025 0.00992956 0.0254087 0.0108309 -0.00154827 -0.00439427 0.0103871 -0.0063412 -0.000515756 0.00743851 -0.01286 -0.0125517 -0.0171863 0.0304462 0.000253489 0.0322413 -0.00941542 0.0183055 0.00140057 -0.000166888 -0.00201443 -0.0363683 -0.00129026 0.0036749 -0.0073553
internal_weight=131.883 9.69217 9.56584 7.26144 6.92604 1.12199 5.80405 2.3044 1.36639 122.19 47.3686 5.513 41.8556 21.5974 13.1341 8.46325 20.2582 15.2069 2.73876 74.8218 0.970539 2.77425 0.848715 5.05133 73.8513 49.869 1.02953 48.8394 23.9823 4.05408
internal_count=5744 584 571 497 486 55 431 74 48 5160 1740 247 1493 764 455 309 729 548 78 3420 27 169 47 181 3393 2363 36 2327 1030 269
is_linear=0
shrinkage=0.05


Tree=177
num_leaves=31
num_cat=0
split_feature=6 0 1 2 2 2 2 0 2 1 2 6 1 6 6 6 6 1 3 2 1 2 3 0 6 1 2 6 1 2
split_gain=0.31729 0.313575 0.362678 0.348157 0.627914 0.60133 0.498176 0.383112 0.602893 0.369554 0.282181 0.534795 0.768669 0.654062 0.61592 0.500659 0.414816 0.44671 0.431474 0.368957 0.345744 0.289962 0.27034 0.263652 0.27034 0.174158 0.169695 0.437119 0.713837 0.567749
threshold=70.500000000000014 0.81667500000000015 6.7500000000000009 3.3235600470473003 3.4694401823203798 3.1252885749399155 3.1697059213412886 0.74500000000000011 3.4762696173592693 7.8500000000000005 2.7626959825806785 54.500000000000007 7.0500000000000007 64.000000000000014 56.000000000000007 53.500000000000007 49.500000000000007 6.7500000000000009 4.5000000000000009 2.5501084575884092 6.4500000000000011 2.6064219431943121 4.5000000000000009 0.9125000000000002 71.500000000000014 7.0500000000000007 2.9301785357821504 28.500000000000004 8.0500000000000025 2.8103057858889695
decision_type=2 2 2 2 2 2 2 2 2 2 2 2 2 2 2 2 2 2 2 2 2 2 2 2 2 2 2 2 2 2
left_child=10 3 -3 5 -5 9 -7 8 -6 25 11 15 13 20 -14 16 18 -18 -1 -16 -13 -15 -11 -4 -25 -2 27 28 29 -12
right_child=1 2 23 4 7 6 -8 -9 -10 22 26 12 14 21 19 -17 17 -19 -20 -21 -22 -23 -24 24 -26 -27 -28 -29 -30 -31
leaf_value=0.0031466889823621781 0.0071018644898750913 -0.030589469612099397 0.045681736867212004 0.051024764686963792 -0.10453714089589293 -0.12139970527214178 -0.024153345392490796 0.051229009365903556 0.0011673134458333983 0.0037786535989058432 0.013911595993461704 -0.0053797188978249181 -0.076617217369763402 -0.040533708839997643 0.019119603994109061 0.051858599082579629 -0.053467304789505621 -0.0003665127894469691 0.021654028725730294 -0.022115929762870662 0.052379698709474468 0.0091632702653638553 0.050156802549447911 0.032442134342432816 -0.027438853562196188 -0.023402033797597189 -0.001712534395333129 -0.0033935375853569624 -0.058548756987250719 -0.030145719464565224
leaf_weight=9.3385487306222874 0.74294026098505073 0.26898115815129164 1.2297323939856144 0.8744784158188853 0.14444489777088243 0.18131436017574731 0.48125491826795042 0.34007613139692683 2.0401720163354184 0.80122895867680177 1.3797564703272689 0.35125413071364098 0.45377488806843747 0.54621973849134497 0.65607823117170516 0.62875744196935457 0.54755415621912007 1.4315357565646989 4.7516420219326383 3.1325762561900774 0.98742493882309645 0.63440012476348784 0.51693442557007074 0.47372921044006933 0.31302714720368385 1.2640586568741126 77.305513179395348 17.922825400804868 0.98926773539278645 1.555757440626621
leaf_count=389 102 13 38 23 2 6 37 8 123 45 36 29 21 27 30 35 36 71 167 195 60 52 14 15 9 149 3081 859 19 53
internal_value=-0.000957662 0.00776088 0.0239461 0.00275327 0.0145104 -0.00726863 -0.0507651 0.00186297 -0.00582177 0.00139845 -0.00164543 0.00328582 -0.00857748 0.013299 -0.0215685 0.00808977 0.00637719 -0.0150579 0.00938793 -0.0149752 0.0372243 -0.0138293 0.0219664 0.0312206 0.00861726 -0.0121103 -0.00281217 -0.00670311 -0.0218166 -0.00943781
internal_weight=132.285 9.67237 2.28547 7.3869 3.39917 3.98773 0.662569 2.52469 2.18462 3.32516 122.613 23.4598 6.76173 2.5193 4.24243 16.698 16.0693 1.97909 14.0902 3.78865 1.33868 1.18062 1.31816 2.01649 0.786756 2.007 99.1531 21.8476 3.92478 2.93551
internal_count=5744 584 75 509 156 353 43 133 125 310 5160 1112 414 168 246 698 663 107 556 225 89 79 59 62 24 251 4048 967 108 89
is_linear=0
shrinkage=0.05


Tree=178
num_leaves=31
num_cat=0
split_feature=6 0 0 6 2 2 2 5 1 2 2 2 5 0 6 0 1 0 1 5 5 6 5 2 2 1 1 1 5 2
split_gain=0.333353 0.412437 0.295991 0.252 0.347211 0.632078 0.395965 0.897349 0.365365 0.284724 0.388762 0.670015 0.634345 0.453245 0.380202 0.360347 0.325626 0.29175 0.411709 0.404507 0.688956 0.500864 0.197458 0.194343 0.238055 0.332351 0.190455 0.226796 0.35767 0.168277
threshold=70.500000000000014 0.63542500000000002 0.6775000000000001 56.000000000000007 5.8091117636764453 5.5440414091679253 4.1540054553390906 0.29337431693989074 5.1500000000000012 2.7717758900264529 3.5635952952329242 4.5516818502987642 0.37729468599033822 0.69000000000000006 43.500000000000007 0.81667500000000015 7.6500000000000012 0.47250000000000003 6.5500000000000007 0.38548951048951058 0.35504201680672276 47.500000000000007 0.40462577962577967 2.7402904316616046 2.8219142431241191 8.0500000000000025 6.6500000000000012 8.2500000000000018 0.48499103942652338 2.6609929469832676
decision_type=2 2 2 2 2 2 2 2 2 2 2 2 2 2 2 2 2 2 2 2 2 2 2 2 2 2 2 2 2 2
left_child=3 22 -3 9 5 6 8 -8 -5 17 12 14 16 -14 -12 -13 -11 18 29 20 -19 -21 -2 -24 -25 -26 -4 28 -28 -1
right_child=1 2 26 4 -6 -7 7 -9 -10 10 11 15 13 -15 -16 -17 -18 19 -20 21 -22 -23 23 24 25 -27 27 -29 -30 -31
leaf_value=-0.019795683056452341 -0.031030645023971196 0.043935587423039407 -0.021463986870004236 -0.054168467199255034 -0.057526372402409133 0.049417890098376896 0.035297252483739876 -0.045408219900118472 -0.0037155852944677492 0.0067357507953116156 0.0012265187639701441 -0.022128597970514908 -0.0029859798279444306 -0.015088547606238081 0.019110822283092511 0.004663760317519864 -0.0060578914495489373 0.010120307918974208 -0.031157932652770511 0.021163775019987521 -0.019528629796478052 -0.0091495790726130836 -0.02937633069038555 0.044685601375885772 0.0098560985387306978 -0.029558718871234263 0.034759298267960523 -0.017124616159577697 0.0022881279513355529 0.058581644880762264
leaf_weight=0.10037806024775164 0.55801498325308596 0.88730791443958867 0.38254259238601651 0.36323350289604306 0.31601388775743444 0.52762118214741249 0.44347952492535014 1.5420435820706186 29.635761741359602 15.383450016030112 5.2803578223683889 2.8504615321580777 17.380494263808945 13.941238215484189 6.7970521982060745 2.2421521861106157 7.3498667497187844 5.4535023570060748 1.0886770653305573 6.6490140231908281 3.0580708155175671 1.713934620900545 0.46646768116625059 0.34063672507181797 2.2656165735825202 0.70010259049013246 1.8631548131816096 0.46823905128985632 1.5565740740858016 0.21552599442657083
leaf_count=23 72 27 29 22 9 14 12 62 1606 533 219 131 851 399 215 50 271 166 152 241 88 79 65 40 189 31 57 11 63 17
internal_value=-0.000921876 0.00810627 0.0176584 -0.00162214 -0.00536926 -0.0048623 -0.00575772 -0.0273821 -0.00432648 -0.000247777 -0.00167641 0.00487791 -0.00375833 -0.00837281 0.0112916 -0.0103326 0.00259946 0.00531894 -0.0165758 0.0071414 -0.000532077 0.0149512 -0.00326983 0.000836099 0.00509853 0.000551638 0.0121986 0.0155107 0.0199792 0.0336774
internal_weight=131.821 9.48866 5.15782 122.332 32.8282 32.5121 31.9845 1.98552 29.999 89.5042 71.2251 17.17 54.055 31.3217 12.0774 5.09261 22.7333 18.2791 1.40458 16.8745 8.51157 8.36295 4.33084 3.77282 3.30636 2.96572 4.27051 3.88797 3.41973 0.315904
internal_count=5744 584 187 5160 1725 1716 1702 74 1628 3435 2669 615 2054 1250 434 181 804 766 192 574 254 320 397 325 260 220 160 131 120 40
is_linear=0
shrinkage=0.05


Tree=179
num_leaves=31
num_cat=0
split_feature=6 0 3 3 5 1 5 5 5 1 0 0 1 5 6 1 1 4 0 4 6 1 1 0 0 5 5 0 5 3
split_gain=0.333158 0.384158 0.457597 0.316246 0.365596 0.579812 0.326936 0.285675 0.260456 0.361455 0.287809 0.42888 0.506714 0.247179 0.245143 0.207913 0.49157 0.442108 0.640637 0.358728 0.747618 0.529562 0.284978 0.31176 0.441247 0.37883 0.22313 0.195231 0.179167 0.288994
threshold=70.500000000000014 0.63542500000000002 2.5000000000000004 3.5000000000000004 0.57855191256830618 7.9500000000000011 0.48499103942652338 0.39415279556124633 0.40761518262115071 8.2500000000000018 0.81667500000000015 0.86250000000000016 8.0500000000000025 0.57855191256830618 56.000000000000007 6.6500000000000012 7.2500000000000009 1.0000000180025095e-35 0.84500000000000008 1.0000000180025095e-35 58.500000000000007 7.1500000000000012 5.1500000000000012 0.84500000000000008 0.81667500000000015 0.34698996655518399 0.41144200626959254 0.96250000000000013 0.34514106583072107 2.5000000000000004
decision_type=2 2 2 2 2 2 2 2 2 2 2 2 2 2 2 2 2 2 2 2 2 2 2 2 2 2 2 2 2 2
left_child=14 2 -2 6 7 -6 -4 -5 9 -3 13 -12 -13 -10 28 22 19 26 -19 20 -17 -21 27 24 -24 -25 -18 -16 -1 -30
right_child=1 8 3 4 5 -7 -8 -9 10 -11 11 12 -14 -15 15 16 17 18 -20 21 -22 -23 23 25 -26 -27 -28 -29 29 -31
leaf_value=0.0035008301848737187 -0.066146613111741956 0.042957001699174137 -0.0064977469646629107 -0.05202300424725248 -0.059684345740220107 0.022570693175257769 0.055529221462881674 0.011146758112929834 -0.023386993318636529 -0.015616091412326762 0.049188702241849833 -0.029453200768828632 0.055138239710517102 0.015146060739219674 -0.010718075863655323 -0.0799643356388645 -0.0040020675285571137 -0.0026160835493549773 -0.041185689432513363 -0.00068504999045320683 -0.018786406642440561 -0.041137470004082001 0.0029559548370991823 -0.0017982485917697405 -0.07202999420385113 0.0504404907003198 0.0093870532058470142 -0.076843522693200383 -0.011433713856541849 -0.00041744287305838044
leaf_weight=24.186697063327301 0.26778831971750872 1.4985438047442583 0.37995565653545815 0.19698385207448232 0.63158020999981079 0.32422100543044508 0.481866650050506 1.9577589015243573 0.89553437219001375 0.31955518200993527 0.83206600358244009 0.54486188781447709 0.26223391015082598 0.77752071377472021 0.32218886492773791 0.59505345113575669 6.1749887063779187 3.3774018222757141 1.5804066392593084 4.2850458141765557 3.1059154248214327 0.99733819602988649 4.2616336622741073 0.63940646871924378 0.20565054938197125 0.75905090011656284 6.2724514225556049 0.17079429887235165 6.6280329908331614 58.483206166216405
leaf_count=892 51 44 36 26 80 14 30 160 41 7 23 31 6 35 24 22 344 202 44 223 186 51 282 13 6 23 301 4 376 2167
internal_value=-0.000833277 0.00825227 -0.00288363 0.0013811 -0.00604479 -0.0317823 0.0281831 0.00537186 0.017456 0.032662 0.00910929 0.0239997 -0.00196855 -0.00547949 -0.00153085 -0.00523128 -0.00718697 -0.00228429 -0.014911 -0.0166859 -0.0286228 -0.00832265 0.00288479 0.00595343 -0.000496009 0.0265558 0.00274491 -0.0336273 -0.000173833 -0.00153885
internal_weight=131.416 9.37047 4.24015 3.97237 3.11054 0.955801 0.861822 2.15474 5.13032 1.8181 3.31222 1.63916 0.807096 1.67306 122.045 32.7473 26.3886 17.4052 4.95781 8.98335 3.70097 5.28238 6.35872 5.86574 4.46728 1.39846 12.4474 0.492983 89.2979 65.1112
internal_count=5744 584 397 346 280 94 66 186 187 51 136 60 37 76 5160 1725 1373 891 246 482 208 274 352 324 288 36 645 28 3435 2543
is_linear=0
shrinkage=0.05


Tree=180
num_leaves=31
num_cat=0
split_feature=0 6 1 1 6 5 1 5 1 6 1 5 3 1 5 5 1 1 0 5 1 5 0 3 5 6 5 6 6 0
split_gain=0.213609 0.508403 0.457194 0.488792 0.394852 0.320117 0.29588 0.580374 0.31055 0.245018 0.368199 0.139783 0.370872 0.3314 0.501216 0.321561 0.292423 0.258953 0.246413 0.208267 0.483677 0.370018 0.284229 0.235735 0.585777 0.932016 0.645385 0.368666 0.320353 0.189548
threshold=0.88750000000000007 26.500000000000004 6.0500000000000007 8.1500000000000004 51.500000000000007 0.49305555555555564 6.5500000000000007 0.39545896066051484 7.1500000000000012 48.500000000000007 8.3500000000000032 0.58411949685534603 4.5000000000000009 6.8500000000000005 0.59411764705882364 0.59411764705882364 6.9500000000000011 6.8500000000000005 0.6316750000000001 0.5128579777907657 8.2500000000000018 0.56330128205128216 0.67250000000000021 3.5000000000000004 0.37729468599033822 70.500000000000014 0.36491677336747769 17.500000000000004 73.500000000000014 0.74500000000000011
decision_type=2 2 2 2 2 2 2 2 2 2 2 2 2 2 2 2 2 2 2 2 2 2 2 2 2 2 2 2 2 2
left_child=11 5 4 6 -3 -2 7 -4 -8 -5 -11 19 13 18 -15 -14 17 -17 -13 23 29 -22 -23 24 26 -26 -1 -25 -29 -21
right_child=1 2 3 9 -6 -7 8 -9 -10 10 -12 12 15 14 -16 16 -18 -19 -20 20 21 22 -24 27 25 -27 -28 28 -30 -31
leaf_value=0.0052050954212482167 -0.032522792120507703 0.010974061602867465 -0.041321707531807583 0.042736979028556242 0.053437458911901208 0.014749693320011172 0.012666652201281693 0.019868718615084383 -0.0021525151482849245 0.033952863946338806 -0.01372787418953097 0.03936711130822948 0.049618055021657941 -0.085435904460643072 -0.020069655963481432 -0.0071081506788313042 0.017998075283989206 -0.082869636756781329 -0.029881475893103526 0.0037677921306386824 -0.071768425574778374 -0.053037961844905737 0.02789002810367059 -0.061216154964108316 -0.0019822155582029741 -0.059292557445096539 0.037681263026485314 -0.0037914496214202838 0.028582616485378989 0.018428466919839539
leaf_weight=10.757235164957821 1.4655916877090955 1.4926661616191297 1.0878377375193 1.0127798123285168 0.86452434444800008 0.47392896376550186 5.1236615686211762 0.60192549182102073 11.403803107095881 0.85605445131659486 0.76824959157966077 0.3025457647745492 0.35480893234489519 0.38593452650820825 1.221310445689596 0.32220677682198562 0.61401576409116387 0.17353362031280994 0.22326380666345358 8.476255942121492 0.34399758494692001 0.17607624712400138 0.28267482481896877 0.27689455542713304 13.498815547791306 0.74875983578385863 1.7833982610027295 62.634514335833956 0.77357949037104745 2.9797574259573603
leaf_count=486 33 26 27 22 17 19 121 22 267 19 23 22 33 25 85 30 57 5 10 535 22 21 7 8 633 67 74 2862 40 97
internal_value=-0.000522985 0.0036208 0.00567571 0.00331649 0.026548 -0.0209716 0.000404066 -0.0195245 0.00244156 0.0234358 0.0114012 -0.00150315 -0.0111907 -0.0244931 -0.0357655 0.00818336 -0.00506405 -0.0336284 0.00996349 -0.0011639 0.00495205 -0.032567 -0.00317147 -0.00199258 0.00194263 -0.00499407 0.00982352 -0.00364788 -0.00339649 0.0075811
internal_weight=131.481 25.151 23.2115 20.8543 2.35719 1.93952 18.2172 1.68976 16.5275 2.63708 1.6243 106.33 3.59762 2.13305 1.60724 1.46457 1.10976 0.49574 0.52581 102.732 12.2588 0.802749 0.458751 90.4732 26.7882 14.2476 12.5406 63.685 63.4081 11.456
internal_count=5715 596 544 501 43 52 437 49 388 64 42 5119 267 142 110 125 92 35 32 4852 682 50 28 4170 1260 700 560 2910 2902 632
is_linear=0
shrinkage=0.05


Tree=181
num_leaves=22
num_cat=0
split_feature=1 1 5 2 1 6 0 6 5 5 0 6 2 1 1 5 2 1 6 0 0
split_gain=0.187557 0.160792 0.321723 0.291441 0.191619 0.47596 0.331313 0.397162 0.177377 0.129601 0.125487 0.12537 0.242059 0.299204 0.173945 0.728884 0.161966 0.152964 0.0726196 0.0625091 0.054065
threshold=4.5500000000000007 8.5500000000000025 0.42052631578947369 3.2898160384859167 8.4500000000000011 60.500000000000007 0.55832500000000007 42.500000000000007 0.39545896066051484 0.20293040293040296 0.84500000000000008 37.000000000000007 4.5697052401238327 7.2500000000000009 5.2500000000000009 0.2869249394673124 2.8103057858889695 5.4500000000000011 69.500000000000014 0.72917500000000002 0.6316750000000001
decision_type=2 2 2 2 2 2 2 2 2 2 2 2 2 2 2 2 2 2 2 2 2
left_child=9 4 3 -3 11 6 8 -8 -6 -1 -11 12 16 -14 15 -13 -2 -16 -4 20 -7
right_child=1 2 18 -5 5 19 7 -9 -10 10 -12 14 13 -15 17 -17 -18 -19 -20 -21 -22
leaf_value=-0.00018497700899640471 0.0020547377868278087 0.03366457694533722 -0.048649253316629698 -0.047051684902094798 0.061486933432127688 0.024759511052965547 -0.040879716152654545 0.009537180113101347 -0.0046749540896465483 0.013760230380868405 0.056107044932925877 0.044436282638106256 -0.062959737279270872 -0.0026564710454658178 0.027332794162834597 -0.063783857870862007 -0.0052011862335948518 0.00024118993627619944 -0.10633415849426141 0.019770477517164427 0.053228002392286401
leaf_weight=0.50309457536786684 11.816803799767511 0.26095387432724138 0.12197916192235425 0.19570144382305443 0.2623686497099692 0.23603773349896051 0.72475514817051567 0.84727779123932123 0.16501757514197379 0.38443232327699661 0.32103593647480011 0.24235019041225214 0.37632775458041479 0.45366234151879326 0.52405542855558351 0.43461698526516557 22.027243397897109 90.167774034431204 0.098711473867297173 0.3584978561848402 0.56832993309944868
leaf_count=8 371 12 19 10 13 27 21 24 19 17 5 7 23 22 29 44 755 4266 4 8 11
internal_value=-0.000402125 -0.00058456 -0.0248821 -0.000926697 -0.000457183 0.0116993 -0.00309407 -0.0137065 0.0359412 0.019204 0.0330309 -0.000762177 -0.00332197 -0.0299987 0.000209251 -0.0250417 -0.00266775 0.000397737 -0.0744508 0.0371349 0.0448741
internal_weight=131.091 129.882 0.677346 0.456655 129.205 3.16228 1.99942 1.57203 0.427386 1.20856 0.705468 126.043 34.674 0.82999 91.3688 0.676967 33.844 90.6918 0.220691 1.16287 0.804368
internal_count=5715 5685 45 22 5640 123 77 45 32 30 22 5517 1171 45 4346 51 1126 4295 23 46 38
is_linear=0
shrinkage=0.05


Tree=182
num_leaves=31
num_cat=0
split_feature=5 0 1 5 1 2 1 2 2 5 0 0 1 2 2 1 5 2 5 1 2 5 0 2 2 0 3 2 0 0
split_gain=0.213629 0.444082 0.478283 0.796664 0.40107 0.38787 0.326972 0.601653 0.475934 0.386849 0.307396 0.297545 0.271066 0.443583 0.423593 0.221647 0.210575 0.197373 0.437378 0.300635 0.212515 0.772104 0.233735 0.16786 0.15622 0.13269 0.241108 0.119854 0.110147 0.0993907
threshold=0.29905613512170898 0.81667500000000015 7.5500000000000007 0.29337431693989074 5.7500000000000009 3.049960005733658 6.0500000000000007 4.0881677204756794 3.3179759011960215 0.27254641909814331 0.78167500000000012 0.6775000000000001 7.2500000000000009 3.0087223993140477 3.2410776280782216 5.8500000000000005 0.20293040293040296 3.6904654766097438 0.3053613053613054 7.5500000000000007 3.6305213796695512 0.45080645161290328 0.76500000000000012 3.4931488817109 3.5838188022235569 0.27707500000000002 3.5000000000000004 3.3848182702787946 0.72082500000000016 0.59375000000000011
decision_type=2 2 2 2 2 2 2 2 2 2 2 2 2 2 2 2 2 2 2 2 2 2 2 2 2 2 2 2 2 2
left_child=1 2 10 25 5 11 16 8 9 -8 12 -2 14 -14 -1 28 -3 20 -19 -20 22 -22 -17 -10 -7 26 -4 -27 29 -6
right_child=4 6 3 -5 15 24 7 -9 23 -11 -12 -13 13 -15 -16 17 -18 18 19 -21 21 -23 -24 -25 -26 27 -28 -29 -30 -31
leaf_value=0.0087596912761933599 -0.042014445262936316 0.012641414086365647 0.10337180426368503 0.040747458445473485 -0.033419926546116384 -0.0628353740554769 -0.0037248209072659683 -0.039432906706571728 0.058886861180669783 0.026053993293367363 -0.05210634789948463 0.029628273849309789 0.0042186194436173614 0.049942211301258012 -0.014421659099479393 -0.00010800112522672199 0.045577313116602514 -0.075961800429783385 -0.00040361176797243381 0.013857248846269335 -0.056639460496854172 0.020711505470115497 -0.0058617518331066619 0.023807397339987785 -0.01925941057503976 -0.023069381194551361 -0.049216398262186933 -0.048232381971298359 0.04969181778656924 0.035037754742131381
leaf_weight=5.8308809723239374 0.2278909512242524 0.88795001059770395 0.053720755618996807 0.52051714147091832 0.098768352065234377 0.58973512658849359 3.703516832087189 0.62122784927487362 0.56152716558426596 1.5458113856147973 0.24120855377987105 0.39809379540383816 1.5307996683404792 0.81170023721642781 2.976690880022943 62.391039994254243 1.0701975114643572 0.16925851861015218 10.049979017494477 5.8449591094104099 0.7217157189734269 0.58340189279988408 24.614087043213658 0.86841784755233675 0.31582173920469359 2.6069664333481346 0.049969814135693014 0.57817774865543459 0.32088875956833363 0.11446848657215014
leaf_count=276 40 10 11 20 15 45 93 12 9 30 11 25 85 34 136 3203 18 4 366 212 21 19 684 18 33 191 10 69 7 8
internal_value=-0.000346978 0.0038667 -0.00139132 -0.0167284 -0.00131526 -0.0267173 0.0124992 0.00763292 0.0120104 0.00504438 0.00373754 0.0035466 0.00494561 0.0200623 0.000925101 -0.000944417 0.0306421 -0.00110882 0.00398909 0.00484046 -0.00203617 -0.0220627 -0.00173576 0.0375828 -0.0476378 -0.025825 0.0298376 -0.0276371 0.0311826 0.0033291
internal_weight=130.899 24.4593 15.2006 3.80935 106.44 1.53154 9.25865 7.3005 6.67927 5.24933 11.3913 0.625985 11.1501 2.3425 8.80757 104.909 1.95815 104.374 16.0642 15.8949 88.3102 1.30512 87.0051 1.42995 0.905557 3.28883 0.103691 3.18514 0.534126 0.213237
internal_count=5715 1033 843 301 4682 143 190 162 150 123 542 65 531 119 412 4539 28 4509 582 578 3927 40 3887 27 78 281 21 260 30 23
is_linear=0
shrinkage=0.05


Tree=183
num_leaves=31
num_cat=0
split_feature=5 0 1 1 6 1 2 6 0 5 1 3 5 6 2 5 3 3 0 2 6 2 2 2 6 0 0 0 2 5
split_gain=0.259213 0.408101 0.39142 0.301756 0.328867 0.293197 0.292103 0.280604 0.263231 0.26858 0.258484 0.248479 0.420525 0.400579 0.374471 0.250963 0.206117 0.20348 0.193892 0.183897 0.474541 0.38627 0.171655 0.613584 0.372053 0.353423 0.169474 0.47515 0.208565 0.156358
threshold=0.29905613512170898 0.67250000000000021 7.6500000000000012 6.0500000000000007 52.500000000000007 5.7500000000000009 3.049960005733658 67.000000000000014 0.6775000000000001 0.38762626262626271 5.8500000000000005 4.5000000000000009 0.20293040293040296 52.500000000000007 3.4060603023675928 0.15323955669224212 3.5000000000000004 4.5000000000000009 0.81667500000000015 3.864809981705871 56.000000000000007 3.3179759011960215 4.0881677204756794 4.3366373803950742 44.500000000000007 0.57750000000000001 0.76500000000000012 0.83667500000000017 2.8347413390871714 0.27864874953340807
decision_type=2 2 2 2 2 2 2 2 2 2 2 2 2 2 2 2 2 2 2 2 2 2 2 2 2 2 2 2 2 2
left_child=1 2 11 4 17 6 8 19 -2 -10 -7 14 -13 -14 15 -1 29 -3 -9 21 -21 -5 26 25 -25 -24 28 -28 -12 -4
right_child=5 3 16 7 -6 10 -8 18 9 -11 22 12 13 -15 -16 -17 -18 -19 -20 20 -22 -23 23 24 -26 -27 27 -29 -30 -31
leaf_value=0.042901247072947679 -0.041678913516323891 -0.0028049855827358109 6.898190581327688e-05 0.0053707821054386519 0.051272020704036463 0.032740497337299945 -0.043115248922778453 0.0045986310180094947 0.063753521426861859 -0.019385070549432021 0.0033731515963129131 -0.06027054689458608 -0.018654435037808042 0.031665662198257241 -0.027261120426617619 0.0080685739858489362 -0.046048620542855606 0.032398915961535421 -0.04503605307399447 -0.030579266192767109 0.027302051455161243 0.028227993945222976 -0.01339067470566473 -0.021536854390131071 0.0049768266988210975 0.034899059996891385 -0.01908538080250791 -0.0019910748855684816 -0.0024520868543436727 -0.047026592009482865
leaf_weight=0.61487881583161863 0.21742039626405929 0.945666715037077 0.75493284192634724 8.6984014625195361 0.81149846920743574 0.56440580548951302 0.82666722644353285 0.35851057246327478 0.21896155271679163 0.17460641846992075 23.152276492648525 0.38478506077080998 1.2527969571528954 0.57795505877584208 0.65552126918919373 3.251812609116314 0.72533412609482184 0.72527471091598272 0.43609097157604992 0.92557949712500043 0.57353125931695104 2.3470925325527778 0.46274731412995462 1.8795580097648779 4.4694838060531765 2.0911262887530029 4.9974558115354766 21.788024435634725 45.688183702222886 0.22990957769798115
leaf_count=22 40 15 97 230 16 30 78 19 3 22 1197 42 103 48 27 188 83 14 17 31 13 40 29 82 161 37 163 562 2278 28
internal_value=-0.000249892 0.00441348 -0.00445958 0.00915123 0.0251578 -0.00131229 -0.0237393 0.00617239 0.00247626 0.0268691 -0.00100549 0.000962668 -0.0127554 -0.00276875 0.00768348 0.0136076 -0.0258221 0.0124753 -0.0226417 0.00799754 -0.00843498 0.0102278 -0.0011877 0.00545281 -0.00287223 0.0261492 -0.00180595 -0.00518042 -0.000492955 -0.0109254
internal_weight=130.8 24.2696 8.44793 15.8216 2.48244 106.531 1.43766 13.3392 0.610988 0.393568 105.093 6.73775 2.21554 1.83075 4.52221 3.86669 1.71018 1.67094 0.794602 12.5446 1.49911 11.0455 104.529 8.90292 6.34904 2.55387 95.6259 26.7855 68.8405 0.984842
internal_count=5715 1033 638 395 45 4682 143 350 65 25 4539 430 193 151 237 210 208 29 36 314 44 270 4509 309 243 66 4200 725 3475 125
is_linear=0
shrinkage=0.05


Tree=184
num_leaves=31
num_cat=0
split_feature=5 0 1 5 1 2 6 2 5 0 1 1 2 0 5 2 0 1 2 1 0 5 5 6 0 1 2 6 0 5
split_gain=0.244711 0.376054 0.404189 0.743175 0.291143 0.636832 0.542952 0.459517 0.661603 0.585227 0.290472 0.254205 0.244977 0.233432 0.438562 0.509847 0.330621 0.299568 0.289093 0.236823 0.227684 0.237305 0.173125 0.146585 0.240766 0.400197 0.143216 0.301838 0.141566 0.222727
threshold=0.29905613512170898 0.81667500000000015 7.5500000000000007 0.29337431693989074 6.2500000000000009 3.1371858849812857 28.500000000000004 3.4694401823203798 0.20293040293040296 0.60832500000000012 5.7500000000000009 5.8500000000000005 3.049960005733658 0.83667500000000017 0.27622890682318418 3.3464062818502818 0.96250000000000013 7.8500000000000005 4.0881677204756794 7.6500000000000012 0.6775000000000001 0.38762626262626271 0.16859903381642513 72.500000000000014 0.59375000000000011 7.6500000000000012 3.5838188022235569 33.500000000000007 0.45500000000000007 0.26696832579185525
decision_type=2 2 2 2 2 2 2 2 2 2 2 2 2 2 2 2 2 2 2 2 2 2 2 2 2 2 2 2 2 2
left_child=1 2 4 28 5 6 -1 8 -6 -9 12 -12 20 17 15 22 19 -3 -17 -16 -2 -22 -15 -13 25 -25 -14 -28 29 -4
right_child=10 13 3 -5 7 -7 -8 9 -10 -11 11 23 26 14 16 18 -18 -19 -20 -21 21 -23 -24 24 -26 -27 27 -29 -30 -31
leaf_value=0.07611943699597723 -0.041112743531007551 0.0078879362396647289 0.033167855002320917 0.041369583379187683 0.022090966868474629 -0.042609472287972072 -0.0059107481455501539 -0.041848537959577908 -0.0097657638046328363 0.037918937254964064 0.032227636152574818 -0.001438516624835115 -0.058392823358647331 -0.036778532468065776 -0.010202500327662496 0.035708252944440466 0.048239160849240993 0.061739795163627764 -0.00082256442180245627 0.035669118231422457 0.061266824801459487 -0.018932833147496074 -0.0050958555654764164 0.020207052937292025 0.027140731028843047 -0.075292986415666521 0.048332142961394681 -0.053876690227174909 -0.028387953539061962 -0.0407177577796927
leaf_weight=0.25887208059430411 0.20823565014870726 0.51926382491364964 0.24794001912232477 0.50158093919162627 2.5520142430323158 0.96711922017857421 0.91374412504956126 0.26193814887665245 4.5101155953016132 1.8822290753014383 0.57156221580225874 102.60006224292738 0.49980824813246727 0.50177639303728794 0.6505223847925663 1.3326851283200087 1.0748400371521711 0.51375152822583914 0.91232735011726607 0.49582825880497694 0.19963453244417906 0.17145087663084269 3.0645047072321177 0.29031176028365635 1.0732008932391179 0.17632989783305675 0.11661423154873773 0.18979771132580936 2.7063353245612234 0.17328476690454409
leaf_count=4 40 16 52 20 94 43 53 43 260 45 30 4404 45 18 15 20 16 7 15 9 3 22 74 38 52 15 9 24 192 37
internal_value=-0.000295049 0.00425979 -0.000605754 -0.0151301 0.00404 -0.0125736 0.0121986 0.00790135 0.00174618 0.0281743 -0.00132714 -0.0010262 -0.0240707 0.0122971 0.00941984 0.00219685 0.0283173 0.0346702 0.0208629 0.00963824 0.000731519 0.0242125 -0.00955361 -0.00120871 0.0141036 -0.0158795 -0.0418926 -0.0149781 -0.0241912 0.00277256
internal_weight=130.138 24.0407 14.9752 3.62914 11.346 2.13974 1.17262 9.2063 7.06213 2.14417 106.097 104.711 1.38554 9.0655 8.03248 5.81129 2.22119 1.03302 2.24501 1.14635 0.579321 0.371085 3.56628 104.14 1.53984 0.466642 0.80622 0.306412 3.12756 0.421225
internal_count=5715 1033 843 301 542 100 57 442 354 88 4682 4539 143 190 167 127 40 23 35 24 65 25 92 4509 105 53 78 33 281 89
is_linear=0
shrinkage=0.05


Tree=185
num_leaves=19
num_cat=0
split_feature=5 2 5 6 2 0 5 2 2 5 2 5 5 0 6 1 2 0
split_gain=0.24723 0.136312 0.317077 0.355102 0.27054 0.187737 0.14094 0.130423 0.793077 0.367434 0.449281 0.447733 0.34042 0.251981 0.114462 0.0802278 0.0447402 0.000624228
threshold=0.10172413793103451 5.5440414091679253 0.38348416289592763 44.500000000000007 5.4359270417206025 0.55832500000000007 0.38006535947712422 2.8451419081642224 2.8768637889878934 0.40877080665813065 2.8374396928438563 0.6043478260869567 0.40877080665813065 0.59375000000000011 56.000000000000007 6.5500000000000007 2.8840101815541477 0.74500000000000011
decision_type=2 2 2 2 2 2 2 2 2 2 2 2 2 2 2 2 2 2
left_child=15 4 3 -3 7 -4 -6 9 13 10 -2 -11 -10 -9 -7 -1 -17 -18
right_child=1 2 5 -5 6 14 -8 8 12 11 -12 -13 -14 -15 -16 16 17 -19
leaf_value=-0.011442522483001549 0.0067712839807789168 0.042692239017054052 0.040926392485438806 -0.057943626104862291 -0.051693157196654183 0.024084007017834246 -0.0094554400827538253 -0.045144834340267184 -0.0015214506811906479 -0.003162665052852134 0.041461532101246229 0.030985240422321283 0.004936729266323445 -0.013766295738368742 -0.0040417133699820361 -0.019263738569580597 -0.057735256690533358 -0.063113280658386756
leaf_weight=0.29809589497744937 23.239420871017504 0.12649455515202079 0.75656668137526173 0.28550338558852673 0.33891296852379937 0.73230383917689301 0.47334558283910155 1.0468928165792015 42.040521073853597 17.118191262357872 0.97240060730837186 1.0169369412178628 39.649161210516468 1.6453131582238709 0.71485233493149281 0.095734570408239961 0.11214024509536102 0.10399010311812162
leaf_count=9 944 10 19 19 8 19 13 89 1793 899 33 62 1712 73 16 12 18 3
internal_value=0.00176797 0.0019168 0.0132156 -0.0270457 0.00168508 0.0207427 -0.027079 0.00186944 0.00073313 0.00413368 0.00816452 -0.0012478 0.00161311 -0.0259682 0.0101907 -0.0299901 -0.0477188 -0.0603229
internal_weight=130.767 130.157 2.61572 0.411998 127.541 2.20372 0.812259 126.729 84.3819 42.3469 24.2118 18.1351 81.6897 2.69221 1.44716 0.609961 0.311865 0.21613
internal_count=5751 5709 83 29 5626 54 21 5605 3667 1938 977 961 3505 162 35 42 33 21
is_linear=0
shrinkage=0.05


Tree=186
num_leaves=30
num_cat=0
split_feature=5 2 2 5 1 6 3 2 2 6 5 6 1 1 1 6 1 2 1 3 1 6 6 6 6 1 1 2 1
split_gain=0.250194 0.131056 0.583979 0.452262 0.53738 0.565444 0.51485 0.337437 0.650896 0.47881 0.481583 0.472271 0.368415 0.335151 0.551295 0.349873 0.313215 0.536778 0.262111 0.288529 0.25709 0.248893 0.228801 0.145089 0.377588 0.285741 0.0728701 0.0399067 8.12773e-05
threshold=0.10172413793103451 3.2569227723197582 3.3081205547081352 0.40877080665813065 7.1500000000000012 73.500000000000014 3.5000000000000004 3.0876272012535479 3.0287554950673337 28.500000000000004 0.59411764705882364 53.500000000000007 8.0500000000000025 6.6500000000000012 5.7500000000000009 28.500000000000004 8.0500000000000025 3.0607470985158929 8.3500000000000032 4.5000000000000009 7.4500000000000011 22.500000000000004 54.500000000000007 27.500000000000004 37.000000000000007 7.3500000000000005 6.5500000000000007 2.8840101815541477 7.0500000000000007
decision_type=2 2 2 2 2 2 2 2 2 2 2 2 2 2 2 2 2 2 2 2 2 2 2 2 2 2 2 2 2
left_child=26 7 23 4 6 -6 -4 8 18 12 11 -11 21 14 -5 -15 20 -18 22 -20 -10 -9 -2 -3 -25 -26 -1 -28 -29
right_child=1 2 3 13 5 -7 -8 9 16 10 -12 -13 -14 15 -16 -17 17 -19 19 -21 -22 -23 -24 24 25 -27 27 28 -30
leaf_value=-0.012602796495497018 0.0015128410903971639 0.0062348899933374726 0.028846176078828958 -0.053759702982373675 -0.013441892099087697 0.042856444705313634 -0.00054870855538948795 0.00035281065134883517 -0.012460638182211844 0.022140362046211184 -0.050227698979109392 0.0037632042414212936 0.024850003072748622 0.021099332145418384 0.028479159552688302 0.0012836190878722264 -0.017616147969488443 0.039956526205019202 -0.0062484591074913748 -0.057142360112330093 -0.038823552653984128 -0.038538816971946138 0.0081925097099312186 -0.072199722452630219 0.011609578641975017 -0.032732216499473547 -0.020849483463814458 -0.060598420005870214 -0.05862296307751394
leaf_weight=0.29382459446787734 37.550283934164327 0.33919334132224266 1.7632992602884776 0.22074634867022114 11.325018709132561 0.46428797068074423 9.5978140392107889 0.68061456573196055 2.4383065720321606 8.0333126625628157 0.29662061668932516 6.1897447194787683 0.52063273184467096 2.562448677141222 2.6520046155201271 17.044984020001721 1.1363009182387029 0.62894717231392849 2.1808456221478987 0.31924916012212623 1.4898253293940795 1.0399334306130184 19.465793335824856 0.40723358932882581 0.5351773555157705 1.131380032864399 0.096531279501505196 0.11391160730272532 0.095906889589969069
leaf_count=9 1574 11 52 27 426 13 357 17 151 277 13 297 15 89 124 565 50 19 83 22 81 34 1246 17 60 89 12 5 16
internal_value=0.00181589 0.00196457 -0.00010898 0.00115867 -0.00374654 -0.0112247 0.00401352 0.00317989 0.00155348 0.00950758 0.0128278 0.0141428 -0.0120026 0.00621013 0.0221598 0.00387329 -0.0145976 0.00289665 0.00309851 -0.0127473 -0.0224593 -0.0231541 0.00379334 -0.0240808 -0.0290394 -0.0184928 -0.0303926 -0.047455 -0.0596954
internal_weight=130.614 130.014 48.0436 45.6306 23.1504 11.7893 11.3611 81.9704 65.2096 16.7609 14.5197 14.2231 2.24118 22.4802 2.87275 19.6074 5.69338 1.76525 59.5162 2.50009 3.92813 1.72055 57.0161 2.41298 2.07379 1.66656 0.600174 0.30635 0.209818
internal_count=5751 5709 1830 1653 848 439 409 3879 3226 653 587 574 66 805 151 654 301 69 2925 105 232 51 2820 177 166 149 42 33 21
is_linear=0
shrinkage=0.05


Tree=187
num_leaves=15
num_cat=0
split_feature=5 1 1 6 0 0 6 1 6 0 1 1 0 1
split_gain=0.251581 0.109767 0.212821 0.0896211 0.32863 0.324131 0.313937 0.137054 0.270618 0.241335 0.0642334 0.0352299 0.061854 0.012777
threshold=0.10172413793103451 3.9000000000000008 4.5500000000000007 24.500000000000004 0.55832500000000007 0.88750000000000007 20.500000000000004 7.1500000000000012 68.500000000000014 0.72082500000000016 6.5500000000000007 7.3500000000000005 0.54500000000000015 4.2500000000000009
decision_type=2 2 2 2 2 2 2 2 2 2 2 2 2 2
left_child=10 -2 13 4 6 -6 -4 8 -5 -9 -1 -12 -13 -3
right_child=1 2 3 7 5 -7 -8 9 -10 -11 11 12 -14 -15
leaf_value=-0.014016669039409103 -0.02132218439261661 0.038927263386194025 0.01487590656604019 0.004799394521945383 0.015265533243837804 -0.0095942044916456828 -0.020057445307833002 0.0027298704235767328 -0.008597200688281929 -0.0030839934565300847 -0.060326955081961224 0.013961328723585936 -0.059772852389236776 0.024376629293009929
leaf_weight=0.28995942417532106 0.50826720148324867 0.29882403765804966 0.95777871680911575 40.879113115384826 7.2548687346570642 1.6004471341148017 1.9577097618021069 38.660160051913408 4.1526451811077996 33.159874755947385 0.18725639360491186 0.053706133447121829 0.060464581125415862 0.30471482174471021
leaf_count=9 8 8 40 1902 191 42 113 2170 334 888 13 12 8 13
internal_value=0.00171984 0.00186816 0.00195937 0.00182038 0.00597883 0.0107726 -0.00858135 0.00140149 0.00356402 4.55638e-05 -0.0308178 -0.0469796 -0.0250881 0.0315809
internal_weight=130.326 129.734 129.226 128.623 11.7708 8.85532 2.91549 116.852 45.0318 71.82 0.591387 0.301427 0.114171 0.603539
internal_count=5751 5709 5701 5680 386 233 153 5294 2236 3058 42 33 20 21
is_linear=0
shrinkage=0.05


Tree=188
num_leaves=26
num_cat=0
split_feature=5 6 0 0 2 2 5 5 6 0 2 6 2 2 5 2 6 2 2 2 5 0 0 2 2
split_gain=0.257118 0.101528 0.26706 0.408242 0.360549 0.264186 0.200624 0.341159 0.19554 0.477036 0.243441 0.182063 0.123182 0.289511 0.249639 0.398003 0.35967 0.316797 0.11392 0.736495 0.300065 0.0553747 0.0471888 0.0315986 6.19091e-05
threshold=0.10172413793103451 26.500000000000004 0.88750000000000007 0.55832500000000007 2.5980120931240029 3.3643075840091208 0.49305555555555564 0.38348416289592763 20.500000000000004 0.53375000000000006 2.7941968664446146 22.500000000000004 5.5440414091679253 5.4359270417206025 0.41444372153545878 5.8956072372094459 53.500000000000007 5.8091117636764453 2.8451419081642224 2.8768637889878934 0.41833333333333339 0.84500000000000008 0.55832500000000007 2.8840101815541477 3.5635952952329242
decision_type=2 2 2 2 2 2 2 2 2 2 2 2 2 2 2 2 2 2 2 2 2 2 2 2 2
left_child=21 2 3 8 -5 6 7 -4 10 -10 -2 -6 13 18 15 16 -14 22 20 -20 -3 23 -16 -1 -25
right_child=1 12 5 4 11 -7 -8 -9 9 -11 -12 -13 14 -15 17 -17 -18 -19 19 -21 -22 -23 -24 24 -26
leaf_value=-0.024254510474854385 0.054166611069263106 0.0070760373511366964 0.0076136904631016579 -0.024905980440978102 0.0067982103295295805 0.021777460953278569 0.012095658666556959 -0.048385141576191774 -0.0035048338975400399 -0.060871399222743316 -0.0018947115882515103 0.021757777190098034 0.0023996617604527411 -0.029089303888169667 0.054447463753542681 0.034307603769774112 -0.073756396261531437 -0.0062393299542441308 -0.028199252288412774 0.0011112134937485173 -0.0023426040520661794 -0.0095962195462384846 0.032280688494063785 -0.052671925994836957 -0.054280126952130185
leaf_weight=0.15089359751436759 0.26627409737557117 23.258701729297172 0.40295240841805868 0.56227031629532476 3.1731693737674487 0.47688703518360842 0.36266313679516304 0.83678860776126385 2.2521421557175931 0.4318810375407337 0.70994551666080952 5.664767771580955 0.35228733299300019 0.78595622722059388 0.43523395957890876 0.36868989060167223 0.27689492492936552 0.51684117084369063 2.2084341832669443 72.565669021001668 13.287095580089952 0.19591551646590233 0.53547714091837406 0.12065786309540272 0.11872991611016914
leaf_count=15 8 981 10 14 79 14 14 20 146 17 33 158 15 19 12 12 12 11 147 3201 774 4 12 13 10
internal_value=0.00175347 0.00190276 0.00575096 0.00840064 0.0139168 -0.0108922 -0.020615 -0.0301839 -0.00576589 -0.0127356 0.0133966 0.0163867 0.00139434 0.00115025 0.0124042 -0.00694331 -0.0311156 0.0253828 0.00136375 0.000245536 0.00365167 -0.0312862 0.0422195 -0.0421742 -0.0534696
internal_weight=130.317 129.731 15.1397 13.0605 9.40021 2.07929 1.6024 1.23974 3.66024 2.68402 0.97622 8.83794 114.591 112.106 2.48542 0.997872 0.629182 1.48755 111.32 74.7741 36.5458 0.586197 0.970711 0.390281 0.239388
internal_count=5751 5709 513 455 251 58 44 30 204 163 41 237 5196 5122 74 39 27 35 5103 3348 1755 42 24 38 23
is_linear=0
shrinkage=0.05


Tree=189
num_leaves=18
num_cat=0
split_feature=5 2 5 6 0 2 6 0 0 6 2 2 2 0 0 2 2
split_gain=0.261554 0.120516 0.220482 0.307637 0.199324 0.15561 0.138291 0.31592 0.367476 0.303597 0.157167 0.661746 0.502558 0.111618 0.04656 0.032492 0.00011062
threshold=0.10172413793103451 5.5440414091679253 0.38348416289592763 44.500000000000007 0.55832500000000007 5.4755168397381269 26.500000000000004 0.88750000000000007 0.55832500000000007 21.500000000000004 3.2569227723197582 3.2898160384859167 3.0952929991690303 0.72917500000000002 0.84500000000000008 2.8840101815541477 3.5635952952329242
decision_type=2 2 2 2 2 2 2 2 2 2 2 2 2 2 2 2 2
left_child=14 5 3 -3 -4 6 7 8 -2 -9 12 -12 -8 -6 15 -1 -17
right_child=1 2 4 -5 13 -7 10 9 -10 -11 11 -13 -14 -15 -16 16 -18
leaf_value=-0.023630021787877018 -0.0045074982629913123 0.041415567612163987 0.040500198810476798 -0.053966830604688792 -0.0052535303407722977 -0.034680295352423014 0.00052455813002775359 0.02408249133543116 0.014410881859429276 -0.022230975819630461 -0.033420839632487549 -2.576353643260345e-05 0.011139983641164405 0.022733223414051471 -0.011961963517537861 -0.052428490226483784 -0.054601996773250311
leaf_weight=0.14913529145996918 3.540918336599133 0.12654197250958477 0.71565636532614041 0.25466436985880136 0.74289719946682431 0.29326325270812859 56.722237276495434 0.45495571382343714 9.3310677368426678 1.5923232333734629 1.5411803912720632 39.587396159899072 13.877085501095278 0.68453023629263043 0.1968846432864666 0.12047324376180768 0.11387317132903263
leaf_count=15 201 10 19 19 17 10 2945 11 246 46 125 1470 572 18 4 13 10
internal_value=0.00176431 0.00191444 0.0127324 -0.0223045 0.0189647 0.00169932 0.00178356 0.00630499 0.00920668 -0.011939 0.00117981 -0.00127715 0.00261114 0.00816766 -0.0317267 -0.0418742 -0.0534846
internal_weight=130.045 129.465 2.52429 0.381206 2.14308 126.94 126.647 14.9193 12.872 2.04728 111.728 41.1286 70.5993 1.42743 0.580366 0.383482 0.234346
internal_count=5751 5709 83 29 54 5626 5616 504 447 57 5112 1595 3517 35 42 38 23
is_linear=0
shrinkage=0.05


Tree=190
num_leaves=29
num_cat=0
split_feature=2 6 1 2 2 0 2 6 6 3 1 0 6 2 6 6 2 1 6 2 6 2 2 6 6 0 3 6
split_gain=0.191198 0.14664 0.132108 0.489342 0.329304 0.294409 0.16964 0.429489 0.154135 0.145853 0.312251 0.325349 0.407854 0.220138 0.217225 0.306467 0.143379 0.13204 0.343703 0.642537 0.431765 0.211597 0.559351 0.434967 0.125796 0.0832577 0.258583 0.0434422
threshold=5.8091117636764453 56.000000000000007 8.4500000000000011 3.4519696286118893 3.9246396388285389 0.88750000000000007 3.3257366126566468 51.500000000000007 67.000000000000014 2.5000000000000004 6.5500000000000007 0.96250000000000013 47.500000000000007 3.1990806349003873 53.500000000000007 26.500000000000004 3.4369016171537843 7.9500000000000011 67.000000000000014 3.9575540059567773 62.500000000000007 3.3643075840091208 3.2569227723197582 23.500000000000004 58.500000000000007 0.69000000000000006 3.5000000000000004 34.500000000000007
decision_type=2 2 2 2 2 2 2 2 2 2 2 2 2 2 2 2 2 2 2 2 2 2 2 2 2 2 2 2
left_child=2 -2 9 5 25 6 7 -4 27 10 14 12 -12 -13 15 -1 -8 21 20 -20 -19 22 -11 -23 -16 26 -5 -6
right_child=1 -3 3 4 8 -7 16 -9 -10 17 11 13 -14 -15 24 -17 -18 18 19 -21 -22 23 -24 -25 -26 -27 -28 -29
leaf_value=0.051385168864325953 -0.0036200959947942073 -0.045658449531480544 -0.038159393160307385 0.049947119600697039 0.0012697454940913859 0.029743514428461022 -0.060816059401667025 0.040756817093250533 0.024568675273271851 -0.00029789596989694629 0.0070860043672476575 0.010927340199172787 -0.016170165011375203 0.052453385877803349 0.072731291402936826 -0.014699808625537332 -0.01678820281416708 -0.004789911689285691 0.01562782381930054 -0.059071432811735741 -0.033648778025528771 -0.024869079966729671 -0.020345605451284686 0.004817285761189425 0.030593299632990508 0.052612914123943699 -0.0048487637384252921 -0.032689915404248621
leaf_weight=0.25807207915931829 0.43050212715752323 0.40036851004697382 0.38395286625018232 0.55167941446416102 0.13841638807207335 0.36637916415929783 0.34255867381580174 0.31292290735291317 0.30498930835165083 57.544729008557624 4.628915348032022 1.1579391476698218 3.180657658551354 0.44058291241526593 0.24618209135951474 0.54788236715830863 0.40181462280452251 16.392007434827981 3.4957224136451255 0.31371027743443836 1.407345182087737 1.287857753108258 3.703231412684544 29.454639382980531 0.63132737571140751 0.59746050089597702 0.35310265724547207 0.29461906649521552
leaf_count=8 16 12 34 25 7 7 15 19 9 2872 240 27 329 9 8 40 11 448 126 10 60 50 246 1033 29 11 17 22
internal_value=3.1335e-05 -0.023877 0.000185637 0.00907524 0.0246911 -0.0102782 -0.020452 -0.00272311 -0.00265863 -0.00010295 0.00536975 0.00182099 -0.00238569 0.0223727 0.0252021 0.00646105 -0.0370497 -0.000637291 -0.00415444 0.00947627 -0.0070717 0.000188897 -0.00151004 0.00357367 0.042415 0.0381275 0.0285623 -0.021835
internal_weight=129.57 0.830871 128.739 4.0479 2.24027 1.80763 1.44125 0.696876 0.738025 124.691 11.0916 9.4081 7.80957 1.59852 1.68346 0.805954 0.744373 113.599 21.6088 3.80943 17.7994 91.9905 61.248 30.7425 0.877509 1.50224 0.904782 0.433035
internal_count=5740 28 5712 177 91 86 79 53 38 5535 690 605 569 36 85 48 26 4845 644 136 508 4201 3118 1083 37 53 42 29
is_linear=0
shrinkage=0.05


Tree=191
num_leaves=30
num_cat=0
split_feature=1 2 5 5 2 5 5 6 6 2 5 2 5 2 2 1 5 2 5 1 1 2 2 2 0 6 5 0 0
split_gain=0.179961 0.30314 0.313712 0.369161 0.361958 0.785248 0.219441 0.355957 0.448954 0.169151 0.228665 0.162362 0.152783 0.293343 0.382836 0.355253 0.284397 0.172321 0.161555 0.318484 0.349456 0.204246 0.619665 0.318148 0.153204 0.0858931 0.0564332 0.052211 0.00341783
threshold=8.4500000000000011 3.4519696286118893 0.42052631578947369 0.45620204603580566 3.7359650897473711 0.38348416289592763 0.32235621521335811 58.500000000000007 54.500000000000007 5.8091117636764453 0.40609253321117739 3.4162823587507689 0.18898809523809526 3.4060603023675928 3.0208390702891097 7.6500000000000012 0.15323955669224212 3.0368495884589435 0.58657047724750289 6.4500000000000011 6.6500000000000012 3.3955816338872329 3.4330019075695355 3.3932659910160905 0.74500000000000011 52.500000000000007 0.34983896940418685 0.76500000000000012 0.84500000000000008
decision_type=2 2 2 2 2 2 2 2 2 2 2 2 2 2 2 2 2 2 2 2 2 2 2 2 2 2 2 2 2
left_child=9 6 4 -4 26 -6 -2 8 11 12 -11 -8 13 14 15 -1 24 -16 21 27 -21 23 -23 -14 -15 -5 -3 -20 -18
right_child=1 2 3 25 5 -7 7 -9 -10 10 -12 -13 18 16 17 -17 28 -19 19 20 -22 22 -24 -25 -26 -27 -28 -29 -30
leaf_value=0.01020685558257331 0.029724589292830301 0.042391514186767301 -0.045848437462594947 0.047032757209139714 -0.058809260122790974 0.057737767758230342 0.0043250202734511382 0.031268677694372228 -0.090553536346826488 0.010955942007991442 -0.043423744564224487 -0.044456677777258202 -0.0017156158637484404 -0.018535262514122325 0.072064140437426497 -0.045350838573796931 -0.056730142522327824 0.027252945294295186 -0.050788123741628971 0.070707972050469664 0.010310296663803654 0.026511260488018291 0.0007053696604209115 -0.034701312689926947 0.024047534045481142 0.0049231914167559426 0.069014304971727461 -0.0096415344834886538 -0.068661638504243561
leaf_weight=2.4049309586407612 0.35821777954697553 0.33178263949230336 0.30054117250256229 0.22770610183943063 0.2556253969669342 0.33253260690253228 0.54281573955086038 0.32485142454970617 0.22858377743978053 0.3120105293346559 0.50816145166754723 0.2487346155103296 80.208452158884029 0.51753347361227475 0.26355017814785231 0.32683645538054396 0.12231635313946754 1.1536316655692642 0.21355926175601725 0.26184152998030219 2.8059095876524225 2.5068152284948146 32.29846131701197 0.73772463342174788 0.35687540005892515 0.25865478999912739 0.49756733619142324 0.12065297551453114 0.11784910981077701
leaf_count=85 14 15 14 12 16 12 40 19 6 16 12 7 3837 23 4 27 18 51 26 14 182 77 1155 18 7 9 13 6 5
internal_value=0.000225382 0.0107919 0.0230331 -0.00228274 0.0370866 0.00708407 -0.00505151 -0.0143136 -0.0288289 -0.000104311 -0.0227366 -0.011004 4.48833e-05 0.00838136 0.0144993 0.00355977 -0.0143924 0.0355864 -0.000323375 0.0104159 0.0154654 -0.000639005 0.00256401 -0.00201624 -0.0011558 0.0246382 0.0583638 -0.0359339 -0.0625849
internal_weight=129.145 3.90761 2.20441 0.786902 1.41751 0.588158 1.7032 1.34499 1.02013 125.237 0.820172 0.79155 124.417 5.26352 4.14895 2.73177 1.11457 1.41718 119.153 3.40196 3.06775 115.751 34.8053 80.9462 0.874409 0.486361 0.82935 0.334212 0.240165
internal_count=5740 177 91 35 56 28 86 72 53 5563 28 47 5535 220 167 112 53 55 5315 228 196 5087 1232 3855 30 21 28 32 23
is_linear=0
shrinkage=0.05


Tree=192
num_leaves=31
num_cat=0
split_feature=1 2 2 0 6 6 2 6 3 1 6 0 6 6 6 6 6 6 0 2 2 2 1 6 6 0 2 6 0 0
split_gain=0.267067 0.268041 0.235722 0.213713 0.191668 0.157231 0.127743 0.169372 0.109328 0.32526 0.308981 0.25878 0.2994 0.25842 0.231526 0.175427 0.10284 0.396865 0.203699 0.0924223 0.602597 0.548055 0.303841 0.223922 0.158192 0.121057 0.0884386 0.31558 0.0662109 0.0146442
threshold=8.4500000000000011 3.4519696286118893 3.9372024996980168 0.88750000000000007 67.000000000000014 56.000000000000007 5.8091117636764453 56.000000000000007 2.5000000000000004 6.5500000000000007 53.500000000000007 0.96250000000000013 47.500000000000007 56.000000000000007 60.500000000000007 26.500000000000004 34.500000000000007 43.500000000000007 0.6316750000000001 2.9411966330899992 2.9466204764652528 2.9368840838484194 7.7500000000000009 54.500000000000007 68.500000000000014 0.62250000000000016 3.3257366126566468 51.500000000000007 0.69000000000000006 0.59375000000000011
decision_type=2 2 2 2 2 2 2 2 2 2 2 2 2 2 2 2 2 2 2 2 2 2 2 2 2 2 2 2 2 2
left_child=6 3 16 5 -4 26 8 -8 9 10 15 12 -11 -12 -13 -1 -3 -18 -19 21 25 23 -23 -10 -22 -21 27 -2 29 -7
right_child=1 2 4 -5 -6 28 7 -9 19 11 13 14 -14 -15 -16 -17 17 18 -20 20 24 22 -24 -25 -26 -27 -28 -29 -30 -31
leaf_value=0.039810660338958109 -0.032446337277615159 0.061202667288522507 -0.028627115122651942 0.032986010969122147 0.026892520805433941 -0.024608523948667985 0.0019413919270591486 -0.043727023712915002 -0.0019604766568608583 0.0055178637196438441 0.086001058307084446 0.0063040754445369985 -0.014408413755179273 0.027651103591099447 0.04715135046077381 -0.013532603378686066 -0.044492808818237889 0.0025564416400836606 0.051918249318527732 -0.026990457007587912 -0.00027881703593107886 0.0034072962204369506 0.067482442695097386 0.0057618912974693667 -0.0081730066483880568 -0.070040355084503236 -0.03958202621749346 0.059791431526281129 0.034541248947118394 0.0082064429618005693
leaf_weight=0.21403900906443485 0.35202951473183863 0.30318020004779134 0.31609898502938438 0.33820429630577553 0.30587774468585849 0.076957472949288785 0.42604913283139367 0.38784641434904188 27.76176282815868 4.6400107459048723 0.26548521767836064 1.0647003771737216 3.1750749823477236 0.66517781908623874 0.51456618588417757 0.5506252043414861 0.16126991715282191 0.27956134176929459 0.828048893250525 0.31522197491722082 62.882100876100594 0.30026092939078708 0.48203809739788994 14.182925255576263 7.0584865529526715 0.33882946707308292 0.42079288535751402 0.12589636133634485 0.208684416487813 0.06090625561773777
leaf_count=8 34 9 18 7 8 16 16 12 1091 240 5 25 329 32 11 40 9 33 14 33 2360 24 28 871 425 13 14 5 5 5
internal_value=0.000318282 0.0134169 0.0247318 -0.00226094 -0.00132349 -0.0118337 -7.68464e-05 -0.019821 5.23195e-05 0.00479041 0.0249477 0.00115278 -0.00257769 0.0442963 0.0196132 0.00139884 0.0350404 0.0287893 0.0394593 -0.000411351 -0.00152223 0.00142407 0.0428892 0.000650719 -0.00107551 -0.0492923 -0.0228663 -0.00814885 0.0167776 -0.0101113
internal_weight=129.003 3.77751 2.19404 1.58347 0.621977 1.24527 125.225 0.813896 124.411 11.0897 1.69533 9.39435 7.81509 0.930663 1.57927 0.764664 1.57206 1.26888 1.10761 113.322 70.5946 42.727 0.782299 41.9447 69.9406 0.654051 0.898719 0.477926 0.346548 0.137864
internal_count=5740 177 91 86 26 79 5563 28 5535 690 85 605 569 37 36 48 65 56 47 4845 2831 2014 52 1962 2785 46 53 39 26 21
is_linear=0
shrinkage=0.05


Tree=193
num_leaves=31
num_cat=0
split_feature=1 6 6 1 6 5 1 2 5 2 5 5 1 6 2 5 4 5 6 4 6 1 5 3 2 2 6 6 6 5
split_gain=0.242607 0.426039 0.352928 0.788593 0.312068 0.71757 0.854256 0.615165 0.362179 0.482795 0.310423 0.298155 0.20321 0.543027 0.64962 0.508017 0.735201 0.722671 0.580417 0.434896 0.246193 0.196417 0.649177 0.412816 0.480005 0.407858 0.312262 0.279575 0.238299 0.429909
threshold=8.1500000000000004 67.000000000000014 65.500000000000014 8.3500000000000032 42.500000000000007 0.41833333333333339 8.3500000000000032 2.7478443874442866 0.48212005108556838 2.831063924436251 0.49305555555555564 0.5128579777907657 7.9500000000000011 24.500000000000004 3.0533169851264135 0.34580419580419586 1.0000000180025095e-35 0.45080645161290328 69.500000000000014 1.0000000180025095e-35 48.500000000000007 7.8500000000000005 0.44365079365079368 4.5000000000000009 3.0032785644731779 3.0087223993140477 67.000000000000014 53.500000000000007 68.500000000000014 0.43570116350275573
decision_type=2 2 2 2 2 2 2 2 2 2 2 2 2 2 2 2 2 2 2 2 2 2 2 2 2 2 2 2 2 2
left_child=12 2 4 10 8 6 -6 -7 9 -2 -4 -10 21 14 -14 19 18 -18 -17 20 -15 28 23 24 -23 -24 -25 -27 -1 -30
right_child=1 -3 3 -5 5 7 -8 -9 11 -11 -12 -13 13 15 -16 16 17 -19 -20 -21 -22 22 25 26 -26 27 -28 -29 29 -31
leaf_value=0.00036034869473693766 -0.029347962384555643 0.022335234058444228 0.054813315379575692 -0.090823964871924734 0.041448677062458653 0.071263984227902477 2.1065466697240246e-05 -0.023052856993434928 0.055220434506689259 0.00065659588336957307 -0.033955455121559668 0.0030417742938890994 -0.016044846325566433 -0.07120784237420584 0.067371081481192058 -0.0031528731540475512 -0.051656986224157243 0.0071945882125407437 0.038096213420263383 0.017444768641366799 -0.029252322684686416 0.002787652798438128 0.057342654491874312 0.0063790527134201976 -0.041944336723607173 -0.018227669455592763 0.061418075623037985 0.039004250629139064 0.0024139088498127581 -0.021078256972268908
leaf_weight=85.157218506152276 1.8069778045173714 3.1521182080032295 0.21854647248983461 0.31783027714118361 2.6109254476032229 0.19144678418524552 2.3774676292669028 1.7829734211700268 0.44496420025825478 5.1954841802362353 0.17927382828202099 0.71162331121740863 0.42891495814546843 0.59262365126050898 0.51202714745886624 5.1213485778425802 1.4033027308760213 0.83025085669942189 1.023190379492007 0.32641641190275539 0.85283472680021077 1.5826939347898581 0.92071493086405076 1.0839642527280378 0.96561657008714963 0.44238093646708876 0.33807626646012057 0.41221975884400308 4.0920782742323345 3.7159158313297667
leaf_count=3761 45 138 13 18 84 8 96 90 19 154 9 48 12 26 15 175 38 34 36 17 35 55 35 37 45 17 9 23 294 354
internal_value=0.000329761 0.00554801 0.00220687 -0.0321032 0.00383062 0.011606 0.0217043 -0.0139076 -0.00280475 -0.00708605 0.0148105 0.023116 -0.000572708 -0.00698978 0.0293471 -0.0103584 -0.00521412 -0.0297808 0.00371594 -0.0346822 -0.0464537 0.000148298 0.00911983 -0.00211858 -0.0141624 0.0342536 0.019464 0.00937836 -0.000406182 -0.00876629
internal_weight=128.791 18.9896 15.8375 0.715651 15.1219 6.96281 4.98839 1.97442 8.15905 7.00246 0.39782 1.15659 109.802 11.0909 0.940942 10.15 8.37809 2.23355 6.14454 1.77187 1.44546 98.7109 5.74567 3.97035 2.54831 1.77532 1.42204 0.854601 92.9652 7.80799
internal_count=5740 722 584 40 544 278 180 98 266 199 22 67 5018 388 27 361 283 72 211 78 61 4630 221 146 100 75 46 40 4409 648
is_linear=0
shrinkage=0.05


Tree=194
num_leaves=31
num_cat=0
split_feature=1 5 5 5 6 5 2 2 2 5 2 3 2 2 3 2 1 2 5 5 2 5 5 6 2 5 5 5 5 6
split_gain=0.249613 0.280017 0.300285 0.272728 0.251253 0.175251 0.286586 0.415905 0.335039 0.251815 0.229375 0.194009 0.192998 0.171389 0.369639 0.300273 0.460129 0.326255 0.282336 0.226596 0.21393 0.19509 0.155709 0.155646 0.137721 0.253279 0.113316 0.29482 0.268336 0.129418
threshold=8.4500000000000011 0.40877080665813065 0.36914510317720278 0.35504201680672276 68.500000000000014 0.18898809523809526 3.4060603023675928 3.0208390702891097 2.6336138048967253 0.15323955669224212 3.0368495884589435 4.5000000000000009 2.9702093150074416 2.5116186471417885 3.5000000000000004 2.5501084575884092 7.4500000000000011 2.5872375780558694 0.3053613053613054 0.3053613053613054 2.6153478486952397 0.40877080665813065 0.34580419580419586 48.500000000000007 3.4974003497794723 0.1252535496957404 0.45620204603580566 0.50423728813559332 0.44058823529411767 32.500000000000007
decision_type=2 2 2 2 2 2 2 2 2 2 2 2 2 2 2 2 2 2 2 2 2 2 2 2 2 2 2 2 2 2
left_child=5 2 3 22 26 6 7 8 -1 24 -9 -12 -10 14 19 16 -15 18 -17 -7 -19 -18 23 -2 -8 -26 28 -28 29 -3
right_child=1 4 -4 -5 -6 13 9 10 12 -11 11 -13 -14 15 -16 17 21 20 -20 -21 -22 -23 -24 -25 25 -27 27 -29 -30 -31
leaf_value=0.025962036637254628 0.026263278816333918 -0.04856659162313471 0.048815593698290485 -0.02374557798634537 0.031916347891819706 0.036047772670715329 -0.044363950439996913 0.073666599675803177 -0.0046661230642054347 -0.060927568189393128 0.039786762258741643 -0.0031411305311955305 -0.059229129136173023 0.064463329270888867 -0.047291351155139175 0.019287323546819279 0.021111044485751827 0.01407113254090984 -0.026336429383398294 -0.028568308055985498 -0.00046730551184152733 -0.026226583412587864 0.049991140715232377 -0.021400676463082701 -0.019801097583496852 0.040105307405538526 0.029878439708768252 -0.053316161295864577 -0.087824168214044235 0.011480790729001503
leaf_weight=1.0018935780972236 0.52569497306831159 0.14175277063623049 0.7840178133919834 0.41667289659380902 0.34417392499744881 0.32941564451902994 0.15526634734123923 0.31576257129199792 1.5216895627090705 0.22639372001867741 0.80528864404186584 0.3909885268076323 0.18138645048020396 0.44992989813908824 0.58937631046865135 0.40759264150983598 0.5602155621163547 2.5889914124272755 2.0178635995252989 0.23069649570970796 111.65301718421688 0.35593761049676687 0.37361822836101055 0.25404809974133968 0.38552637759130448 0.32532389392144978 0.30200859025353566 0.16448880068492144 0.15845229080878198 0.24451224567019381
leaf_count=19 22 8 37 5 12 6 6 4 80 25 31 20 13 7 48 13 18 99 66 28 5037 17 9 18 15 11 15 22 8 21
internal_value=0.000339479 0.0131208 0.0235447 0.0109253 -0.00498365 -4.13583e-05 0.00884671 0.0147593 0.00301942 -0.0139756 0.0357615 0.0257563 -0.0104774 -0.000437316 -0.0196508 -0.000250203 0.0230555 -0.000523093 -0.0186695 0.00943399 -0.00013783 0.00271975 0.0234508 0.0107339 -0.00170284 0.00761534 -0.0175428 0.000543699 -0.0330322 -0.0105556
internal_weight=128.202 3.70944 2.35405 1.57003 1.35539 124.493 5.30952 4.21701 2.70497 1.09251 1.51204 1.19628 1.70308 119.183 1.14949 118.034 1.36608 116.667 2.42546 0.560112 114.242 0.916153 1.15336 0.779743 0.866117 0.71085 1.01121 0.466497 0.544717 0.386265
internal_count=5740 177 91 54 86 5563 224 167 112 57 55 51 93 5339 82 5257 42 5215 79 34 5136 35 49 40 32 26 74 37 37 29
is_linear=0
shrinkage=0.05


Tree=195
num_leaves=25
num_cat=0
split_feature=2 6 1 2 2 0 1 0 6 6 2 2 0 1 3 0 1 2 6 2 6 0 2 6
split_gain=0.294518 0.264349 0.514498 0.419482 0.439844 0.56835 0.196353 0.304235 0.349407 0.277478 0.288668 0.280843 0.248237 0.192648 0.435895 0.480679 0.407767 0.209964 0.302064 0.296582 0.144752 0.117985 0.0507574 0.0502442
threshold=5.7665570805572965 49.500000000000007 8.5500000000000025 2.5501084575884092 2.5296351104100774 0.81667500000000015 8.2500000000000018 0.67250000000000021 28.500000000000004 48.500000000000007 3.7359650897473711 2.8524677714753515 0.72917500000000002 7.7500000000000009 3.5000000000000004 0.96250000000000013 8.2500000000000018 2.8005987924319804 51.500000000000007 3.4762696173592693 27.500000000000004 0.69000000000000006 5.8956072372094459 68.500000000000014
decision_type=2 2 2 2 2 2 2 2 2 2 2 2 2 2 2 2 2 2 2 2 2 2 2 2
left_child=1 3 13 4 5 20 9 8 -8 11 -11 -5 -9 17 15 -15 -16 18 -3 -19 -1 22 -2 -4
right_child=21 2 23 6 -6 -7 7 12 -10 10 -12 -13 -14 14 16 -17 -18 19 -20 -21 -22 -23 -24 -25
leaf_value=0.011704236068145182 0.054376095100547396 -0.056888130456684977 -0.050520630548171457 0.0051067536326368261 0.052418736129562229 0.049596032416200954 0.023398990389654831 0.049312760535001741 -0.012827098146502678 0.02229833877968827 -0.014468326011560468 -0.002274961048046423 0.014131246804502229 -0.012746987172654919 0.013302630043780586 0.019258941607198321 -0.010043543365545669 0.0024679541761646489 -0.0084578288938807061 -0.0075956504413927433 -0.048546136380678832 0.0094071852494587022 0.027101803483381478 -0.09556716782069688
leaf_weight=0.13658052089158335 0.27985049120616057 0.33500381489284237 0.12066681479336594 20.318472011305857 0.86319971410557628 0.36504642013460398 0.96829651820007656 0.59258162043988738 2.1294377621961758 2.7398286820389326 0.66306325152982015 35.220561855559936 3.2582396231591702 6.1750099979035467 9.4438429595902544 1.4482259564101694 2.332235802547074 18.54845920215303 8.2700519850477558 12.095094909280304 0.36906434968113899 0.75275802612304688 0.43687942833639681 0.12710762885399163
leaf_count=8 9 23 14 748 14 7 37 13 123 118 22 1393 75 446 315 25 74 1118 595 486 31 18 17 6
internal_value=0.000976317 0.000717828 -0.00173117 0.00285072 0.0271266 0.00205214 0.00221191 0.0101615 -0.00150347 0.00127475 0.0151342 0.000425575 0.0195451 -0.00142742 0.00264868 -0.00666665 0.00867895 -0.0034421 -0.0103433 -0.00150418 -0.0322718 0.0232317 0.0377512 -0.0736294
internal_weight=127.99 126.52 58.8957 67.6244 1.73389 0.870691 65.8905 6.94856 3.09773 58.9419 3.40289 55.539 3.85082 58.6479 19.3993 7.62324 11.7761 39.2486 8.60506 30.6436 0.505645 1.46949 0.71673 0.247774
internal_count=5735 5691 3102 2589 60 46 2529 248 160 2281 140 2141 88 3082 860 471 389 2222 618 1604 39 44 26 20
is_linear=0
shrinkage=0.05


Tree=196
num_leaves=25
num_cat=0
split_feature=2 6 1 2 2 0 3 1 1 2 2 2 0 6 2 1 2 2 0 2 0 2 2 2
split_gain=0.275132 0.262681 0.452387 0.332603 0.407043 0.504744 0.194212 0.365749 0.364403 0.196371 0.496307 0.192883 0.304881 0.469107 0.272268 1.16757 0.472877 0.17243 0.143098 0.125269 0.105742 0.0632232 0.0152419 0.00464353
threshold=5.7665570805572965 49.500000000000007 8.5500000000000025 2.5501084575884092 2.5296351104100774 0.81667500000000015 4.5000000000000009 5.5500000000000007 6.1500000000000012 2.6336138048967253 2.6546845354323731 2.7607058823271244 0.96250000000000013 56.000000000000007 2.8524677714753515 7.9500000000000011 2.8840101815541477 2.6266587346166723 0.72917500000000002 2.6153478486952397 0.69000000000000006 5.8956072372094459 4.589410143454125 3.2898160384859167
decision_type=2 2 2 2 2 2 2 2 2 2 2 2 2 2 2 2 2 2 2 2 2 2 2 2
left_child=1 3 11 4 5 18 9 22 -9 19 -11 12 13 -3 15 -13 -16 -14 -1 -5 21 -2 -8 -4
right_child=20 2 23 6 -6 -7 7 8 -10 10 -12 14 17 -15 16 -17 -18 -19 -20 -21 -22 -23 -24 -25
leaf_value=-0.015104301985225785 0.053939283655056451 -0.032380291821327505 -0.077799562851415205 -0.0040692498862297038 0.050403482675101342 0.046878885645893362 0.045249172624196442 -0.02715937104646711 -0.00049205862082614253 0.039236122240936935 0.0044966560650733858 -0.0029139956128687713 -0.014319735493154082 -0.0046830395299843576 -0.037789188496765796 0.04270899796962993 -0.00096067883363419213 0.020218988744369223 -0.075218098668007327 -0.034854804116394265 0.009073238653360698 0.024013526108206371 0.028926982936364306 -0.063805925123304186
leaf_weight=0.35673134139506035 0.29047731007449218 2.1122982266242598 0.11539446818642218 2.3239068133989345 0.80728314258158207 0.34736894397065043 0.33021946978988381 1.3514712677570084 24.581699150905479 1.0589019294129673 35.368822710297536 5.5306615392910308 0.5015315138734876 5.5337849122806801 0.89061927673173968 1.8787161594082133 40.828159125390812 1.2929444820620117 0.13702311180531979 0.38521087635308493 0.74491551425307989 0.44977070728782564 0.25231329642701894 0.12191504923976026
leaf_count=34 9 159 8 73 14 7 16 89 996 35 1291 320 14 438 72 79 1964 36 5 21 18 17 8 12
internal_value=0.000978021 0.000726052 -0.00171521 0.00285917 0.025042 0.000700816 0.00230221 -0.00100167 -0.00188179 0.00454062 0.00550648 -0.00143606 -0.00798168 -0.0123347 -0.000178243 0.00865414 -0.0017469 0.0105659 -0.0317866 -0.00844666 0.022373 0.0357566 0.0381795 -0.0706105
internal_weight=127.592 126.107 58.806 67.301 1.64841 0.841123 65.6525 26.5157 25.9332 39.1368 36.4277 58.5687 9.44056 7.64608 49.1282 7.40938 41.7188 1.79448 0.493754 2.70912 1.48516 0.740248 0.582533 0.23731
internal_count=5735 5691 3102 2589 60 46 2529 1109 1085 1420 1326 3082 647 597 2435 399 2036 50 39 94 44 26 24 20
is_linear=0
shrinkage=0.05


Tree=197
num_leaves=31
num_cat=0
split_feature=6 2 2 0 2 6 2 2 0 1 1 5 5 6 5 2 2 5 1 0 5 5 6 2 1 6 2 2 5 0
split_gain=0.230577 0.379403 0.356032 0.399047 0.252125 0.207878 0.320488 0.566494 0.505904 0.205697 0.284791 0.287029 0.273736 0.452767 0.397948 0.268445 0.166714 0.337615 0.35082 0.315915 0.463824 0.344725 0.285914 0.199758 0.787223 0.605381 0.592865 0.610307 0.425757 0.366921
threshold=49.500000000000007 2.5501084575884092 2.5296351104100774 0.81667500000000015 5.8956072372094459 48.500000000000007 4.7816479200715607 3.7155792478796408 0.5837500000000001 8.2500000000000018 7.9500000000000011 0.48331479421579543 0.5128579777907657 39.500000000000007 0.48331479421579543 3.0287554950673337 2.7607058823271244 0.41833333333333339 7.9500000000000011 0.96250000000000013 0.34580419580419586 0.40192307692307699 71.500000000000014 3.0160486938698843 7.6500000000000012 73.500000000000014 3.078801454774291 3.1021172551641576 0.48212005108556838 0.88750000000000007
decision_type=2 2 2 2 2 2 2 2 2 2 2 2 2 2 2 2 2 2 2 2 2 2 2 2 2 2 2 2 2 2
left_child=1 2 3 -1 16 9 7 8 -7 10 15 -12 14 -14 -11 -3 17 19 -19 21 -21 -2 -20 24 29 -26 28 -28 -25 -18
right_child=4 5 -4 -5 -6 6 -8 -9 -10 12 11 -13 13 -15 -16 -17 23 18 22 20 -22 -23 -24 26 25 -27 27 -29 -30 -31
leaf_value=-0.02710121538238109 -0.015245645997850247 0.0061124597685409329 0.050322820473333855 0.044341754214043128 0.038859001763472942 0.046374513444138371 0.066760150616998373 -0.042381625587785035 0.0024416344594175659 0.0094262643789010409 -0.0028527233662880703 -0.02506518657010361 0.015516640234241076 -0.069179163762761647 0.055598444530584983 -0.0014519039705377249 -0.010692022380187563 -0.012861452170515014 -0.077089018756265601 -0.021887022790893534 0.035245035006605176 0.014575599930412046 0.00069918173506162854 -0.014562561189714591 0.02124007777578292 -0.058825603687860398 0.038614769952627893 -0.0015035565264253509 -0.062968875394343801 0.018414345021951325
leaf_weight=0.45911201881244668 3.8723287553875689 23.42512643331429 0.81173808872699738 0.34034805372357368 0.38942582299932738 1.0183149682125079 0.26798156998120237 0.44779555615968991 1.8380831812974063 5.6111558558186507 7.0328016036364698 1.8335264216293579 0.3657711888081393 0.27751439018175006 0.50899698445573438 23.48979471065104 6.4974657722486864 2.0489462597761308 0.44121302891289804 0.51737043354660261 1.1336937020532785 1.2925584129989145 0.16131622772081755 2.6874356372863981 5.9321209577465197 0.24587441235780705 0.9774033801513714 31.499947374308249 0.54665229527745385 1.2992932382039724
leaf_count=39 265 981 14 7 12 73 6 19 54 177 198 77 24 18 18 903 548 211 34 14 27 82 14 158 275 6 53 1342 42 44
internal_value=0.00102914 0.00302461 0.0269974 0.00331366 -0.00124063 0.00244042 0.0141717 0.00990665 0.0181038 0.0017704 0.000771942 -0.00744619 0.0100051 -0.0210213 0.0132663 0.00232506 -0.00150462 -0.00758551 -0.0227241 -0.00169646 0.0173424 -0.00778262 -0.0562626 -0.000345935 0.00472206 0.0180536 -0.00232916 -0.000296199 -0.0227446 -0.00584158
internal_weight=127.271 67.7281 1.6112 0.79946 59.543 66.1169 3.57218 3.30419 2.8564 62.5447 55.7812 8.86633 6.76344 0.643286 6.12015 46.9149 59.1536 9.46743 2.65148 6.81595 1.65106 5.16489 0.602529 49.6862 13.9748 6.178 35.7114 32.4774 3.23409 7.79676
internal_count=5735 2608 60 46 3127 2548 152 146 127 2396 2159 275 237 42 195 1884 3115 647 259 388 41 347 48 2468 873 281 1595 1395 200 592
is_linear=0
shrinkage=0.05


Tree=198
num_leaves=30
num_cat=0
split_feature=6 1 2 2 0 2 6 2 1 2 2 1 1 0 6 2 0 2 2 1 3 0 1 6 2 1 6 6 0
split_gain=0.240531 0.471992 0.397415 0.29279 0.390328 0.209861 0.207698 0.368536 0.570216 0.495599 0.465209 0.235585 0.286322 0.285842 0.358704 0.250679 0.228096 0.225045 0.181432 0.148666 0.545163 0.555144 0.440519 0.351204 0.742867 0.613517 0.133602 0.0507703 0.0385036
threshold=49.500000000000007 8.5500000000000025 2.5501084575884092 2.5296351104100774 0.81667500000000015 5.8956072372094459 48.500000000000007 3.0876272012535479 7.8500000000000005 3.2702910937687597 4.7816479200715607 8.2500000000000018 7.9500000000000011 0.67250000000000021 28.500000000000004 3.5367618019359481 0.72917500000000002 2.8524677714753515 2.9189841598733253 7.6500000000000012 3.5000000000000004 0.54500000000000015 7.9500000000000011 64.000000000000014 3.3848182702787946 7.1500000000000012 26.500000000000004 69.500000000000014 0.72917500000000002
decision_type=2 2 2 2 2 2 2 2 2 2 2 2 2 2 2 2 2 2 2 2 2 2 2 2 2 2 2 2 2
left_child=2 5 3 4 26 19 11 8 18 -9 -11 12 17 14 -13 -14 -15 -4 -8 23 22 -22 -21 25 -25 -2 -1 -3 -28
right_child=1 27 6 -5 -6 -7 7 9 -10 10 -12 13 15 16 -16 -17 -18 -19 -20 20 21 -23 -24 24 -26 -27 28 -29 -30
leaf_value=0.019426163878074495 -0.0005841615183038531 -0.049593205953940678 0.0070575162293949516 0.049051783816373415 0.043197307398942508 0.036238991310642982 -0.0095652190950647406 0.05705721210143725 -0.091859492095866219 -0.0060045541122487785 0.066282057302854233 0.023902348666802492 -0.011387517509257136 0.050695578129517471 -0.012520748623151397 0.010471783310946703 0.015071118092113167 -0.00017024852009879309 0.031731429133850936 -0.028476026777242987 -0.019545515602751824 0.011564576834580099 -0.0014793222937610844 -0.0059305992188013667 0.016257108493754054 -0.018266801050937278 -0.030455025724522744 -0.095541768889390977 -0.067638351611014627
leaf_weight=0.12086191406706237 12.793908750434641 0.1297232513607004 16.733827074756846 0.8039372805505991 0.3903524661436677 0.37828840455040236 0.70087173825595461 0.8393364229705188 0.17102835257537652 1.1152537384768946 0.27806699636857946 1.0075296175782562 7.2147341981763002 0.52400819864124093 2.0540367740322836 1.6029463421727994 3.1526433099061251 30.216598992061336 0.42861413001082838 2.0262568559555829 1.6191972375381727 12.536056589335201 5.9430443699166062 9.938781862350881 6.080426763102877 7.9557265140174414 0.21981147758197039 0.11204248946160078 0.10189534816890955
leaf_count=7 682 15 641 14 7 12 53 18 10 41 6 37 224 11 117 51 72 1243 24 199 162 337 332 735 267 381 27 5 5
internal_value=0.0011511 -0.00116758 0.0031901 0.0275273 0.00675173 -0.000883198 0.00258688 0.014381 -0.00677734 0.0267056 0.00842179 0.00192022 0.000853225 0.0107511 -0.000534287 -0.00741376 0.0201484 0.00240583 0.00610592 -0.00112164 0.00211687 0.00800594 -0.00834344 -0.00307032 0.00249121 -0.00736396 -0.0253938 -0.0708873 -0.0422322
internal_weight=127.19 59.5135 67.6764 1.63686 0.832921 59.2717 66.0395 3.53317 1.30051 2.23266 1.39332 62.5063 55.7681 6.73822 3.06157 8.81768 3.67665 46.9504 1.12949 58.8934 22.1246 14.1553 7.9693 36.7688 16.0192 20.7496 0.442569 0.241766 0.321707
internal_count=5735 3127 2608 60 46 3107 2548 152 87 65 47 2396 2159 237 154 275 83 1884 77 3095 1030 499 531 2065 1002 1063 39 20 32
is_linear=0
shrinkage=0.05


Tree=199
num_leaves=31
num_cat=0
split_feature=2 2 5 2 0 5 2 0 1 0 1 5 0 2 5 2 3 5 5 2 2 3 5 5 2 1 2 2 1 2
split_gain=0.178856 0.554704 0.68692 0.51314 0.470907 0.436186 0.537298 0.439547 0.421099 0.483419 0.624702 0.336283 0.326769 0.25116 0.242643 0.441751 0.229798 0.396846 0.446455 0.441274 0.78679 0.429962 0.392096 0.594765 0.55755 0.514668 0.402607 0.548661 0.344468 0.268227
threshold=2.8524677714753515 2.8005987924319804 0.45620204603580566 2.8768637889878934 0.72917500000000002 0.43167701863354041 2.8393707346920736 0.6316750000000001 6.4500000000000011 0.81667500000000015 6.5500000000000007 0.47420634920634924 0.76500000000000012 2.8586513120689103 0.47987117552334951 2.8161569419805268 4.5000000000000009 0.38548951048951058 0.40609253321117739 3.5635952952329242 3.7621995631308658 3.5000000000000004 0.38006535947712422 0.34514106583072107 3.4988381603527032 8.1500000000000004 5.4024352020554556 4.9909607977472144 8.3500000000000032 3.7359650897473711
decision_type=2 2 2 2 2 2 2 2 2 2 2 2 2 2 2 2 2 2 2 2 2 2 2 2 2 2 2 2 2 2
left_child=1 4 5 13 -1 6 7 -3 -6 12 -11 -4 -10 -2 -13 -16 17 19 29 28 -21 -20 23 24 -18 -25 27 -24 -5 -19
right_child=3 2 11 16 8 -7 -8 -9 9 10 -12 14 -14 -15 15 -17 22 18 21 20 -22 -23 26 25 -26 -27 -28 -29 -30 -31
leaf_value=0.0060731159804050684 -0.016816816953823064 -0.014472292529057761 -0.051224573243145992 0.0075103470852829176 -0.031808740296276693 0.055513385248734039 0.051103885495941415 0.019676324830330882 -0.010105156611465419 -0.046894917735830849 0.0086463572934016835 0.038323947823731538 -0.045950347750846804 -0.062961480209979534 0.018401715876117043 -0.027105691395503624 -0.013648514179811604 -0.01164932793710774 -0.0064082816167083945 0.043124338452627593 -0.0027992450516315581 0.0082686339987773985 -2.6696872827199971e-05 -0.033657873957982802 0.011641105954057278 0.033467398642714856 0.018888519539739149 -0.053214920854899851 -0.014838613302760885 -0.049009298482117727
leaf_weight=17.258752759291387 1.1354958461597551 1.2493088186020012 0.3649425057228658 12.937911913963037 1.4524678927846242 0.88332437374629069 1.0165848302131051 3.8348462216090411 3.9434012472629529 0.54622943373396982 6.9202785305678844 0.35694145044544745 0.75801274529658247 0.39832298550754774 0.98662557243369553 1.1605766968568785 5.1474029548990057 2.974094310135118 9.1962661755969748 2.1921374386874954 1.6233333589043466 10.909742371411994 26.202765494788771 3.1005527866655025 3.7797685457626358 0.31452615256421257 2.8092694723163723 0.49399704439565439 1.9892358515644435 0.57298966636881221
leaf_count=1077 78 103 19 517 64 31 42 98 142 15 191 11 35 23 47 82 254 132 451 64 66 403 1208 203 176 9 81 22 75 16
internal_value=0.00115567 0.00388388 0.0142133 -0.000139837 0.000587886 0.0226749 0.0179202 0.0112851 -0.00636259 -0.00332512 0.00458311 -0.00638435 -0.0158845 -0.0288003 0.000150461 -0.00619533 0.00038198 0.00297647 -0.0013297 0.00841084 0.0235857 0.00155557 -0.00224645 -0.00972962 -0.00294088 -0.0274757 0.000883731 -0.00101089 0.00453206 -0.0176844
internal_weight=126.51 40.7323 9.85315 85.7778 30.8791 6.98406 6.10074 5.08416 13.6204 12.1679 7.46651 2.86909 4.70141 1.53382 2.50414 2.1472 84.244 42.3957 23.6531 18.7426 3.81547 20.106 41.8483 12.3423 8.92717 3.41508 29.506 26.6968 14.9271 3.54708
internal_count=5735 1957 433 3778 1524 274 243 201 447 383 206 159 177 101 140 129 3677 1724 1002 722 130 854 1953 642 430 212 1311 1230 592 148
is_linear=0
shrinkage=0.05


end of trees

feature_importances:
log_popularity=1418
user_like_ratio=1283
user_interaction_count=1073
vote_average=837
similarity=798
decade=343
is_recent=48

parameters:
[boosting: gbdt]
[objective: lambdarank]
[metric: ndcg]
[tree_learner: serial]
[device_type: cpu]
[data_sample_strategy: bagging]
[data: ]
[valid: ]
[num_iterations: 200]
[learning_rate: 0.05]
[num_leaves: 31]
[num_threads: 0]
[seed: 42]
[deterministic: 0]
[force_col_wise: 0]
[force_row_wise: 0]
[histogram_pool_size: -1]
[max_depth: 6]
[min_data_in_leaf: 10]
[min_sum_hessian_in_leaf: 0.001]
[bagging_fraction: 0.8]
[pos_bagging_fraction: 1]
[neg_bagging_fraction: 1]
[bagging_freq: 5]
[bagging_seed: 400]
[bagging_by_query: 0]
[feature_fraction: 0.8]
[feature_fraction_bynode: 1]
[feature_fraction_seed: 30056]
[extra_trees: 0]
[extra_seed: 12879]
[early_stopping_round: 0]
[early_stopping_min_delta: 0]
[first_metric_only: 0]
[max_delta_step: 0]
[lambda_l1: 0]
[lambda_l2: 0]
[linear_lambda: 0]
[min_gain_to_split: 0]
[drop_rate: 0.1]
[max_drop: 50]
[skip_drop: 0.5]
[xgboost_dart_mode: 0]
[uniform_drop: 0]
[drop_seed: 17869]
[top_rate: 0.2]
[other_rate: 0.1]
[min_data_per_group: 100]
[max_cat_threshold: 32]
[cat_l2: 10]
[cat_smooth: 10]
[max_cat_to_onehot: 4]
[top_k: 20]
[monotone_constraints: ]
[monotone_constraints_method: basic]
[monotone_penalty: 0]
[feature_contri: ]
[forcedsplits_filename: ]
[refit_decay_rate: 0.9]
[cegb_tradeoff: 1]
[cegb_penalty_split: 0]
[cegb_penalty_feature_lazy: ]
[cegb_penalty_feature_coupled: ]
[path_smooth: 0]
[interaction_constraints: ]
[verbosity: -1]
[saved_feature_importance_type: 0]
[use_quantized_grad: 0]
[num_grad_quant_bins: 4]
[quant_train_renew_leaf: 0]
[stochastic_rounding: 1]
[linear_tree: 0]
[max_bin: 255]
[max_bin_by_feature: ]
[min_data_in_bin: 3]
[bin_construct_sample_cnt: 200000]
[data_random_seed: 175]
[is_enable_sparse: 1]
[enable_bundle: 1]
[use_missing: 1]
[zero_as_missing: 0]
[feature_pre_filter: 1]
[pre_partition: 0]
[two_round: 0]
[header: 0]
[label_column: ]
[weight_column: ]
[group_column: ]
[ignore_column: ]
[categorical_feature: ]
[forcedbins_filename: ]
[precise_float_parser: 0]
[parser_config_file: ]
[objective_seed: 16083]
[num_class: 1]
[is_unbalance: 0]
[scale_pos_weight: 1]
[sigmoid: 1]
[boost_from_average: 1]
[reg_sqrt: 0]
[alpha: 0.9]
[fair_c: 1]
[poisson_max_delta_step: 0.7]
[tweedie_variance_power: 1.5]
[lambdarank_truncation_level: 10]
[lambdarank_norm: 1]
[label_gain: ]
[lambdarank_position_bias_regularization: 0]
[eval_at: 5,10]
[multi_error_top_k: 1]
[auc_mu_weights: ]
[num_machines: 1]
[local_listen_port: 12400]
[time_out: 120]
[machine_list_filename: ]
[machines: ]
[gpu_platform_id: -1]
[gpu_device_id: -1]
[gpu_use_dp: 0]
[num_gpu: 1]

end of parameters

pandas_categorical:null
